sample_id,source_sample_id,doc_id,block_idx,final_level,final_level_origin,raw_title,path_text,cleaned_title,skip_reason,clean_source,variant_idx,llm_status,llm_attempts,num_variants_per_source,is_t0,doc_granularity,calibration_confidence,calibrated_level
DF0009_00014_01,DF0009_00014,DF0009,14,H1,H1,二、加快完善枢纽规划布局,,加快完善枢纽规划布局,,llm,1,ok,1,1,False,meso,0.92,T2
DF0009_00017_01,DF0009_00017,DF0009,17,H1,H1,三、加快推进基础设施建设,,加快推进基础设施建设,,llm,1,ok,1,1,False,meso,0.92,T2
DF0009_00022_01,DF0009_00022,DF0009,22,H1,H1,四、积极培育多元经营主体,,积极培育多元经营主体,,llm,1,ok,1,1,False,meso,0.92,T2
DF0009_00025_01,DF0009_00025,DF0009,25,H1,H1,五、大力拓展增量市场业务,,大力拓展增量市场业务,,llm,1,ok,1,1,False,meso,0.92,T2
DF0009_00028_01,DF0009_00028,DF0009,28,H1,H1,六、扎实做好货物运输保障,,扎实做好货物运输保障,,llm,1,ok,1,1,False,meso,0.92,T2
DF0009_00032_01,DF0009_00032,DF0009,32,H1,H1,七、提升枢纽智慧绿色水平,,提升枢纽智慧水平,,llm,1,ok,1,2,False,meso,0.92,T2
DF0009_00032_02,DF0009_00032,DF0009,32,H1,H1,七、提升枢纽智慧绿色水平,,提升枢纽绿色水平,,llm,2,ok,1,2,False,meso,0.92,T2
DF0009_00036_01,DF0009_00036,DF0009,36,H1,H1,八、继续做好航空资源保障,,继续做好航空资源保障,,llm,1,ok,1,1,False,meso,0.92,T2
DF0009_00039_01,DF0009_00039,DF0009,39,H1,H1,九、全面改善枢纽运营环境,,全面改善枢纽运营环境,,llm,1,ok,1,1,False,meso,0.92,T2
DF0298_00014_01,DF0298_00014,DF0298,14,H1,H2,（一）加快构建国际航线网络,,加快构建国际航线网络,,llm,1,ok,1,1,False,meso,0.92,T2
DF0298_00015_01,DF0298_00015,DF0298,15,H2,H3,1.完善国际航空货运航线。,（一）加快构建国际航线网络,完善国际航空货运航线,,llm,1,ok,1,1,False,meso,0.92,T3
DF0298_00017_01,DF0298_00017,DF0298,17,H2,H3,2.提升国际货运中转功能。,（一）加快构建国际航线网络,提升国际货运中转功能,,llm,1,ok,1,1,False,meso,0.92,T3
DF0298_00019_01,DF0298_00019,DF0298,19,H1,H2,（二）着力培育市场主体,,培育市场主体,,llm,1,ok,1,1,False,meso,0.92,T2
DF0298_00020_01,DF0298_00020,DF0298,20,H2,H3,3.大力招引货运航空公司。,（二）着力培育市场主体,大力招引货运航空公司,,llm,1,ok,1,1,False,meso,0.92,T3
DF0298_00022_01,DF0298_00022,DF0298,22,H2,H3,4.引进培育总部型货代企业。,（二）着力培育市场主体,引进培育总部型货代企业,,llm,1,ok,1,1,False,meso,0.92,T3
DF0298_00024_01,DF0298_00024,DF0298,24,H1,H2,（三）大力拓展货源腹地,,大力拓展货源腹地,,llm,1,ok,1,1,False,meso,0.92,T2
DF0298_00025_01,DF0298_00025,DF0298,25,H2,H3,5.加快提升揽货集货能力。,（三）大力拓展货源腹地,加快提升揽货集货能力,,llm,1,ok,1,1,False,meso,0.92,T3
DF0298_00027_01,DF0298_00027,DF0298,27,H2,H3,6.推进临空经济发展。,（三）大力拓展货源腹地,推进临空经济发展,,llm,1,ok,1,1,False,meso,0.92,T3
DF0298_00029_01,DF0298_00029,DF0298,29,H1,H2,（四）持续提升服务保障能力,,持续提升服务保障能力,,llm,1,ok,1,1,False,meso,0.92,T2
DF0298_00030_01,DF0298_00030,DF0298,30,H2,H3,7.加快机场基础设施建设。,（四）持续提升服务保障能力,加快机场基础设施建设,,llm,1,ok,1,1,False,meso,0.92,T3
DF0298_00032_01,DF0298_00032,DF0298,32,H2,H3,8.推进集疏运体系建设。,（四）持续提升服务保障能力,推进集疏运体系建设,,llm,1,ok,1,1,False,meso,0.92,T3
DF0298_00034_01,DF0298_00034,DF0298,34,H2,H3,9.完善航空物流配套设施。,（四）持续提升服务保障能力,完善航空物流配套设施,,llm,1,ok,1,1,False,meso,0.92,T3
DF0298_00036_01,DF0298_00036,DF0298,36,H2,H3,10.打造高效便利的营商环境。,（四）持续提升服务保障能力,打造高效便利的营商环境,,llm,1,ok,1,1,False,meso,0.92,T3
DF0298_00038_01,DF0298_00038,DF0298,38,H1,H2,（五）不断强化政策引导支持,,强化政策引导支持,,llm,1,ok,1,1,False,meso,0.92,T2
DF0298_00039_01,DF0298_00039,DF0298,39,H2,H3,11.出台新一轮专项扶持政策。,（五）不断强化政策引导支持,出台新一轮专项扶持政策,,llm,1,ok,1,1,False,meso,0.92,T3
DF0403_00012_01,DF0403_00012,DF0403,12,H1,H1,一、鼓励航空货运市场主体开行全货机定期航线，构建覆盖全球的货运航线网络,,鼓励航空货运市场主体开行全货机定期航线,,llm,1,ok,1,2,False,meso,0.95,T2
DF0403_00012_02,DF0403_00012,DF0403,12,H1,H1,一、鼓励航空货运市场主体开行全货机定期航线，构建覆盖全球的货运航线网络,,构建覆盖全球的货运航线网络,,llm,2,ok,1,2,False,meso,0.95,T2
DF0403_00019_01,DF0403_00019,DF0403,19,H1,H1,二、鼓励航空货运市场主体向成都机场集货，促进航空货量、中转货量增长,,鼓励航空货运市场主体向机场集货,,llm,1,ok,1,3,False,meso,0.95,T2
DF0403_00019_02,DF0403_00019,DF0403,19,H1,H1,二、鼓励航空货运市场主体向成都机场集货，促进航空货量、中转货量增长,,促进航空货量增长,,llm,2,ok,1,3,False,meso,0.95,T2
DF0403_00019_03,DF0403_00019,DF0403,19,H1,H1,二、鼓励航空货运市场主体向成都机场集货，促进航空货量、中转货量增长,,促进中转货量增长,,llm,3,ok,1,3,False,meso,0.95,T2
DF0403_00027_01,DF0403_00027,DF0403,27,H1,H1,三、鼓励在成都新设立基地货运航空公司，增加全货机运力,,鼓励新设立基地货运航空公司,,llm,1,ok,1,2,False,meso,0.95,T2
DF0403_00027_02,DF0403_00027,DF0403,27,H1,H1,三、鼓励在成都新设立基地货运航空公司，增加全货机运力,,增加全货机运力,,llm,2,ok,1,2,False,meso,0.95,T2
DF0403_00032_01,DF0403_00032,DF0403,32,H1,H1,四、鼓励在成都新设立国际航空货运转运（分拨）中心，提升航空货运枢纽集疏运能力,,鼓励新设立国际航空货运转运分拨中心,,llm,1,ok,1,2,False,meso,0.95,T2
DF0403_00032_02,DF0403_00032,DF0403,32,H1,H1,四、鼓励在成都新设立国际航空货运转运（分拨）中心，提升航空货运枢纽集疏运能力,,提升航空货运枢纽集疏运能力,,llm,2,ok,1,2,False,meso,0.95,T2
DF0403_00038_01,DF0403_00038,DF0403,38,H1,H1,五、提升空港口岸作业效率，减免口岸及货站操作处置费用,,提升空港口岸作业效率,,llm,1,ok,1,2,False,meso,0.95,T2
DF0403_00038_02,DF0403_00038,DF0403,38,H1,H1,五、提升空港口岸作业效率，减免口岸及货站操作处置费用,,减免口岸及货站操作处置费用,,llm,2,ok,1,2,False,meso,0.95,T2
DF0459_00010_01,DF0459_00010,DF0459,10,H1,H2,（一）提升货运设施保障能力。,,提升货运设施保障能力,,llm,1,ok,1,1,False,meso,0.92,T2
DF0459_00011_01,DF0459_00011,DF0459,11,H2,H3,1.加强基础设施建设。,（一）提升货运设施保障能力。,加强基础设施建设,,llm,1,ok,1,1,False,meso,0.92,T3
DF0459_00013_01,DF0459_00013,DF0459,13,H2,H3,2.提升装备专业化水平。,（一）提升货运设施保障能力。,提升装备专业化水平,,llm,1,ok,1,1,False,meso,0.92,T3
DF0459_00015_01,DF0459_00015,DF0459,15,H1,H2,（二）构建全球航空货运网络。,,构建全球航空货运网络,,llm,1,ok,1,1,False,meso,0.92,T2
DF0459_00016_01,DF0459_00016,DF0459,16,H2,H3,1.打造精品航线网络。,（二）构建全球航空货运网络。,打造精品航线网络,,llm,1,ok,1,1,False,meso,0.92,T3
DF0459_00018_01,DF0459_00018,DF0459,18,H2,H3,2.提升中转联运功能。,（二）构建全球航空货运网络。,提升中转联运功能,,llm,1,ok,1,1,False,meso,0.92,T3
DF0459_00020_01,DF0459_00020,DF0459,20,H2,H3,3.强化行业资源供给。,（二）构建全球航空货运网络。,强化行业资源供给,,llm,1,ok,1,1,False,meso,0.92,T3
DF0459_00022_01,DF0459_00022,DF0459,22,H1,H2,（三）增强市场培育组织能力。,,增强市场培育组织能力,,llm,1,ok,1,1,False,meso,0.92,T2
DF0459_00023_01,DF0459_00023,DF0459,23,H2,H3,1.提升运力供给水平。,（三）增强市场培育组织能力。,提升运力供给水平,,llm,1,ok,1,1,False,meso,0.92,T3
DF0459_00025_01,DF0459_00025,DF0459,25,H2,H3,2.培育物流龙头企业。,（三）增强市场培育组织能力。,培育物流龙头企业,,llm,1,ok,1,1,False,meso,0.92,T3
DF0459_00027_01,DF0459_00027,DF0459,27,H2,H3,3.提升货源组织能力。,（三）增强市场培育组织能力。,提升货源组织能力,,llm,1,ok,1,1,False,meso,0.92,T3
DF0459_00029_01,DF0459_00029,DF0459,29,H2,H3,4.推进临空经济发展。,（三）增强市场培育组织能力。,推进临空经济发展,,llm,1,ok,1,1,False,meso,0.92,T3
DF0459_00031_01,DF0459_00031,DF0459,31,H1,H2,（四）提高物流服务保障效率。,,提高物流服务保障效率,,llm,1,ok,1,1,False,meso,0.92,T2
DF0459_00032_01,DF0459_00032,DF0459,32,H2,H3,1.强化服务保障能力。,（四）提高物流服务保障效率。,强化服务保障能力,,llm,1,ok,1,1,False,meso,0.92,T3
DF0459_00034_01,DF0459_00034,DF0459,34,H2,H3,2.优化简化安检流程。,（四）提高物流服务保障效率。,优化简化安检流程,,llm,1,ok,1,1,False,meso,0.92,T3
DF0459_00036_01,DF0459_00036,DF0459,36,H2,H3,3.提升口岸通关效率。,（四）提高物流服务保障效率。,提升口岸通关效率,,llm,1,ok,1,1,False,meso,0.92,T3
DF0459_00038_01,DF0459_00038,DF0459,38,H2,H3,4.推进智慧物流建设。,（四）提高物流服务保障效率。,推进智慧物流建设,,llm,1,ok,1,1,False,meso,0.92,T3
DF0542_00009_01,DF0542_00009,DF0542,9,H1,H1,二、强化基础能力保障,,强化基础能力保障,,llm,1,ok,1,1,False,meso,0.92,T2
DF0542_00010_01,DF0542_00010,DF0542,10,H2,H2,（一）加快基础设施建设。,二、强化基础能力保障,加快基础设施建设,,llm,1,ok,1,1,False,meso,0.92,T3
DF0542_00012_01,DF0542_00012,DF0542,12,H2,H2,（二）推进集疏运体系建设。,二、强化基础能力保障,推进集疏运体系建设,,llm,1,ok,1,1,False,meso,0.92,T3
DF0542_00014_01,DF0542_00014,DF0542,14,H2,H2,（三）提升设施装备供给水平。,二、强化基础能力保障,提升设施装备供给水平,,llm,1,ok,1,1,False,meso,0.92,T3
DF0542_00016_01,DF0542_00016,DF0542,16,H1,H1,三、构建全球国际航线网络,,构建全球国际航线网络,,llm,1,ok,1,1,False,meso,0.92,T2
DF0542_00017_01,DF0542_00017,DF0542,17,H2,H2,（一）完善国际航空货运航线。,三、构建全球国际航线网络,完善国际航空货运航线,,llm,1,ok,1,1,False,meso,0.92,T3
DF0542_00019_01,DF0542_00019,DF0542,19,H2,H2,（二）提升国际货运中转功能。,三、构建全球国际航线网络,提升国际货运中转功能,,llm,1,ok,1,1,False,meso,0.92,T3
DF0542_00021_01,DF0542_00021,DF0542,21,H2,H2,（三）加大国际航空货运航班时刻供给。,三、构建全球国际航线网络,加大国际航空货运航班时刻供给,,llm,1,ok,1,1,False,meso,0.92,T3
DF0542_00023_01,DF0542_00023,DF0542,23,H1,H1,四、强化市场培育,,强化市场培育,,llm,1,ok,1,1,False,meso,0.92,T2
DF0542_00024_01,DF0542_00024,DF0542,24,H2,H2,（一）引进培育货运龙头企业。,四、强化市场培育,引进培育货运龙头企业,,llm,1,ok,1,1,False,meso,0.92,T3
DF0542_00026_01,DF0542_00026,DF0542,26,H2,H2,（二）推进临空经济发展。,四、强化市场培育,推进临空经济发展,,llm,1,ok,1,1,False,meso,0.92,T3
DF0542_00028_01,DF0542_00028,DF0542,28,H1,H1,五、提升服务管理水平,,提升服务管理水平,,llm,1,ok,1,1,False,meso,0.92,T2
DF0542_00029_01,DF0542_00029,DF0542,29,H2,H2,（一）打造高效便利的口岸营商环境。,五、提升服务管理水平,打造高效便利的口岸营商环境,,llm,1,ok,1,1,False,meso,0.92,T3
DF0542_00031_01,DF0542_00031,DF0542,31,H2,H2,（二）提升跨境电子商务国际货运服务能力。,五、提升服务管理水平,提升跨境电子商务国际货运服务能力,,llm,1,ok,1,1,False,meso,0.92,T3
DF0542_00033_01,DF0542_00033,DF0542,33,H2,H2,（三）推进智慧物流建设。,五、提升服务管理水平,推进智慧物流建设,,llm,1,ok,1,1,False,meso,0.92,T3
DF0542_00035_01,DF0542_00035,DF0542,35,H2,H2,（四）创新发展管理模式。,五、提升服务管理水平,创新发展管理模式,,llm,1,ok,1,1,False,meso,0.92,T3
DF0865_00024_01,DF0865_00024,DF0865,24,H1,H2,（一）强化战略统筹引领,,强化战略统筹引领,,llm,1,ok,1,1,False,meso,0.92,T2
DF0865_00025_01,DF0865_00025,DF0865,25,H2,H3,1.加强规划顶层设计。,（一）强化战略统筹引领,加强规划顶层设计,,llm,1,ok,1,1,False,meso,0.92,T3
DF0865_00027_01,DF0865_00027,DF0865,27,H2,H3,2.推动区域机场合作。,（一）强化战略统筹引领,推动区域机场合作,,llm,1,ok,1,1,False,meso,0.92,T3
DF0865_00029_01,DF0865_00029,DF0865,29,H1,H2,（二）加强空地资源保障,,加强空地资源保障,,llm,1,ok,1,1,False,meso,0.92,T2
DF0865_00030_01,DF0865_00030,DF0865,30,H2,H3,3.加快机场货运重大项目建设。,（二）加强空地资源保障,加快机场货运重大项目建设,,llm,1,ok,1,1,False,meso,0.92,T3
DF0865_00032_01,DF0865_00032,DF0865,32,H2,H3,4.提高航线网络全球通达性。,（二）加强空地资源保障,提高航线网络全球通达性,,llm,1,ok,1,1,False,meso,0.92,T3
DF0865_00034_01,DF0865_00034,DF0865,34,H2,H3,5.完善机场地区交通集疏运体系。,（二）加强空地资源保障,完善机场地区交通集疏运体系,,llm,1,ok,1,1,False,meso,0.92,T3
DF0865_00036_01,DF0865_00036,DF0865,36,H1,H2,（三）集聚优质市场主体,,集聚优质市场主体,,llm,1,ok,1,1,False,meso,0.92,T2
DF0865_00037_01,DF0865_00037,DF0865,37,H2,H3,6.支持多元市场主体在沪发展。,（三）集聚优质市场主体,支持多元市场主体发展,,llm,1,ok,1,1,False,meso,0.92,T3
DF0865_00039_01,DF0865_00039,DF0865,39,H2,H3,7.鼓励市场主体加强货运能力建设。,（三）集聚优质市场主体,鼓励市场主体加强货运能力建设,,llm,1,ok,1,1,False,meso,0.92,T3
DF0865_00041_01,DF0865_00041,DF0865,41,H1,H2,（四）拓展增量市场业务,,拓展增量市场业务,,llm,1,ok,1,1,False,meso,0.92,T2
DF0865_00042_01,DF0865_00042,DF0865,42,H2,H3,8.大力发展货运中转业务。,（四）拓展增量市场业务,大力发展货运中转业务,,llm,1,ok,1,1,False,meso,0.92,T3
DF0865_00044_01,DF0865_00044,DF0865,44,H2,H3,9.拓展航空货运细分领域。,（四）拓展增量市场业务,拓展航空货运细分领域,,llm,1,ok,1,1,False,meso,0.92,T3
DF0865_00046_01,DF0865_00046,DF0865,46,H2,H3,10.推动多式联运发展。,（四）拓展增量市场业务,推动多式联运发展,,llm,1,ok,1,1,False,meso,0.92,T3
DF0865_00048_01,DF0865_00048,DF0865,48,H1,H2,（五）营造宜商宜业环境,,营造宜商宜业环境,,llm,1,ok,1,1,False,meso,0.92,T2
DF0865_00049_01,DF0865_00049,DF0865,49,H2,H3,11.促进信息资源互联共享。,（五）营造宜商宜业环境,促进信息资源互联共享,,llm,1,ok,1,1,False,meso,0.92,T3
DF0865_00051_01,DF0865_00051,DF0865,51,H2,H3,12.优化简化货物安检流程。,（五）营造宜商宜业环境,优化简化货物安检流程,,llm,1,ok,1,1,False,meso,0.92,T3
DF0865_00053_01,DF0865_00053,DF0865,53,H2,H3,13.提升口岸通关便利化水平。,（五）营造宜商宜业环境,提升口岸通关便利化水平,,llm,1,ok,1,1,False,meso,0.92,T3
DF0865_00055_01,DF0865_00055,DF0865,55,H1,H2,（六）推动区港联动发展,,推动区港联动发展,,llm,1,ok,1,1,False,meso,0.92,T2
DF0865_00056_01,DF0865_00056,DF0865,56,H2,H3,14.加强浦东国际机场与周边区域联动。,（六）推动区港联动发展,加强国际机场与周边区域联动,,llm,1,ok,1,1,False,meso,0.92,T3
DF0865_00058_01,DF0865_00058,DF0865,58,H2,H3,15.加强与重点产业园区对接。,（六）推动区港联动发展,加强与重点产业园区对接,,llm,1,ok,1,1,False,meso,0.92,T3
DF0865_00060_01,DF0865_00060,DF0865,60,H2,H3,16.促进航空货运相关产业发展。,（六）推动区港联动发展,促进航空货运相关产业发展,,llm,1,ok,1,1,False,meso,0.92,T3
DF0865_00062_01,DF0865_00062,DF0865,62,H1,H2,（七）提高智慧韧性水平,,提高智慧韧性水平,,llm,1,ok,1,1,False,meso,0.92,T2
DF0865_00063_01,DF0865_00063,DF0865,63,H2,H3,17.提升航空货运智慧化水平。,（七）提高智慧韧性水平,提升航空货运智慧化水平,,llm,1,ok,1,1,False,meso,0.92,T3
DF0865_00065_01,DF0865_00065,DF0865,65,H2,H3,18.提升航空货运安全韧性水平。,（七）提高智慧韧性水平,提升航空货运安全韧性水平,,llm,1,ok,1,1,False,meso,0.92,T3
DF0865_00067_01,DF0865_00067,DF0865,67,H2,H3,19.推动航空货运绿色低碳发展。,（七）提高智慧韧性水平,推动航空货运绿色低碳发展,,llm,1,ok,1,1,False,meso,0.92,T3
DF0865_00069_01,DF0865_00069,DF0865,69,H1,H2,（八）加强政策协同创新,,加强政策协同创新,,llm,1,ok,1,1,False,meso,0.92,T2
DF0865_00070_01,DF0865_00070,DF0865,70,H2,H3,20.争取民航、海关等国家政策支持。,（八）加强政策协同创新,争取民航国家政策支持,,llm,1,ok,1,2,False,meso,0.92,T3
DF0865_00070_02,DF0865_00070,DF0865,70,H2,H3,20.争取民航、海关等国家政策支持。,（八）加强政策协同创新,争取海关国家政策支持,,llm,2,ok,1,2,False,meso,0.92,T3
DF0865_00072_01,DF0865_00072,DF0865,72,H2,H3,21.给予财政、土地、人才等地方政策支持。研究制订新一轮航 空枢纽建设专项扶持办法，加强对航空货运发展方面的支持。严格 落实集约节约用地原则，整合盘活低效闲置土地资源，强化对航空 货运枢纽建设项目用地支持。加强航空货运人才队伍建设，鼓励科 研机构搭建研究平台，发挥决策咨询和智囊作用。（责任单位：市 发展改革委、市财政局、市规划资源局、市交通委，机场集团),（八）加强政策协同创新,给予财政土地人才等地方政策支持,,llm,1,ok,1,3,False,meso,0.92,T3
DF0865_00072_02,DF0865_00072,DF0865,72,H2,H3,21.给予财政、土地、人才等地方政策支持。研究制订新一轮航 空枢纽建设专项扶持办法，加强对航空货运发展方面的支持。严格 落实集约节约用地原则，整合盘活低效闲置土地资源，强化对航空 货运枢纽建设项目用地支持。加强航空货运人才队伍建设，鼓励科 研机构搭建研究平台，发挥决策咨询和智囊作用。（责任单位：市 发展改革委、市财政局、市规划资源局、市交通委，机场集团),（八）加强政策协同创新,研究制订航空枢纽建设专项扶持办法加强对航空货运发展方面的支持,,llm,2,ok,1,3,False,meso,0.92,T3
DF0865_00072_03,DF0865_00072,DF0865,72,H2,H3,21.给予财政、土地、人才等地方政策支持。研究制订新一轮航 空枢纽建设专项扶持办法，加强对航空货运发展方面的支持。严格 落实集约节约用地原则，整合盘活低效闲置土地资源，强化对航空 货运枢纽建设项目用地支持。加强航空货运人才队伍建设，鼓励科 研机构搭建研究平台，发挥决策咨询和智囊作用。（责任单位：市 发展改革委、市财政局、市规划资源局、市交通委，机场集团),（八）加强政策协同创新,整合盘活低效闲置土地资源强化对航空货运枢纽建设项目用地支持,,llm,3,ok,1,3,False,meso,0.92,T3
DF1176_00023_01,DF1176_00023,DF1176,23,H1,H2,（一）聚集航空物流资源要素,,聚集航空物流资源要素,,llm,1,ok,1,1,False,meso,0.92,T2
DF1176_00024_01,DF1176_00024,DF1176,24,H2,H3,1．助力基地航空公司发展。,（一）聚集航空物流资源要素,助力基地航空公司发展,,llm,1,ok,1,1,False,meso,0.92,T3
DF1176_00026_01,DF1176_00026,DF1176,26,H2,H3,2．大力培育适航产业。,（一）聚集航空物流资源要素,大力培育适航产业,,llm,1,ok,1,1,False,meso,0.92,T3
DF1176_00028_01,DF1176_00028,DF1176,28,H1,H2,（二）优化航空口岸服务环境,,优化航空口岸服务环境,,llm,1,ok,1,1,False,meso,0.92,T2
DF1176_00029_01,DF1176_00029,DF1176,29,H2,H3,3．丰富航空口岸功能。,（二）优化航空口岸服务环境,丰富航空口岸功能,,llm,1,ok,1,1,False,meso,0.92,T3
DF1176_00031_01,DF1176_00031,DF1176,31,H2,H3,4．提升口岸通关便利化。,（二）优化航空口岸服务环境,提升口岸通关便利化,,llm,1,ok,1,1,False,meso,0.92,T3
DF1176_00033_01,DF1176_00033,DF1176,33,H1,H2,（三）增强航空物流服务能力,,增强航空物流服务能力,,llm,1,ok,1,1,False,meso,0.92,T2
DF1176_00034_01,DF1176_00034,DF1176,34,H2,H3,5．加快国际航空物流中心载体建设。,（三）增强航空物流服务能力,加快国际航空物流中心载体建设,,llm,1,ok,1,1,False,meso,0.92,T3
DF1176_00036_01,DF1176_00036,DF1176,36,H2,H3,6．加快实施货运通道建设。,（三）增强航空物流服务能力,加快实施货运通道建设,,llm,1,ok,1,1,False,meso,0.92,T3
DF1176_00038_01,DF1176_00038,DF1176,38,H1,H2,（四）丰富多式联运体系,,丰富多式联运体系,,llm,1,ok,1,1,False,meso,0.92,T2
DF1176_00039_01,DF1176_00039,DF1176,39,H2,H3,7．做大空空中转业务。,（四）丰富多式联运体系,做大空空中转业务,,llm,1,ok,1,1,False,meso,0.92,T3
DF1176_00041_01,DF1176_00041,DF1176,41,H2,H3,8．做实空地联运业务。,（四）丰富多式联运体系,做实空地联运业务,,llm,1,ok,1,1,False,meso,0.92,T3
DF1176_00043_01,DF1176_00043,DF1176,43,H1,H2,（五）提升航空物流通达能力,,提升航空物流通达能力,,llm,1,ok,1,1,False,meso,0.92,T2
DF1176_00044_01,DF1176_00044,DF1176,44,H2,H3,9．增加机场高峰小时容量。,（五）提升航空物流通达能力,增加机场高峰小时容量,,llm,1,ok,1,1,False,meso,0.92,T3
DF1176_00046_01,DF1176_00046,DF1176,46,H2,H3,10．优化客货运航线网络。,（五）提升航空物流通达能力,优化客货运航线网络,,llm,1,ok,1,1,False,meso,0.92,T3
DF1185_00050_01,DF1185_00050,DF1185,50,H1,H1,三、集中力量建设中国国际航空物流中心,,集中力量建设中国国际航空物流中心,,llm,1,ok,1,1,False,meso,0.92,T2
DF1185_00052_01,DF1185_00052,DF1185,52,H2,H2,（一）强化天津滨海国际机场货运枢纽地位,三、集中力量建设中国国际航空物流中心,强化货运枢纽地位,,llm,1,ok,1,1,False,meso,0.92,T3
DF1185_00054_01,DF1185_00054,DF1185,54,H2,H2,（二）加快中国国际航空物流中心载体建设,三、集中力量建设中国国际航空物流中心,加快中国国际航空物流中心载体建设,,llm,1,ok,1,1,False,meso,0.92,T3
DF1185_00058_01,DF1185_00058,DF1185,58,H2,H2,（三）拓展航空物流货源市场,三、集中力量建设中国国际航空物流中心,拓展航空物流货源市场,,llm,1,ok,1,1,False,meso,0.92,T3
DF1185_00060_01,DF1185_00060,DF1185,60,H2,H2,（四）优化航空物流产业生态系统,三、集中力量建设中国国际航空物流中心,优化航空物流产业生态系统,,llm,1,ok,1,1,False,meso,0.92,T3
DF1185_00062_01,DF1185_00062,DF1185,62,H1,H1,四、持续夯实天津滨海国际机场空侧基础保障,,持续夯实机场空侧基础保障,,llm,1,ok,1,1,False,meso,0.92,T2
DF1185_00064_01,DF1185_00064,DF1185,64,H2,H2,（一）引育货运基地航空公司,四、持续夯实天津滨海国际机场空侧基础保障,引育货运基地航空公司,,llm,1,ok,1,1,False,meso,0.92,T3
DF1185_00066_01,DF1185_00066,DF1185,66,H2,H2,（二）统筹一级货站功能,四、持续夯实天津滨海国际机场空侧基础保障,统筹一级货站功能,,llm,1,ok,1,1,False,meso,0.92,T3
DF1185_00068_01,DF1185_00068,DF1185,68,H2,H2,（三）完善货运航线网络,四、持续夯实天津滨海国际机场空侧基础保障,完善货运航线网络,,llm,1,ok,1,1,False,meso,0.92,T3
DF1185_00070_01,DF1185_00070,DF1185,70,H2,H2,（四）优化空空中转业务,四、持续夯实天津滨海国际机场空侧基础保障,优化空空中转业务,,llm,1,ok,1,1,False,meso,0.92,T3
DF1185_00072_01,DF1185_00072,DF1185,72,H1,H1,五、畅通天津滨海国际机场陆侧货运物流体系,,畅通机场陆侧货运物流体系,,llm,1,ok,1,1,False,meso,0.92,T2
DF1185_00074_01,DF1185_00074,DF1185,74,H2,H2,（一）增强天津滨海国际机场集疏运能力,五、畅通天津滨海国际机场陆侧货运物流体系,增强机场集疏运能力,,llm,1,ok,1,1,False,meso,0.92,T3
DF1185_00076_01,DF1185_00076,DF1185,76,H2,H2,（二）构建大物流多式联运体系,五、畅通天津滨海国际机场陆侧货运物流体系,构建大物流多式联运体系,,llm,1,ok,1,1,False,meso,0.92,T3
DF1185_00078_01,DF1185_00078,DF1185,78,H1,H1,六、大力开拓航空物流新兴业态,,大力开拓航空物流新兴业态,,llm,1,ok,1,1,False,meso,0.92,T2
DF1185_00080_01,DF1185_00080,DF1185,80,H2,H2,（一）逐步完善冷链物流产业,六、大力开拓航空物流新兴业态,逐步完善冷链物流产业,,llm,1,ok,1,1,False,meso,0.92,T3
DF1185_00081_01,DF1185_00081,DF1185,81,H3,H3,推进冷链物流基础设施建设。,六、大力开拓航空物流新兴业态 > （一）逐步完善冷链物流产业,推进冷链物流基础设施建设,,llm,1,ok,1,1,False,meso,0.92,T4
DF1185_00083_01,DF1185_00083,DF1185,83,H3,H3,完善冷链物流标准化体系。,六、大力开拓航空物流新兴业态 > （一）逐步完善冷链物流产业,完善冷链物流标准化体系,,llm,1,ok,1,1,False,meso,0.92,T4
DF1185_00085_01,DF1185_00085,DF1185,85,H3,H3,完善冷链物流监管、溯源与信用体系,六、大力开拓航空物流新兴业态 > （一）逐步完善冷链物流产业,完善冷链物流监管,,llm,1,ok,1,3,False,meso,0.92,T4
DF1185_00085_02,DF1185_00085,DF1185,85,H3,H3,完善冷链物流监管、溯源与信用体系,六、大力开拓航空物流新兴业态 > （一）逐步完善冷链物流产业,完善冷链物流溯源,,llm,2,ok,1,3,False,meso,0.92,T4
DF1185_00085_03,DF1185_00085,DF1185,85,H3,H3,完善冷链物流监管、溯源与信用体系,六、大力开拓航空物流新兴业态 > （一）逐步完善冷链物流产业,完善冷链物流信用体系,,llm,3,ok,1,3,False,meso,0.92,T4
DF1185_00087_01,DF1185_00087,DF1185,87,H2,H2,（二）积极推进跨境电商发展,六、大力开拓航空物流新兴业态,积极推进跨境电商发展,,llm,1,ok,1,1,False,meso,0.92,T3
DF1185_00088_01,DF1185_00088,DF1185,88,H3,H3,推进跨境电商产业园区建设。,六、大力开拓航空物流新兴业态 > （二）积极推进跨境电商发展,推进跨境电商产业园区建设,,llm,1,ok,1,1,False,meso,0.92,T4
DF1185_00090_01,DF1185_00090,DF1185,90,H3,H3,加快建设跨境电商产业集群。,六、大力开拓航空物流新兴业态 > （二）积极推进跨境电商发展,加快建设跨境电商产业集群,,llm,1,ok,1,1,False,meso,0.92,T4
DF1185_00092_01,DF1185_00092,DF1185,92,H3,H3,推动跨境电商企业数字化转型。,六、大力开拓航空物流新兴业态 > （二）积极推进跨境电商发展,推动跨境电商企业数字化转型,,llm,1,ok,1,1,False,meso,0.92,T4
DF1185_00094_01,DF1185_00094,DF1185,94,H2,H2,（三）发展航空中转集拼业务,六、大力开拓航空物流新兴业态,发展航空中转集拼业务,,llm,1,ok,1,1,False,meso,0.92,T3
DF1185_00095_01,DF1185_00095,DF1185,95,H3,H3,加快中转硬件设施配套。,六、大力开拓航空物流新兴业态 > （三）发展航空中转集拼业务,加快中转硬件设施配套,,llm,1,ok,1,1,False,meso,0.92,T4
DF1185_00097_01,DF1185_00097,DF1185,97,H3,H3,优化企业运营软环境。,六、大力开拓航空物流新兴业态 > （三）发展航空中转集拼业务,优化企业运营软环境,,llm,1,ok,1,1,False,meso,0.92,T4
DF1185_00099_01,DF1185_00099,DF1185,99,H3,H3,成立货运机场联盟。,六、大力开拓航空物流新兴业态 > （三）发展航空中转集拼业务,成立货运机场联盟,,llm,1,ok,1,1,False,meso,0.92,T4
DF1185_00101_01,DF1185_00101,DF1185,101,H2,H2,（四）建设货运包机运营基地,六、大力开拓航空物流新兴业态,建设货运包机运营基地,,llm,1,ok,1,1,False,meso,0.92,T3
DF1185_00102_01,DF1185_00102,DF1185,102,H3,H3,持续发力全货运包机业务。,六、大力开拓航空物流新兴业态 > （四）建设货运包机运营基地,持续发力全货运包机业务,,llm,1,ok,1,1,False,meso,0.92,T4
DF1185_00104_01,DF1185_00104,DF1185,104,H3,H3,健全应急物流包机服务体系。,六、大力开拓航空物流新兴业态 > （四）建设货运包机运营基地,健全应急物流包机服务体系,,llm,1,ok,1,1,False,meso,0.92,T4
DF1185_00106_01,DF1185_00106,DF1185,106,H2,H2,（五）进一步优化供应链管理,六、大力开拓航空物流新兴业态,进一步优化供应链管理,,llm,1,ok,1,1,False,meso,0.92,T3
DF1185_00107_01,DF1185_00107,DF1185,107,H3,H3,建立供应链服务平台。,六、大力开拓航空物流新兴业态 > （五）进一步优化供应链管理,建立供应链服务平台,,llm,1,ok,1,1,False,meso,0.92,T4
DF1185_00109_01,DF1185_00109,DF1185,109,H3,H3,加强同制造业融合发展。,六、大力开拓航空物流新兴业态 > （五）进一步优化供应链管理,加强同制造业融合发展,,llm,1,ok,1,1,False,meso,0.92,T4
DF1185_00111_01,DF1185_00111,DF1185,111,H3,H3,推动供应链金融快速发展。,六、大力开拓航空物流新兴业态 > （五）进一步优化供应链管理,推动供应链金融快速发展,,llm,1,ok,1,1,False,meso,0.92,T4
DF1185_00113_01,DF1185_00113,DF1185,113,H1,H1,七、优化拓展天津航空口岸服务功能,,优化拓展航空口岸服务功能,,llm,1,ok,1,1,False,meso,0.92,T2
DF1185_00115_01,DF1185_00115,DF1185,115,H2,H2,（一）提高口岸通关便利化水平,七、优化拓展天津航空口岸服务功能,提高口岸通关便利化水平,,llm,1,ok,1,1,False,meso,0.92,T3
DF1185_00120_01,DF1185_00120,DF1185,120,H2,H2,（二）加快大通关基地建设运营,七、优化拓展天津航空口岸服务功能,加快大通关基地建设运营,,llm,1,ok,1,1,False,meso,0.92,T3
DF1185_00121_01,DF1185_00121,DF1185,121,H3,H3,突破传统监管模式。,七、优化拓展天津航空口岸服务功能 > （二）加快大通关基地建设运营,突破传统监管模式,,llm,1,ok,1,1,False,meso,0.92,T4
DF1185_00123_01,DF1185_00123,DF1185,123,H3,H3,实行“一站式”通关作业模式。,七、优化拓展天津航空口岸服务功能 > （二）加快大通关基地建设运营,实行一站式通关作业模式,,llm,1,ok,1,1,False,meso,0.92,T4
DF1185_00125_01,DF1185_00125,DF1185,125,H3,H3,搭建通关申报“单一窗口”平台。,七、优化拓展天津航空口岸服务功能 > （二）加快大通关基地建设运营,搭建通关申报单一窗口平台,,llm,1,ok,1,1,False,meso,0.92,T4
DF1185_00127_01,DF1185_00127,DF1185,127,H3,H3,强化大通关基地与自贸试验区天津机场片区联动发展。,七、优化拓展天津航空口岸服务功能 > （二）加快大通关基地建设运营,强化大通关基地与自贸试验区机场片区联动发展,,llm,1,ok,1,1,False,meso,0.92,T4
DF1185_00129_01,DF1185_00129,DF1185,129,H2,H2,（三）推动口岸和综合保税区功能融合,七、优化拓展天津航空口岸服务功能,推动口岸和综合保税区功能融合,,llm,1,ok,1,1,False,meso,0.92,T3
DF1185_00131_01,DF1185_00131,DF1185,131,H2,H2,（四）发挥自贸试验区优势赋能临空产业发展,七、优化拓展天津航空口岸服务功能,发挥自贸试验区优势赋能临空产业发展,,llm,1,ok,1,1,False,meso,0.92,T3
DF1322_00013_01,DF1322_00013,DF1322,13,H1,H2,（一）优化拓展货运航线网络,,优化拓展货运航线网络,,llm,1,ok,1,1,False,meso,0.92,T2
DF1322_00015_01,DF1322_00015,DF1322,15,H1,H2,（二）培育引入关键市场主体,,培育关键市场主体,,llm,1,ok,1,2,False,meso,0.92,T2
DF1322_00015_02,DF1322_00015,DF1322,15,H1,H2,（二）培育引入关键市场主体,,引入关键市场主体,,llm,2,ok,1,2,False,meso,0.92,T2
DF1322_00017_01,DF1322_00017,DF1322,17,H1,H2,（三）提升口岸服务效能,,提升口岸服务效能,,llm,1,ok,1,1,False,meso,0.92,T2
DF1322_00019_01,DF1322_00019,DF1322,19,H1,H2,（四）完善机场货运基础设施,,完善机场货运基础设施,,llm,1,ok,1,1,False,meso,0.92,T2
DF1322_00021_01,DF1322_00021,DF1322,21,H1,H2,（五）完善多式联运体系,,完善多式联运体系,,llm,1,ok,1,1,False,meso,0.92,T2
DF1322_00023_01,DF1322_00023,DF1322,23,H1,H2,（六）大力发展航空经济,,大力发展航空经济,,llm,1,ok,1,1,False,meso,0.92,T2
DF1759_00054_01,DF1759_00054,DF1759,54,H1,H2,（一）构建优质航线网络。,,构建优质航线网络,,llm,1,ok,1,1,False,meso,0.95,T2
DF1759_00056_01,DF1759_00056,DF1759,56,H2,H3,1.完善国际货运航线。,（一）构建优质航线网络。,完善国际货运航线,,llm,1,ok,1,1,False,meso,0.95,T3
DF1759_00057_01,DF1759_00057,DF1759,57,H3,H4,立足中国一东盟航空货运市场，开通和加密贸易密切城市 及货源丰富地区航线。,（一）构建优质航线网络。 > 1.完善国际货运航线。,开通贸易密切城市航线,,llm,1,ok,1,2,False,meso,0.95,T4
DF1759_00057_02,DF1759_00057,DF1759,57,H3,H4,立足中国一东盟航空货运市场，开通和加密贸易密切城市 及货源丰富地区航线。,（一）构建优质航线网络。 > 1.完善国际货运航线。,加密货源丰富地区航线,,llm,2,ok,1,2,False,meso,0.95,T4
DF1759_00059_01,DF1759_00059,DF1759,59,H3,H4,引导国际货运航线布局与制造业需求对接，提升南宁国际 航空货运枢纽全球响应能力。,（一）构建优质航线网络。 > 1.完善国际货运航线。,引导国际货运航线布局与制造业需求对接,,llm,1,ok,1,2,False,meso,0.95,T4
DF1759_00059_02,DF1759_00059,DF1759,59,H3,H4,引导国际货运航线布局与制造业需求对接，提升南宁国际 航空货运枢纽全球响应能力。,（一）构建优质航线网络。 > 1.完善国际货运航线。,提升国际航空货运枢纽全球响应能力,,llm,2,ok,1,2,False,meso,0.95,T4
DF1759_00061_01,DF1759_00061,DF1759,61,H2,H3,2.积极打造中转航线。,（一）构建优质航线网络。,积极打造中转航线,,llm,1,ok,1,1,False,meso,0.95,T3
DF1759_00062_01,DF1759_00062,DF1759,62,H3,H4,发挥南宁区位优势，构建双扇形航线网络布局。,（一）构建优质航线网络。 > 2.积极打造中转航线。,构建双扇形航线网络布局,,llm,1,ok,1,1,False,meso,0.95,T4
DF1759_00064_01,DF1759_00064,DF1759,64,H3,H4,加强与国际机场合作，开展多形式、多渠道的中转业务。,（一）构建优质航线网络。 > 2.积极打造中转航线。,加强与国际机场合作,,llm,1,ok,1,3,False,meso,0.95,T4
DF1759_00064_02,DF1759_00064,DF1759,64,H3,H4,加强与国际机场合作，开展多形式、多渠道的中转业务。,（一）构建优质航线网络。 > 2.积极打造中转航线。,开展多形式中转业务,,llm,2,ok,1,3,False,meso,0.95,T4
DF1759_00064_03,DF1759_00064,DF1759,64,H3,H4,加强与国际机场合作，开展多形式、多渠道的中转业务。,（一）构建优质航线网络。 > 2.积极打造中转航线。,开展多渠道中转业务,,llm,3,ok,1,3,False,meso,0.95,T4
DF1759_00074_01,DF1759_00074,DF1759,74,H2,H3,3.引进航司提升运力。,（一）构建优质航线网络。,引进航司提升运力,,llm,1,ok,1,1,False,meso,0.95,T3
DF1759_00075_01,DF1759_00075,DF1759,75,H3,H4,加快引进国内国际货运航司和快递企业航司，积极引进新 兴货运航司。,（一）构建优质航线网络。 > 3.引进航司提升运力。,加快引进国内国际货运航司,,llm,1,ok,1,3,False,meso,0.95,T4
DF1759_00075_02,DF1759_00075,DF1759,75,H3,H4,加快引进国内国际货运航司和快递企业航司，积极引进新 兴货运航司。,（一）构建优质航线网络。 > 3.引进航司提升运力。,加快引进快递企业航司,,llm,2,ok,1,3,False,meso,0.95,T4
DF1759_00075_03,DF1759_00075,DF1759,75,H3,H4,加快引进国内国际货运航司和快递企业航司，积极引进新 兴货运航司。,（一）构建优质航线网络。 > 3.引进航司提升运力。,积极引进新兴货运航司,,llm,3,ok,1,3,False,meso,0.95,T4
DF1759_00077_01,DF1759_00077,DF1759,77,H3,H4,加强与货运航空公司的紧密合作，以运力发展带动航线布 局。,（一）构建优质航线网络。 > 3.引进航司提升运力。,加强与货运航空公司合作,,llm,1,ok,1,2,False,meso,0.95,T4
DF1759_00077_02,DF1759_00077,DF1759,77,H3,H4,加强与货运航空公司的紧密合作，以运力发展带动航线布 局。,（一）构建优质航线网络。 > 3.引进航司提升运力。,以运力发展带动航线布局,,llm,2,ok,1,2,False,meso,0.95,T4
DF1759_00079_01,DF1759_00079,DF1759,79,H3,H4,航司引入发展任务,（一）构建优质航线网络。 > 3.引进航司提升运力。,引进航司提升运力,,llm,1,ok,1,1,False,meso,0.95,T4
DF1759_00083_01,DF1759_00083,DF1759,83,H1,H2,（二）增强货运保障能力。,,增强货运保障能力,,llm,1,ok,1,1,False,meso,0.95,T2
DF1759_00085_01,DF1759_00085,DF1759,85,H2,H3,1.加强货运设施建设。,（二）增强货运保障能力。,加强货运设施建设,,llm,1,ok,1,1,False,meso,0.95,T3
DF1759_00087_01,DF1759_00087,DF1759,87,H3,H4,积极推进南宁机场各货运区规划建设。,（二）增强货运保障能力。 > 1.加强货运设施建设。,积极推进机场各货运区规划建设,,llm,1,ok,1,1,False,meso,0.95,T4
DF1759_00089_01,DF1759_00089,DF1759,89,H3,H4,稳步推进货运基础设施建设。,（二）增强货运保障能力。 > 1.加强货运设施建设。,稳步推进货运基础设施建设,,llm,1,ok,1,1,False,meso,0.95,T4
DF1759_00091_01,DF1759_00091,DF1759,91,H2,H3,2.完善货运功能配套。,（二）增强货运保障能力。,完善货运功能配套,,llm,1,ok,1,1,False,meso,0.95,T3
DF1759_00092_01,DF1759_00092,DF1759,92,H3,H4,满足客户业务需求，补齐南宁机场设施短板。,（二）增强货运保障能力。 > 2.完善货运功能配套。,补齐机场设施短板,,llm,1,ok,1,1,False,meso,0.95,T4
DF1759_00094_01,DF1759_00094,DF1759,94,H3,H4,完善货运保障配套工程，规划配置货机位、陆侧道路、空 侧道路、配套办公等设施。,（二）增强货运保障能力。 > 2.完善货运功能配套。,规划配置货机位,,llm,1,ok,1,3,False,meso,0.95,T4
DF1759_00094_02,DF1759_00094,DF1759,94,H3,H4,完善货运保障配套工程，规划配置货机位、陆侧道路、空 侧道路、配套办公等设施。,（二）增强货运保障能力。 > 2.完善货运功能配套。,规划配置陆侧道路,,llm,2,ok,1,3,False,meso,0.95,T4
DF1759_00094_03,DF1759_00094,DF1759,94,H3,H4,完善货运保障配套工程，规划配置货机位、陆侧道路、空 侧道路、配套办公等设施。,（二）增强货运保障能力。 > 2.完善货运功能配套。,规划配置空侧道路和配套办公设施,,llm,3,ok,1,3,False,meso,0.95,T4
DF1759_00096_01,DF1759_00096,DF1759,96,H3,H4,推进临空区保税物流、跨境电商等园区建设。,（二）增强货运保障能力。 > 2.完善货运功能配套。,推进保税物流园区建设,,llm,1,ok,1,2,False,meso,0.95,T4
DF1759_00096_02,DF1759_00096,DF1759,96,H3,H4,推进临空区保税物流、跨境电商等园区建设。,（二）增强货运保障能力。 > 2.完善货运功能配套。,推进跨境电商园区建设,,llm,2,ok,1,2,False,meso,0.95,T4
DF1759_00118_01,DF1759_00118,DF1759,118,H2,H3,3.加快数字基建建设。,（二）增强货运保障能力。,加快数字基建建设,,llm,1,ok,1,1,False,meso,0.95,T3
DF1759_00120_01,DF1759_00120,DF1759,120,H1,H2,（三）提升货源组织能力。,,提升货源组织能力,,llm,1,ok,1,1,False,meso,0.95,T2
DF1759_00122_01,DF1759_00122,DF1759,122,H2,H3,1．丰富货运参与主体。,（三）提升货源组织能力。,丰富货运参与主体,,llm,1,ok,1,1,False,meso,0.95,T3
DF1759_00123_01,DF1759_00123,DF1759,123,H3,H4,引育优质货运代理和大型电商物流企业。,（三）提升货源组织能力。 > 1．丰富货运参与主体。,引育优质货运代理,,llm,1,ok,1,2,False,meso,0.95,T4
DF1759_00123_02,DF1759_00123,DF1759,123,H3,H4,引育优质货运代理和大型电商物流企业。,（三）提升货源组织能力。 > 1．丰富货运参与主体。,引育大型电商物流企业,,llm,2,ok,1,2,False,meso,0.95,T4
DF1759_00125_01,DF1759_00125,DF1759,125,H2,H3,2.强化陆运集货网络。,（三）提升货源组织能力。,强化陆运集货网络,,llm,1,ok,1,1,False,meso,0.95,T3
DF1759_00126_01,DF1759_00126,DF1759,126,H3,H4,构建高效的航空物流地面集散体系。,（三）提升货源组织能力。 > 2.强化陆运集货网络。,构建高效的航空物流地面集散体系,,llm,1,ok,1,1,False,meso,0.95,T4
DF1759_00128_01,DF1759_00128,DF1759,128,H3,H4,延伸货运服务，探索异地货站模式。,（三）提升货源组织能力。 > 2.强化陆运集货网络。,延伸货运服务,,llm,1,ok,1,2,False,meso,0.95,T4
DF1759_00128_02,DF1759_00128,DF1759,128,H3,H4,延伸货运服务，探索异地货站模式。,（三）提升货源组织能力。 > 2.强化陆运集货网络。,探索异地货站模式,,llm,2,ok,1,2,False,meso,0.95,T4
DF1759_00130_01,DF1759_00130,DF1759,130,H2,H3,3.探索开展多式联运。,（三）提升货源组织能力。,探索开展多式联运,,llm,1,ok,1,1,False,meso,0.95,T3
DF1759_00131_01,DF1759_00131,DF1759,131,H3,H4,借鉴先进经验，探索南宁机场开展多式联运。,（三）提升货源组织能力。 > 3.探索开展多式联运。,探索开展多式联运,,llm,1,ok,1,1,False,meso,0.95,T4
DF1759_00138_01,DF1759_00138,DF1759,138,H1,H2,（四）智慧货运高效管理。,,智慧货运高效管理,,llm,1,ok,1,1,False,meso,0.95,T2
DF1759_00140_01,DF1759_00140,DF1759,140,H2,H3,1.推进智慧平台建设。,（四）智慧货运高效管理。,推进智慧平台建设,,llm,1,ok,1,1,False,meso,0.95,T3
DF1759_00141_01,DF1759_00141,DF1759,141,H3,H4,加快构建智慧航空物流综合服务平台。,（四）智慧货运高效管理。 > 1.推进智慧平台建设。,加快构建智慧航空物流综合服务平台,,llm,1,ok,1,1,False,meso,0.95,T4
DF1759_00143_01,DF1759_00143,DF1759,143,H3,H4,统筹单据电子化和标准化建设。,（四）智慧货运高效管理。 > 1.推进智慧平台建设。,统筹单据电子化建设,,llm,1,ok,1,2,False,meso,0.95,T4
DF1759_00143_02,DF1759_00143,DF1759,143,H3,H4,统筹单据电子化和标准化建设。,（四）智慧货运高效管理。 > 1.推进智慧平台建设。,统筹单据标准化建设,,llm,2,ok,1,2,False,meso,0.95,T4
DF1759_00145_01,DF1759_00145,DF1759,145,H2,H3,2.加强新兴技术应用,（四）智慧货运高效管理。,加强新兴技术应用,,llm,1,ok,1,1,False,meso,0.95,T3
DF1759_00146_01,DF1759_00146,DF1759,146,H3,H4,航空货运全流程定位追踪。,（四）智慧货运高效管理。 > 2.加强新兴技术应用,实施航空货运全流程定位追踪,,llm,1,ok,1,1,False,meso,0.95,T4
DF1759_00148_01,DF1759_00148,DF1759,148,H3,H4,货物状态可视化。,（四）智慧货运高效管理。 > 2.加强新兴技术应用,实现货物状态可视化,,llm,1,ok,1,1,False,meso,0.95,T4
DF1759_00150_01,DF1759_00150,DF1759,150,H2,H3,3.提升运营管理能力。,（四）智慧货运高效管理。,提升运营管理能力,,llm,1,ok,1,1,False,meso,0.95,T3
DF1759_00151_01,DF1759_00151,DF1759,151,H3,H4,打造良好的航空货运社区。,（四）智慧货运高效管理。 > 3.提升运营管理能力。,打造良好的航空货运社区,,llm,1,ok,1,1,False,meso,0.95,T4
DF1759_00153_01,DF1759_00153,DF1759,153,H3,H4,引入资金和战投，增强经营实力。,（四）智慧货运高效管理。 > 3.提升运营管理能力。,引入资金,,llm,1,ok,1,3,False,meso,0.95,T4
DF1759_00153_02,DF1759_00153,DF1759,153,H3,H4,引入资金和战投，增强经营实力。,（四）智慧货运高效管理。 > 3.提升运营管理能力。,引入战略投资者,,llm,2,ok,1,3,False,meso,0.95,T4
DF1759_00153_03,DF1759_00153,DF1759,153,H3,H4,引入资金和战投，增强经营实力。,（四）智慧货运高效管理。 > 3.提升运营管理能力。,增强经营实力,,llm,3,ok,1,3,False,meso,0.95,T4
DF1759_00155_01,DF1759_00155,DF1759,155,H2,H3,货运信息化发展任务,（四）智慧货运高效管理。,推进智慧货运高效管理,,llm,1,ok,1,1,False,meso,0.95,T3
DF1759_00164_01,DF1759_00164,DF1759,164,H1,H2,（五）延伸产业丰富业态。,,延伸产业丰富业态,,llm,1,ok,1,1,False,meso,0.95,T2
DF1759_00166_01,DF1759_00166,DF1759,166,H2,H3,1.延伸航空物流链条。,（五）延伸产业丰富业态。,延伸航空物流链条,,llm,1,ok,1,1,False,meso,0.95,T3
DF1759_00167_01,DF1759_00167,DF1759,167,H3,H4,"与快递企业深度合作，实现""门到门""的服务。",（五）延伸产业丰富业态。 > 1.延伸航空物流链条。,与快递企业深度合作,,llm,1,ok,1,2,False,meso,0.95,T4
DF1759_00167_02,DF1759_00167,DF1759,167,H3,H4,"与快递企业深度合作，实现""门到门""的服务。",（五）延伸产业丰富业态。 > 1.延伸航空物流链条。,实现门到门服务,,llm,2,ok,1,2,False,meso,0.95,T4
DF1759_00169_01,DF1759_00169,DF1759,169,H3,H4,建设跨境产业园，打造中国一东盟跨境电商综合服务平台。,（五）延伸产业丰富业态。 > 1.延伸航空物流链条。,建设跨境产业园,,llm,1,ok,1,2,False,meso,0.95,T4
DF1759_00169_02,DF1759_00169,DF1759,169,H3,H4,建设跨境产业园，打造中国一东盟跨境电商综合服务平台。,（五）延伸产业丰富业态。 > 1.延伸航空物流链条。,打造中国东盟跨境电商综合服务平台,,llm,2,ok,1,2,False,meso,0.95,T4
DF1759_00171_01,DF1759_00171,DF1759,171,H3,H4,简单加工等服务，成为东盟跨境电商的核心服务商。,（五）延伸产业丰富业态。 > 1.延伸航空物流链条。,简单加工等服务成为东盟跨境电商的核心服务商,,rule,1,error,1,1,False,meso,0.95,T4
DF1759_00172_01,DF1759_00172,DF1759,172,H3,H4,"依托""中国东盟生鲜产业园""，打造生鲜集散中心、加工 中心、交易中心。",（五）延伸产业丰富业态。 > 1.延伸航空物流链条。,打造生鲜集散中心,,llm,1,ok,1,3,False,meso,0.95,T4
DF1759_00172_02,DF1759_00172,DF1759,172,H3,H4,"依托""中国东盟生鲜产业园""，打造生鲜集散中心、加工 中心、交易中心。",（五）延伸产业丰富业态。 > 1.延伸航空物流链条。,打造生鲜加工中心,,llm,2,ok,1,3,False,meso,0.95,T4
DF1759_00172_03,DF1759_00172,DF1759,172,H3,H4,"依托""中国东盟生鲜产业园""，打造生鲜集散中心、加工 中心、交易中心。",（五）延伸产业丰富业态。 > 1.延伸航空物流链条。,打造生鲜交易中心,,llm,3,ok,1,3,False,meso,0.95,T4
DF1759_00174_01,DF1759_00174,DF1759,174,H2,H3,2.加强港区高效联动。,（五）延伸产业丰富业态。,加强港区高效联动,,llm,1,ok,1,1,False,meso,0.95,T3
DF1759_00175_01,DF1759_00175,DF1759,175,H3,H4,推动区港联动。,（五）延伸产业丰富业态。 > 2.加强港区高效联动。,推动区港联动,,llm,1,ok,1,1,False,meso,0.95,T4
DF1898_00023_01,DF1898_00023,DF1898,23,H1,H2,（一）注重规划支撑引领,,注重规划支撑引领,,llm,1,ok,1,1,False,meso,0.92,T2
DF1898_00024_01,DF1898_00024,DF1898,24,H2,H3,一是开展航空货运总体规划研究。,（一）注重规划支撑引领,开展航空货运总体规划研究,,llm,1,ok,1,1,False,meso,0.92,T3
DF1898_00026_01,DF1898_00026,DF1898,26,H2,H3,二是开展航空货运发展专项研究。,（一）注重规划支撑引领,开展航空货运发展专项研究,,llm,1,ok,1,1,False,meso,0.92,T3
DF1898_00029_01,DF1898_00029,DF1898,29,H1,H2,（二）强化基础能力保障,,强化基础能力保障,,llm,1,ok,1,1,False,meso,0.92,T2
DF1898_00030_01,DF1898_00030,DF1898,30,H2,H3,一是推进基础设施建设。,（二）强化基础能力保障,推进基础设施建设,,llm,1,ok,1,1,False,meso,0.92,T3
DF1898_00032_01,DF1898_00032,DF1898,32,H2,H3,二是完善航线网络布局。,（二）强化基础能力保障,完善航线网络布局,,llm,1,ok,1,1,False,meso,0.92,T3
DF1898_00034_01,DF1898_00034,DF1898,34,H2,H3,三是优化货物运输组织。,（二）强化基础能力保障,优化货物运输组织,,llm,1,ok,1,1,False,meso,0.92,T3
DF1898_00037_01,DF1898_00037,DF1898,37,H1,H2,（三）加强市场主体培育,,加强市场主体培育,,llm,1,ok,1,1,False,meso,0.92,T2
DF1898_00038_01,DF1898_00038,DF1898,38,H2,H3,一是引入培育龙头企业。,（三）加强市场主体培育,引入培育龙头企业,,llm,1,ok,1,1,False,meso,0.92,T3
DF1898_00040_01,DF1898_00040,DF1898,40,H2,H3,二是强化货源组织调度。,（三）加强市场主体培育,强化货源组织调度,,llm,1,ok,1,1,False,meso,0.92,T3
DF1898_00042_01,DF1898_00042,DF1898,42,H2,H3,三是加强集疏运体系建设。,（三）加强市场主体培育,加强集疏运体系建设,,llm,1,ok,1,1,False,meso,0.92,T3
DF1898_00045_01,DF1898_00045,DF1898,45,H1,H2,（四）提升服务管理水平,,提升服务管理水平,,llm,1,ok,1,1,False,meso,0.92,T2
DF1898_00046_01,DF1898_00046,DF1898,46,H2,H3,一是加快完善口岸功能。,（四）提升服务管理水平,加快完善口岸功能,,llm,1,ok,1,1,False,meso,0.92,T3
DF1898_00048_01,DF1898_00048,DF1898,48,H2,H3,二是优化口岸营商环境。,（四）提升服务管理水平,优化口岸营商环境,,llm,1,ok,1,1,False,meso,0.92,T3
DF1898_00050_01,DF1898_00050,DF1898,50,H2,H3,三是提升通关服务效率。,（四）提升服务管理水平,提升通关服务效率,,llm,1,ok,1,1,False,meso,0.92,T3
DF1898_00053_01,DF1898_00053,DF1898,53,H1,H2,（五）加大政策扶持力度,,加大政策扶持力度,,llm,1,ok,1,1,False,meso,0.92,T2
DF1898_00054_01,DF1898_00054,DF1898,54,H2,H3,一是完善财政奖补机制。,（五）加大政策扶持力度,完善财政奖补机制,,llm,1,ok,1,1,False,meso,0.92,T3
DF1898_00056_01,DF1898_00056,DF1898,56,H2,H3,二是积极争取政策倾斜。,（五）加大政策扶持力度,积极争取政策倾斜,,llm,1,ok,1,1,False,meso,0.92,T3
DF2583_00013_01,DF2583_00013,DF2583,13,H1,H1,二、重点工作任务,,重点工作任务,,llm,1,ok,1,1,False,meso,0.92,T2
DF2583_00014_01,DF2583_00014,DF2583,14,H2,H2,（一）系统推进航空客货枢纽建设,二、重点工作任务,系统推进航空客货枢纽建设,,llm,1,ok,1,1,False,meso,0.92,T3
DF2583_00015_01,DF2583_00015,DF2583,15,H3,H3,1.推动全省机场功能定位差异化发展。,二、重点工作任务 > （一）系统推进航空客货枢纽建设,推动机场功能定位差异化发展,,llm,1,ok,1,1,False,meso,0.92,T4
DF2583_00017_01,DF2583_00017,DF2583,17,H3,H3,2.依托主要运营人推进客货枢纽建设。,二、重点工作任务 > （一）系统推进航空客货枢纽建设,推进客货枢纽建设,,llm,1,ok,1,1,False,meso,0.92,T4
DF2583_00019_01,DF2583_00019,DF2583,19,H3,H3,3.着力打造内畅外联航线网络。,二、重点工作任务 > （一）系统推进航空客货枢纽建设,着力打造内畅外联航线网络,,llm,1,ok,1,1,False,meso,0.92,T4
DF2583_00021_01,DF2583_00021,DF2583,21,H3,H3,4.加强地面综合交通能力匹配。,二、重点工作任务 > （一）系统推进航空客货枢纽建设,加强地面综合交通能力匹配,,llm,1,ok,1,1,False,meso,0.92,T4
DF2583_00023_01,DF2583_00023,DF2583,23,H3,H3,5.加快补齐核心资源短板。,二、重点工作任务 > （一）系统推进航空客货枢纽建设,加快补齐核心资源短板,,llm,1,ok,1,1,False,meso,0.92,T4
DF2583_00025_01,DF2583_00025,DF2583,25,H2,H2,（二）增强航空货运基础保障能力,二、重点工作任务,增强航空货运基础保障能力,,llm,1,ok,1,1,False,meso,0.92,T3
DF2583_00026_01,DF2583_00026,DF2583,26,H3,H3,6.优化海南空港口岸海关指定监管场地布局，丰富空港口岸资质类型。,二、重点工作任务 > （二）增强航空货运基础保障能力,优化空港口岸海关指定监管场地布局,,llm,1,ok,1,2,False,meso,0.92,T4
DF2583_00026_02,DF2583_00026,DF2583,26,H3,H3,6.优化海南空港口岸海关指定监管场地布局，丰富空港口岸资质类型。,二、重点工作任务 > （二）增强航空货运基础保障能力,丰富空港口岸资质类型,,llm,2,ok,1,2,False,meso,0.92,T4
DF2583_00028_01,DF2583_00028,DF2583,28,H3,H3,7.统筹完善机场航空货运保障设施设备，提升机场货站智能化水平。,二、重点工作任务 > （二）增强航空货运基础保障能力,统筹完善机场航空货运保障设施设备,,llm,1,ok,1,2,False,meso,0.92,T4
DF2583_00028_02,DF2583_00028,DF2583,28,H3,H3,7.统筹完善机场航空货运保障设施设备，提升机场货站智能化水平。,二、重点工作任务 > （二）增强航空货运基础保障能力,提升机场货站智能化水平,,llm,2,ok,1,2,False,meso,0.92,T4
DF2583_00030_01,DF2583_00030,DF2583,30,H3,H3,8.加快电子商务体系建设。,二、重点工作任务 > （二）增强航空货运基础保障能力,加快电子商务体系建设,,llm,1,ok,1,1,False,meso,0.92,T4
DF2583_00032_01,DF2583_00032,DF2583,32,H2,H2,（三）加强市场推介和招商，大力拓展货源,二、重点工作任务,加强市场推介,,llm,1,ok,1,3,False,meso,0.92,T3
DF2583_00032_02,DF2583_00032,DF2583,32,H2,H2,（三）加强市场推介和招商，大力拓展货源,二、重点工作任务,加强招商,,llm,2,ok,1,3,False,meso,0.92,T3
DF2583_00032_03,DF2583_00032,DF2583,32,H2,H2,（三）加强市场推介和招商，大力拓展货源,二、重点工作任务,大力拓展货源,,llm,3,ok,1,3,False,meso,0.92,T3
DF2583_00033_01,DF2583_00033,DF2583,33,H3,H3,9.加强国内外航空货运市场推介和招商工作。,二、重点工作任务 > （三）加强市场推介和招商，大力拓展货源,加强国内外航空货运市场推介,,llm,1,ok,1,2,False,meso,0.92,T4
DF2583_00033_02,DF2583_00033,DF2583,33,H3,H3,9.加强国内外航空货运市场推介和招商工作。,二、重点工作任务 > （三）加强市场推介和招商，大力拓展货源,加强国内外航空货运招商工作,,llm,2,ok,1,2,False,meso,0.92,T4
DF2583_00035_01,DF2583_00035,DF2583,35,H3,H3,10.提升客机腹舱货邮量。,二、重点工作任务 > （三）加强市场推介和招商，大力拓展货源,提升客机腹舱货邮量,,llm,1,ok,1,1,False,meso,0.92,T4
DF2583_00037_01,DF2583_00037,DF2583,37,H3,H3,11.推进航空敏感货物运输业务，做大跨境电商和国际航空货运规模。,二、重点工作任务 > （三）加强市场推介和招商，大力拓展货源,推进航空敏感货物运输业务,,llm,1,ok,1,2,False,meso,0.92,T4
DF2583_00037_02,DF2583_00037,DF2583,37,H3,H3,11.推进航空敏感货物运输业务，做大跨境电商和国际航空货运规模。,二、重点工作任务 > （三）加强市场推介和招商，大力拓展货源,做大跨境电商和国际航空货运规模,,llm,2,ok,1,2,False,meso,0.92,T4
DF2583_00039_01,DF2583_00039,DF2583,39,H3,H3,12.构建多式联运的物流网络，拓展园区货源。,二、重点工作任务 > （三）加强市场推介和招商，大力拓展货源,构建多式联运的物流网络,,llm,1,ok,1,2,False,meso,0.92,T4
DF2583_00039_02,DF2583_00039,DF2583,39,H3,H3,12.构建多式联运的物流网络，拓展园区货源。,二、重点工作任务 > （三）加强市场推介和招商，大力拓展货源,拓展园区货源,,llm,2,ok,1,2,False,meso,0.92,T4
DF2583_00041_01,DF2583_00041,DF2583,41,H2,H2,（四）提升航空口岸便利化水平,二、重点工作任务,提升航空口岸便利化水平,,llm,1,ok,1,1,False,meso,0.92,T3
DF2583_00042_01,DF2583_00042,DF2583,42,H3,H3,"13.建立“三关合一""创新监管模式。",二、重点工作任务 > （四）提升航空口岸便利化水平,建立三关合一创新监管模式,,llm,1,ok,1,1,False,meso,0.92,T4
DF2583_00044_01,DF2583_00044,DF2583,44,H3,H3,14.提升空港口岸通关效率。,二、重点工作任务 > （四）提升航空口岸便利化水平,提升空港口岸通关效率,,llm,1,ok,1,1,False,meso,0.92,T4
DF2583_00046_01,DF2583_00046,DF2583,46,H3,H3,15.提升空港口岸通关作业电子化水平。,二、重点工作任务 > （四）提升航空口岸便利化水平,提升空港口岸通关作业电子化水平,,llm,1,ok,1,1,False,meso,0.92,T4
DF2583_00048_01,DF2583_00048,DF2583,48,H2,H2,（五）发展临空经济等业态,二、重点工作任务,发展临空经济,,llm,1,ok,1,1,False,meso,0.92,T3
DF2583_00049_01,DF2583_00049,DF2583,49,H3,H3,16.建立健全中转物流链。,二、重点工作任务 > （五）发展临空经济等业态,建立健全中转物流链,,llm,1,ok,1,1,False,meso,0.92,T4
DF2583_00051_01,DF2583_00051,DF2583,51,H3,H3,17.加快临空产业园和临空仓储物流快递集群建设。,二、重点工作任务 > （五）发展临空经济等业态,加快临空产业园建设,,llm,1,ok,1,2,False,meso,0.92,T4
DF2583_00051_02,DF2583_00051,DF2583,51,H3,H3,17.加快临空产业园和临空仓储物流快递集群建设。,二、重点工作任务 > （五）发展临空经济等业态,加快临空仓储物流快递集群建设,,llm,2,ok,1,2,False,meso,0.92,T4
DF2583_00053_01,DF2583_00053,DF2583,53,H3,H3,18.支持飞机维修产业加快发展。,二、重点工作任务 > （五）发展临空经济等业态,支持飞机维修产业加快发展,,llm,1,ok,1,1,False,meso,0.92,T4
DF2583_00055_01,DF2583_00055,DF2583,55,H2,H2,（六）完善配套政策支持,二、重点工作任务,完善配套政策支持,,llm,1,ok,1,1,False,meso,0.92,T3
DF2583_00056_01,DF2583_00056,DF2583,56,H3,H3,"19.强化促进“两个网络""“两个枢纽""发展政策支持。",二、重点工作任务 > （六）完善配套政策支持,强化促进两个网络发展政策支持,,llm,1,ok,1,2,False,meso,0.92,T4
DF2583_00056_02,DF2583_00056,DF2583,56,H3,H3,"19.强化促进“两个网络""“两个枢纽""发展政策支持。",二、重点工作任务 > （六）完善配套政策支持,强化促进两个枢纽发展政策支持,,llm,2,ok,1,2,False,meso,0.92,T4
DF2583_00058_01,DF2583_00058,DF2583,58,H3,H3,20.强化电子商务发展政策支持。,二、重点工作任务 > （六）完善配套政策支持,强化电子商务发展政策支持,,llm,1,ok,1,1,False,meso,0.92,T4
