L1_id,L1_label,L2_id,L2_label,L3_id,L3_label,L4_id,L4_label
L1_N762e6689,战略规划与治理,L2_N8ed52793,强化政策引导支持,L3_Nef0fcc52,出台新一轮专项扶持政策,,
L1_N762e6689,战略规划与治理,L2_N8ed52793,强化政策引导支持,L3_Na04441bf,争取民航国家政策支持,,
L1_N762e6689,战略规划与治理,L2_N8ed52793,强化政策引导支持,L3_Nf8276134,争取海关国家政策支持,,
L1_N762e6689,战略规划与治理,L2_N8ed52793,强化政策引导支持,L3_Na6c4ae61,给予财政土地人才等地方政策支持,,
L1_N762e6689,战略规划与治理,L2_N6db20b9a,提升服务管理水平,L3_Nb3d3c087,打造高效便利的口岸营商环境,,
L1_N762e6689,战略规划与治理,L2_N6db20b9a,提升服务管理水平,L3_N5383b7aa,创新发展管理模式,,
L1_N762e6689,战略规划与治理,L2_N242a428d,加强政策协同创新,,,,
L1_N762e6689,战略规划与治理,L2_N578f3b8a,提升国际货运服务能力,L3_N9c47a867,推进智慧物流建设,,
L1_N762e6689,战略规划与治理,L2_N578f3b8a,提升国际货运服务能力,L2_N578f3b8a_BR_6092b1,航空货运枢纽建设,L3_N3810ecfd,推动区域机场合作
L1_N762e6689,战略规划与治理,L2_N578f3b8a,提升国际货运服务能力,L2_N578f3b8a_BR_6092b1,航空货运枢纽建设,L3_N4888066d,航空货运发展专项研究与扶持
L1_N762e6689,战略规划与治理,L2_N578f3b8a,提升国际货运服务能力,L2_N578f3b8a_BR_6092b1,航空货运枢纽建设,L3_Nb28e82d6,整合盘活低效闲置土地资源强化对航空货运枢纽建设项目用地支持
L1_N762e6689,战略规划与治理,L2_N578f3b8a,提升国际货运服务能力,L2_N578f3b8a_BR_6092b1,航空货运枢纽建设,L3_Ne78d3c45,开展航空货运总体规划研究
L1_N762e6689,战略规划与治理,L2_N578f3b8a,提升国际货运服务能力,L2_N578f3b8a_BR_6092b1,航空货运枢纽建设,L3_N55664f5d,开展航空货运发展专项研究
L1_N762e6689,战略规划与治理,L2_N578f3b8a,提升国际货运服务能力,L2_N578f3b8a_BR_5b483d,口岸通关优化,L3_N0362ceea,加快完善口岸功能
L1_N762e6689,战略规划与治理,L2_N578f3b8a,提升国际货运服务能力,L2_N578f3b8a_BR_5b483d,口岸通关优化,L3_Ne7b47d1e,优化口岸营商环境
L1_N762e6689,战略规划与治理,L2_N578f3b8a,提升国际货运服务能力,L2_N578f3b8a_BR_5b483d,口岸通关优化,L3_N888d7345,提升通关服务效率
L1_N6e836104,基础设施与枢纽,L1_N6e836104_BR_7637d7,枢纽规划与建设,L3_Nd003c070,加快中国国际航空物流中心载体建设,,
L1_N6e836104,基础设施与枢纽,L1_N6e836104_BR_7637d7,枢纽规划与建设,L3_N51765af4,优化航空物流产业生态系统,,
L1_N6e836104,基础设施与枢纽,L1_N6e836104_BR_7637d7,枢纽规划与建设,L3_N08db7b5b,加强基础设施建设,,
L1_N6e836104,基础设施与枢纽,L1_N6e836104_BR_c83016,货运基础设施,L2_N8228268e,提升货运设施保障能力,L3_Nd571b089,提升装备专业化水平
L1_N6e836104,基础设施与枢纽,L1_N6e836104_BR_c83016,货运基础设施,L2_N8228268e,提升货运设施保障能力,L2_N8228268e_BR_50c2c9,货运设施智能化
L1_N6e836104,基础设施与枢纽,L1_N6e836104_BR_c83016,货运基础设施,L2_N8228268e,提升货运设施保障能力,L4_Na052476c,提升机场货站智能化水平
L1_N6e836104,基础设施与枢纽,L1_N6e836104_BR_c83016,货运基础设施,L2_N3c9cbbd0,持续夯实机场空侧基础保障,L3_N9ae5e272,统筹一级货站功能
L1_N6e836104,基础设施与枢纽,L1_N6e836104_BR_c83016,货运基础设施,L2_N3c9cbbd0,持续夯实机场空侧基础保障,L3_N701e7011,优化空空中转业务
L1_N6e836104,基础设施与枢纽,L1_N6e836104_BR_c83016,货运基础设施,L2_N18198f00,畅通机场陆侧货运物流体系,L3_Nba68b284,完善机场地区交通集疏运体系
L1_N6e836104,基础设施与枢纽,L1_N6e836104_BR_c83016,货运基础设施,L2_Nb80d9c6e,提升航空货运枢纽集疏运能力,L3_N8b934feb,优化客货运航线网络
L1_N6e836104,基础设施与枢纽,L1_N6e836104_BR_c83016,货运基础设施,L2_Nb80d9c6e,提升航空货运枢纽集疏运能力,L3_N7c0dd099,强化货运枢纽地位
L1_N6e836104,基础设施与枢纽,L1_N6e836104_BR_c83016,货运基础设施,L2_Nb80d9c6e,提升航空货运枢纽集疏运能力,L3_N14530829,增强机场集疏运能力
L1_N6e836104,基础设施与枢纽,L1_N6e836104_BR_c83016,货运基础设施,L2_Nb80d9c6e,提升航空货运枢纽集疏运能力,L3_N06f95f57,推进航空客货枢纽建设
L1_N6e836104,基础设施与枢纽,L1_N6e836104_BR_c83016,货运基础设施,L2_Nb80d9c6e,提升航空货运枢纽集疏运能力,L3_Ne96a4ba3,增强航空货运基础保障能力
L1_N6e836104,基础设施与枢纽,L1_N6e836104_BR_c83016,货运基础设施,L2_Nb80d9c6e,提升航空货运枢纽集疏运能力,L3_Ne96a4ba3,增强航空货运基础保障能力
L1_N6e836104,基础设施与枢纽,L1_N6e836104_BR_c83016,货运基础设施,L2_Nb80d9c6e,提升航空货运枢纽集疏运能力,L3_Ne96a4ba3,增强航空货运基础保障能力
L1_N6e836104,基础设施与枢纽,L1_N6e836104_BR_c83016,货运基础设施,L2_Nb80d9c6e,提升航空货运枢纽集疏运能力,L3_Ne96a4ba3,增强航空货运基础保障能力
L1_N6e836104,基础设施与枢纽,L1_N6e836104_BR_c83016,货运基础设施,L2_Nb80d9c6e,提升航空货运枢纽集疏运能力,L2_Nb80d9c6e_BR_fdd38b,航线网络建设
L1_N6e836104,基础设施与枢纽,L1_N6e836104_BR_c83016,货运基础设施,L2_Nb80d9c6e,提升航空货运枢纽集疏运能力,L4_N30b235c2,推动机场功能定位差异化发展
L1_N6e836104,基础设施与枢纽,L1_N6e836104_BR_c83016,货运基础设施,L2_Nb80d9c6e,提升航空货运枢纽集疏运能力,L4_N255c1775,推进客货枢纽建设
L1_N6e836104,基础设施与枢纽,L1_N6e836104_BR_c83016,货运基础设施,L2_Nb80d9c6e,提升航空货运枢纽集疏运能力,L4_Nc38e3e2b,加快补齐核心资源短板
L1_N6e836104,基础设施与枢纽,L1_N6e836104_BR_c83016,货运基础设施,L2_Nb80d9c6e,提升航空货运枢纽集疏运能力,L4_N3220a070,着力打造内畅外联航线网络
L1_N6e836104,基础设施与枢纽,L1_N6e836104_BR_c83016,货运基础设施,L3_Nea54495c,加快机场货运重大项目建设,,
L1_N6e836104,基础设施与枢纽,L1_N6e836104_BR_c83016,货运基础设施,L3_Nbccd8d12,增加机场高峰小时容量,,
L1_N6e836104,基础设施与枢纽,L1_N6e836104_BR_c83016,货运基础设施,L3_N5c977f92,引育货运基地航空公司,,
L1_N6e836104,基础设施与枢纽,L1_N6e836104_BR_c83016,货运基础设施,L3_Nbf6e7bf3,完善货运航线网络,,
L1_N6e836104,基础设施与枢纽,L1_N6e836104_BR_7c2433,物流体系与通达性,L2_N3d4844b8,提升航空物流通达能力,L3_N965cfc12,提高航线网络全球通达性
L1_N6e836104,基础设施与枢纽,L1_N6e836104_BR_7c2433,物流体系与通达性,L2_N3d4844b8,提升航空物流通达能力,L3_N252b74e4,拓展航空物流货源市场
L1_N6e836104,基础设施与枢纽,L1_N6e836104_BR_7c2433,物流体系与通达性,L2_N60c3ab56,构建多式联运物流体系,L3_N85bf292e,电子商务体系支持
L1_N6e836104,基础设施与枢纽,L1_N6e836104_BR_7c2433,物流体系与通达性,L2_N60c3ab56,构建多式联运物流体系,L2_N60c3ab56_BR_cc3c6f,电商物流协同
L1_N6e836104,基础设施与枢纽,L1_N6e836104_BR_7c2433,物流体系与通达性,L2_N60c3ab56,构建多式联运物流体系,L4_N85bf292e,加快电子商务体系建设
L1_N6e836104,基础设施与枢纽,L1_N6e836104_BR_7c2433,物流体系与通达性,L2_N4db8aea7,促进中转货量增长,,
L1_N6e836104,基础设施与枢纽,L1_N6e836104_BR_e7aeb0,资源与运营保障,L2_Nb22f5139,全面改善枢纽运营环境,,
L1_N6e836104,基础设施与枢纽,L1_N6e836104_BR_e7aeb0,资源与运营保障,L2_N5e2fe781,加强空地资源保障,,
L1_N6e836104,基础设施与枢纽,L1_N6e836104_BR_e7aeb0,资源与运营保障,L2_Nfeea0571,鼓励新设立国际航空货运转运分拨中心,,
L1_N70e79b29,市场主体与网络,L1_N70e79b29_BR_6c0dca,市场主体引育,L1_N70e79b29_BR_6c0dca_BR_f11806,主体培育,L2_N466127b4,积极培育多元经营主体
L1_N70e79b29,市场主体与网络,L1_N70e79b29_BR_6c0dca,市场主体引育,L1_N70e79b29_BR_6c0dca_BR_f11806,主体培育,L2_N709fdde1,市场主体培育
L1_N70e79b29,市场主体与网络,L1_N70e79b29_BR_6c0dca,市场主体引育,L1_N70e79b29_BR_6c0dca_BR_f11806,主体培育,L2_N709fdde1,市场主体培育
L1_N70e79b29,市场主体与网络,L1_N70e79b29_BR_6c0dca,市场主体引育,L1_N70e79b29_BR_6c0dca_BR_f11806,主体培育,L2_N709fdde1,市场主体培育
L1_N70e79b29,市场主体与网络,L1_N70e79b29_BR_6c0dca,市场主体引育,L1_N70e79b29_BR_6c0dca_BR_f11806,主体培育,L2_N709fdde1,市场主体培育
L1_N70e79b29,市场主体与网络,L1_N70e79b29_BR_6c0dca,市场主体引育,L1_N70e79b29_BR_6c0dca_BR_f11806,主体培育,L2_N709fdde1,市场主体培育
L1_N70e79b29,市场主体与网络,L1_N70e79b29_BR_6c0dca,市场主体引育,L1_N70e79b29_BR_6c0dca_BR_f11806,主体培育,L2_N3782a8fc,培育关键市场主体
L1_N70e79b29,市场主体与网络,L1_N70e79b29_BR_6c0dca,市场主体引育,L1_N70e79b29_BR_6c0dca_BR_f11806,主体培育,L1_N70e79b29_BR_ab4348,市场主体培育
L1_N70e79b29,市场主体与网络,L1_N70e79b29_BR_6c0dca,市场主体引育,L1_N70e79b29_BR_6c0dca_BR_8b6dc1,主体引育专项,L2_N172cd711,集聚优质市场主体
L1_N70e79b29,市场主体与网络,L1_N70e79b29_BR_6c0dca,市场主体引育,L1_N70e79b29_BR_6c0dca_BR_8b6dc1,主体引育专项,L2_Naaad89dc,引入关键市场主体
L1_N70e79b29,市场主体与网络,L1_N70e79b29_BR_6c0dca,市场主体引育,L1_N70e79b29_BR_6c0dca_BR_8b6dc1,主体引育专项,L1_N70e79b29_BR_946648,货运代理引育
L1_N70e79b29,市场主体与网络,L1_N70e79b29_BR_6c0dca,市场主体引育,L1_N70e79b29_BR_6c0dca_BR_8b6dc1,主体引育专项,L1_N70e79b29_BR_710c1d,电商物流引育
L1_N70e79b29,市场主体与网络,L1_N70e79b29_BR_6c0dca,市场主体引育,L1_N70e79b29_BR_6c0dca_BR_8b6dc1,主体引育专项,L1_N70e79b29_BR_946648_BR_1416e5,货运代理引育
L1_N70e79b29,市场主体与网络,L1_N70e79b29_BR_6c0dca,市场主体引育,L1_N70e79b29_BR_6c0dca_BR_8b6dc1,主体引育专项,L1_N70e79b29_BR_710c1d_BR_aff596,企业引育
L1_N70e79b29,市场主体与网络,L1_N70e79b29_BR_6c0dca,市场主体引育,L1_N70e79b29_BR_6c0dca_BR_8b6dc1,主体引育专项,L4_N2d19c279,引育优质货运代理
L1_N70e79b29,市场主体与网络,L1_N70e79b29_BR_6c0dca,市场主体引育,L1_N70e79b29_BR_6c0dca_BR_8b6dc1,主体引育专项,L4_N3bc888c0,引育大型电商物流企业
L1_N70e79b29,市场主体与网络,L1_N70e79b29_BR_02c746,市场拓展与推介,L2_N10f72f08,大力拓展增量市场业务,L3_N3ba23cb1,拓展货运中转服务
L1_N70e79b29,市场主体与网络,L1_N70e79b29_BR_02c746,市场拓展与推介,L2_N10f72f08,大力拓展增量市场业务,L4_Nb4e3c0ce,开展多形式中转业务
L1_N70e79b29,市场主体与网络,L1_N70e79b29_BR_02c746,市场拓展与推介,L2_N10f72f08,大力拓展增量市场业务,L4_N0d91d293,延伸货运服务
L1_N70e79b29,市场主体与网络,L1_N70e79b29_BR_02c746,市场拓展与推介,L1_N70e79b29_BR_ab8219,航空市场推介,L1_N70e79b29_BR_ab8219_BR_5cff45,市场推介实施
L1_N70e79b29,市场主体与网络,L1_N70e79b29_BR_02c746,市场拓展与推介,L1_N70e79b29_BR_ab8219,航空市场推介,L4_N162d5723,加强国内外航空货运市场推介
L1_N70e79b29,市场主体与网络,L1_N70e79b29_BR_02c746,市场拓展与推介,L1_N70e79b29_BR_23b40d,市场推介支持,L3_Ncc6e46eb,加强市场推介
L1_N70e79b29,市场主体与网络,L1_N70e79b29_BR_6c0dca_7ecc,市场主体引育,,,,
L1_N70e79b29,市场主体与网络,L1_N70e79b29_BR_ec0720,航空货运网络,L1_N70e79b29_BR_c48137,货运航线网络,L2_N08a346fe,构建国际航线网络
L1_N70e79b29,市场主体与网络,L1_N70e79b29_BR_ec0720,航空货运网络,L1_N70e79b29_BR_c48137,货运航线网络,L2_N08a346fe,构建国际航线网络
L1_N70e79b29,市场主体与网络,L1_N70e79b29_BR_ec0720,航空货运网络,L1_N70e79b29_BR_c48137,货运航线网络,L2_N08a346fe,构建国际航线网络
L1_N70e79b29,市场主体与网络,L1_N70e79b29_BR_ec0720,航空货运网络,L1_N70e79b29_BR_c48137,货运航线网络,L2_N08a346fe,构建国际航线网络
L1_N70e79b29,市场主体与网络,L1_N70e79b29_BR_ec0720,航空货运网络,L1_N70e79b29_BR_c48137,货运航线网络,L2_N08a346fe,构建国际航线网络
L1_N70e79b29,市场主体与网络,L1_N70e79b29_BR_ec0720,航空货运网络,L1_N70e79b29_BR_c48137,货运航线网络,L2_N08a346fe,构建国际航线网络
L1_N70e79b29,市场主体与网络,L1_N70e79b29_BR_ec0720,航空货运网络,L1_N70e79b29_BR_c48137,货运航线网络,L2_N08a346fe,构建国际航线网络
L1_N70e79b29,市场主体与网络,L1_N70e79b29_BR_ec0720,航空货运网络,L1_N70e79b29_BR_c48137,货运航线网络,L2_N08a346fe,构建国际航线网络
L1_N70e79b29,市场主体与网络,L1_N70e79b29_BR_ec0720,航空货运网络,L1_N70e79b29_BR_c48137,货运航线网络,L2_N8c3b0cad,构建覆盖全球的货运航线网络
L1_N70e79b29,市场主体与网络,L1_N70e79b29_BR_ec0720,航空货运网络,L1_N70e79b29_BR_c48137,货运航线网络,L2_N8e687f9d,构建全球航空货运网络
L1_N70e79b29,市场主体与网络,L1_N70e79b29_BR_ec0720,航空货运网络,L1_N70e79b29_BR_c48137,货运航线网络,L2_Nd0b47c6e,构建全球国际航线网络
L1_N70e79b29,市场主体与网络,L1_N70e79b29_BR_ec0720,航空货运网络,L1_N70e79b29_BR_c48137,货运航线网络,L2_Nbfebbffa,构建优质航线网络
L1_N70e79b29,市场主体与网络,L1_N70e79b29_BR_ec0720,航空货运网络,L1_N70e79b29_BR_c48137,货运航线网络,L2_N926fa20a,优化拓展货运航线网络
L1_N70e79b29,市场主体与网络,L1_N70e79b29_BR_ec0720,航空货运网络,L1_N70e79b29_BR_c48137,货运航线网络,L3_N74ff71bd,强化行业资源供给
L1_N70e79b29,市场主体与网络,L1_N70e79b29_BR_ec0720,航空货运网络,L1_N70e79b29_BR_c48137,货运航线网络,L3_Nccfe417c,强化国际航空货运航线供给
L1_N70e79b29,市场主体与网络,L1_N70e79b29_BR_ec0720,航空货运网络,L1_N70e79b29_BR_c48137,货运航线网络,L3_N86ef6403,强化国际货运航班时刻供给
L1_N70e79b29,市场主体与网络,L1_N70e79b29_BR_ec0720,航空货运网络,L1_N70e79b29_BR_c48137,货运航线网络,L3_N9ecfe06c,提升国际货运中转功能
L1_N70e79b29,市场主体与网络,L1_N70e79b29_BR_ec0720,航空货运网络,L1_N70e79b29_BR_c48137,货运航线网络,L3_Nc594b785,拓展航空货运细分领域
L1_N70e79b29,市场主体与网络,L1_N70e79b29_BR_ec0720,航空货运网络,L1_N70e79b29_BR_c48137,货运航线网络,L3_N65606e29,强化陆运集货网络
L1_N70e79b29,市场主体与网络,L1_N70e79b29_BR_ec0720,航空货运网络,L1_N70e79b29_BR_c48137,货运航线网络,L2_N926fa20a_BR_40d163,敏感货物运输
L1_N70e79b29,市场主体与网络,L1_N70e79b29_BR_ec0720,航空货运网络,L1_N70e79b29_BR_c48137,货运航线网络,L3_N303eccc1,打造精品中转航线网络
L1_N70e79b29,市场主体与网络,L1_N70e79b29_BR_ec0720,航空货运网络,L1_N70e79b29_BR_c48137,货运航线网络,L3_N198ad664,积极打造中转航线
L1_N70e79b29,市场主体与网络,L1_N70e79b29_BR_ec0720,航空货运网络,L1_N70e79b29_BR_c48137,货运航线网络,L2_Nbfebbffa_BR_cc65d1,航线网络布局
L1_N70e79b29,市场主体与网络,L1_N70e79b29_BR_ec0720,航空货运网络,L1_N70e79b29_BR_c48137,货运航线网络,L4_Ne0f95b19,推进航空敏感货物运输业务
L1_N70e79b29,市场主体与网络,L1_N70e79b29_BR_ec0720,航空货运网络,L1_N70e79b29_BR_c48137,货运航线网络,L4_N27d838ea,构建双扇形航线网络布局
L1_N70e79b29,市场主体与网络,L1_N70e79b29_BR_ec0720,航空货运网络,L1_N70e79b29_BR_2ba091,航空货运能力提升,L2_N9a2b3002,鼓励航空货运市场主体开行全货机定期航线
L1_N70e79b29,市场主体与网络,L1_N70e79b29_BR_ec0720,航空货运网络,L1_N70e79b29_BR_2ba091,航空货运能力提升,L2_Nd77a7607,鼓励航空货运市场主体向机场集货
L1_N70e79b29,市场主体与网络,L1_N70e79b29_BR_ec0720,航空货运网络,L1_N70e79b29_BR_2ba091,航空货运能力提升,L2_N9ef25cc0,促进航空货量增长
L1_N70e79b29,市场主体与网络,L1_N70e79b29_BR_ec0720,航空货运网络,L1_N70e79b29_BR_2ba091,航空货运能力提升,L2_N69b20189,鼓励新设立基地货运航空公司
L1_N70e79b29,市场主体与网络,L1_N70e79b29_BR_ec0720,航空货运网络,L1_N70e79b29_BR_2ba091,航空货运能力提升,L2_Ne4cef915,增加全货机运力
L1_N70e79b29,市场主体与网络,L1_N70e79b29_BR_ec0720,航空货运网络,L1_N70e79b29_BR_2ba091,航空货运能力提升,L2_N13abaa5a,增强货运保障能力
L1_N70e79b29,市场主体与网络,L1_N70e79b29_BR_ec0720,航空货运网络,L1_N70e79b29_BR_2ba091,航空货运能力提升,L2_N13abaa5a,增强货运保障能力
L1_N70e79b29,市场主体与网络,L1_N70e79b29_BR_ec0720,航空货运网络,L1_N70e79b29_BR_2ba091,航空货运能力提升,L2_N13abaa5a,增强货运保障能力
L1_N70e79b29,市场主体与网络,L1_N70e79b29_BR_ec0720,航空货运网络,L1_N70e79b29_BR_2ba091,航空货运能力提升,L2_N13abaa5a,增强货运保障能力
L1_N70e79b29,市场主体与网络,L1_N70e79b29_BR_ec0720,航空货运网络,L1_N70e79b29_BR_2ba091,航空货运能力提升,L2_N13abaa5a,增强货运保障能力
L1_N70e79b29,市场主体与网络,L1_N70e79b29_BR_ec0720,航空货运网络,L1_N70e79b29_BR_2ba091,航空货运能力提升,L2_N13abaa5a,增强货运保障能力
L1_N70e79b29,市场主体与网络,L1_N70e79b29_BR_ec0720,航空货运网络,L1_N70e79b29_BR_2ba091,航空货运能力提升,L2_N13abaa5a,增强货运保障能力
L1_N70e79b29,市场主体与网络,L1_N70e79b29_BR_ec0720,航空货运网络,L1_N70e79b29_BR_2ba091,航空货运能力提升,L2_N13abaa5a,增强货运保障能力
L1_N70e79b29,市场主体与网络,L1_N70e79b29_BR_ec0720,航空货运网络,L1_N70e79b29_BR_2ba091,航空货运能力提升,L2_N13abaa5a,增强货运保障能力
L1_N70e79b29,市场主体与网络,L1_N70e79b29_BR_ec0720,航空货运网络,L1_N70e79b29_BR_2ba091,航空货运能力提升,L2_N13abaa5a,增强货运保障能力
L1_N70e79b29,市场主体与网络,L1_N70e79b29_BR_ec0720,航空货运网络,L1_N70e79b29_BR_2ba091,航空货运能力提升,L2_N13abaa5a,增强货运保障能力
L1_N70e79b29,市场主体与网络,L1_N70e79b29_BR_ec0720,航空货运网络,L1_N70e79b29_BR_2ba091,航空货运能力提升,L2_N68c2aa93,提升货源组织能力
L1_N70e79b29,市场主体与网络,L1_N70e79b29_BR_ec0720,航空货运网络,L1_N70e79b29_BR_2ba091,航空货运能力提升,L2_N68c2aa93,提升货源组织能力
L1_N70e79b29,市场主体与网络,L1_N70e79b29_BR_ec0720,航空货运网络,L1_N70e79b29_BR_2ba091,航空货运能力提升,L2_N68c2aa93,提升货源组织能力
L1_N70e79b29,市场主体与网络,L1_N70e79b29_BR_ec0720,航空货运网络,L1_N70e79b29_BR_2ba091,航空货运能力提升,L2_N68c2aa93,提升货源组织能力
L1_N70e79b29,市场主体与网络,L1_N70e79b29_BR_ec0720,航空货运网络,L1_N70e79b29_BR_2ba091,航空货运能力提升,L2_N68c2aa93,提升货源组织能力
L1_N70e79b29,市场主体与网络,L1_N70e79b29_BR_ec0720,航空货运网络,L1_N70e79b29_BR_2ba091,航空货运能力提升,L3_N2d02331f,鼓励市场主体加强货运能力建设
L1_N70e79b29,市场主体与网络,L1_N70e79b29_BR_ec0720,航空货运网络,L1_N70e79b29_BR_2ba091,航空货运能力提升,L3_N571de1aa,招引与合作货运航司
L1_N70e79b29,市场主体与网络,L1_N70e79b29_BR_ec0720,航空货运网络,L1_N70e79b29_BR_2ba091,航空货运能力提升,L3_N29e43ee4,全货运包机基地建设
L1_N70e79b29,市场主体与网络,L1_N70e79b29_BR_ec0720,航空货运网络,L1_N70e79b29_BR_2ba091,航空货运能力提升,L2_N69b20189_BR_05fd1b,货运航空合作
L1_N70e79b29,市场主体与网络,L1_N70e79b29_BR_ec0720,航空货运网络,L1_N70e79b29_BR_2ba091,航空货运能力提升,L4_N219c5452,成立货运机场联盟
L1_N70e79b29,市场主体与网络,L1_N70e79b29_BR_ec0720,航空货运网络,L1_N70e79b29_BR_2ba091,航空货运能力提升,L4_N61514be4,持续发力全货运包机业务
L1_N70e79b29,市场主体与网络,L1_N70e79b29_BR_ec0720,航空货运网络,L1_N70e79b29_BR_2ba091,航空货运能力提升,L4_N8d005590,健全应急物流包机服务体系
L1_N70e79b29,市场主体与网络,L1_N70e79b29_BR_ec0720,航空货运网络,L1_N70e79b29_BR_2ba091,航空货运能力提升,L3_N94978a33,提升客机腹舱运力
L1_N70e79b29,市场主体与网络,L1_N70e79b29_BR_ec0720,航空货运网络,L1_N70e79b29_BR_2ba091,航空货运能力提升,L2_Ne4cef915_BR_f9b7ac,运力提升措施
L1_N70e79b29,市场主体与网络,L1_N70e79b29_BR_ec0720,航空货运网络,L1_N70e79b29_BR_2ba091,航空货运能力提升,L4_N31c774ef,加强与货运航空公司合作
L1_N70e79b29,市场主体与网络,L1_N70e79b29_BR_ec0720,航空货运网络,L1_N70e79b29_BR_2ba091,航空货运能力提升,L4_N94978a33,提升客机腹舱货邮量
L1_N70e79b29,市场主体与网络,L1_N70e79b29_BR_2ba3df,载体与物流创新,L1_N70e79b29_BR_a56c84,产业载体建设,L3_Na1b5b8e4,加快国际航空物流中心载体建设
L1_N70e79b29,市场主体与网络,L1_N70e79b29_BR_2ba3df,载体与物流创新,L1_N70e79b29_BR_a56c84,产业载体建设,L3_N595f8c05,逐步完善冷链物流产业
L1_N70e79b29,市场主体与网络,L1_N70e79b29_BR_2ba3df,载体与物流创新,L1_N70e79b29_BR_a56c84,产业载体建设,L3_N595f8c05,逐步完善冷链物流产业
L1_N70e79b29,市场主体与网络,L1_N70e79b29_BR_2ba3df,载体与物流创新,L1_N70e79b29_BR_a56c84,产业载体建设,L3_N595f8c05,逐步完善冷链物流产业
L1_N70e79b29,市场主体与网络,L1_N70e79b29_BR_2ba3df,载体与物流创新,L1_N70e79b29_BR_a56c84,产业载体建设,L3_N595f8c05,逐步完善冷链物流产业
L1_N70e79b29,市场主体与网络,L1_N70e79b29_BR_2ba3df,载体与物流创新,L1_N70e79b29_BR_167030,物流服务与业态创新,L2_Nf64b0b03,提高物流服务保障效率
L1_N70e79b29,市场主体与网络,L1_N70e79b29_BR_2ba3df,载体与物流创新,L1_N70e79b29_BR_167030,物流服务与业态创新,L2_Nf64b0b03,提高物流服务保障效率
L1_N70e79b29,市场主体与网络,L1_N70e79b29_BR_2ba3df,载体与物流创新,L1_N70e79b29_BR_167030,物流服务与业态创新,L2_Nf64b0b03,提高物流服务保障效率
L1_N70e79b29,市场主体与网络,L1_N70e79b29_BR_2ba3df,载体与物流创新,L1_N70e79b29_BR_167030,物流服务与业态创新,L2_Nf64b0b03,提高物流服务保障效率
L1_N70e79b29,市场主体与网络,L1_N70e79b29_BR_2ba3df,载体与物流创新,L1_N70e79b29_BR_167030,物流服务与业态创新,L2_Nf64b0b03,提高物流服务保障效率
L1_N70e79b29,市场主体与网络,L1_N70e79b29_BR_2ba3df,载体与物流创新,L1_N70e79b29_BR_167030,物流服务与业态创新,L2_N2f32c229,增强航空物流服务能力
L1_N70e79b29,市场主体与网络,L1_N70e79b29_BR_2ba3df,载体与物流创新,L1_N70e79b29_BR_167030,物流服务与业态创新,L2_Nc3c2ff15,丰富多式联运体系
L1_N70e79b29,市场主体与网络,L1_N70e79b29_BR_2ba3df,载体与物流创新,L1_N70e79b29_BR_167030,物流服务与业态创新,L2_Nc3c2ff15,丰富多式联运体系
L1_N70e79b29,市场主体与网络,L1_N70e79b29_BR_2ba3df,载体与物流创新,L1_N70e79b29_BR_167030,物流服务与业态创新,L2_Nc3c2ff15,丰富多式联运体系
L1_N70e79b29,市场主体与网络,L1_N70e79b29_BR_2ba3df,载体与物流创新,L1_N70e79b29_BR_167030,物流服务与业态创新,L2_Nc3c2ff15,丰富多式联运体系
L1_N70e79b29,市场主体与网络,L1_N70e79b29_BR_2ba3df,载体与物流创新,L1_N70e79b29_BR_167030,物流服务与业态创新,L2_Nc3c2ff15,丰富多式联运体系
L1_N70e79b29,市场主体与网络,L1_N70e79b29_BR_2ba3df,载体与物流创新,L1_N70e79b29_BR_167030,物流服务与业态创新,L2_Nc3c2ff15,丰富多式联运体系
L1_N70e79b29,市场主体与网络,L1_N70e79b29_BR_2ba3df,载体与物流创新,L1_N70e79b29_BR_167030,物流服务与业态创新,L2_Nc3c2ff15,丰富多式联运体系
L1_N70e79b29,市场主体与网络,L1_N70e79b29_BR_2ba3df,载体与物流创新,L1_N70e79b29_BR_167030,物流服务与业态创新,L2_Nc3c2ff15,丰富多式联运体系
L1_N70e79b29,市场主体与网络,L1_N70e79b29_BR_2ba3df,载体与物流创新,L1_N70e79b29_BR_167030,物流服务与业态创新,L2_Nc3c2ff15,丰富多式联运体系
L1_N70e79b29,市场主体与网络,L1_N70e79b29_BR_2ba3df,载体与物流创新,L1_N70e79b29_BR_167030,物流服务与业态创新,L2_Nc3c2ff15,丰富多式联运体系
L1_N70e79b29,市场主体与网络,L1_N70e79b29_BR_2ba3df,载体与物流创新,L1_N70e79b29_BR_167030,物流服务与业态创新,L2_Nd39445b0,大力开拓航空物流新兴业态
L1_N70e79b29,市场主体与网络,L1_N70e79b29_BR_2ba3df,载体与物流创新,L1_N70e79b29_BR_167030,物流服务与业态创新,L2_N640a2992,优化供应链管理
L1_N70e79b29,市场主体与网络,L1_N70e79b29_BR_2ba3df,载体与物流创新,L1_N70e79b29_BR_167030,物流服务与业态创新,L2_N640a2992,优化供应链管理
L1_N70e79b29,市场主体与网络,L1_N70e79b29_BR_2ba3df,载体与物流创新,L1_N70e79b29_BR_167030,物流服务与业态创新,L2_N640a2992,优化供应链管理
L1_N70e79b29,市场主体与网络,L1_N70e79b29_BR_2ba3df,载体与物流创新,L1_N70e79b29_BR_167030,物流服务与业态创新,L2_N640a2992,优化供应链管理
L1_N70e79b29,市场主体与网络,L1_N70e79b29_BR_2ba3df,载体与物流创新,L1_N70e79b29_BR_167030,物流服务与业态创新,L2_N640a2992,优化供应链管理
L1_N70e79b29,市场主体与网络,L1_N70e79b29_BR_2ba3df,载体与物流创新,L1_N70e79b29_BR_167030,物流服务与业态创新,L2_N640a2992,优化供应链管理
L1_N70e79b29,市场主体与网络,L1_N70e79b29_BR_2ba3df,载体与物流创新,L1_N70e79b29_BR_167030,物流服务与业态创新,L2_N640a2992,优化供应链管理
L1_N70e79b29,市场主体与网络,L1_N70e79b29_BR_2ba3df,载体与物流创新,L1_N70e79b29_BR_167030,物流服务与业态创新,L2_N640a2992,优化供应链管理
L1_N70e79b29,市场主体与网络,L1_N70e79b29_BR_2ba3df,载体与物流创新,L1_N70e79b29_BR_167030,物流服务与业态创新,L2_N640a2992,优化供应链管理
L1_N70e79b29,市场主体与网络,L1_N70e79b29_BR_2ba3df,载体与物流创新,L1_N70e79b29_BR_167030,物流服务与业态创新,L2_N640a2992,优化供应链管理
L1_N70e79b29,市场主体与网络,L1_N70e79b29_BR_2ba3df,载体与物流创新,L1_N70e79b29_BR_167030,物流服务与业态创新,L2_N640a2992,优化供应链管理
L1_N70e79b29,市场主体与网络,L1_N70e79b29_BR_2ba3df,载体与物流创新,L1_N70e79b29_BR_167030,物流服务与业态创新,L2_N640a2992,优化供应链管理
L1_N70e79b29,市场主体与网络,L1_N70e79b29_BR_2ba3df,载体与物流创新,L1_N70e79b29_BR_167030,物流服务与业态创新,L2_N0e93e380,制造业融合促进
L1_N70e79b29,市场主体与网络,L1_N70e79b29_BR_2ba3df,载体与物流创新,L1_N70e79b29_BR_167030,物流服务与业态创新,L2_N27ba78e2,发展临空经济
L1_N70e79b29,市场主体与网络,L1_N70e79b29_BR_2ba3df,载体与物流创新,L1_N70e79b29_BR_167030,物流服务与业态创新,L2_N27ba78e2,发展临空经济
L1_N70e79b29,市场主体与网络,L1_N70e79b29_BR_2ba3df,载体与物流创新,L1_N70e79b29_BR_167030,物流服务与业态创新,L2_N27ba78e2,发展临空经济
L1_N70e79b29,市场主体与网络,L1_N70e79b29_BR_2ba3df,载体与物流创新,L1_N70e79b29_BR_167030,物流服务与业态创新,L2_N27ba78e2,发展临空经济
L1_N70e79b29,市场主体与网络,L1_N70e79b29_BR_2ba3df,载体与物流创新,L1_N70e79b29_BR_167030,物流服务与业态创新,L2_N27ba78e2,发展临空经济
L1_N70e79b29,市场主体与网络,L1_N70e79b29_BR_2ba3df,载体与物流创新,L1_N70e79b29_BR_167030,物流服务与业态创新,L2_N27ba78e2,发展临空经济
L1_N70e79b29,市场主体与网络,L1_N70e79b29_BR_2ba3df,载体与物流创新,L1_N70e79b29_BR_167030,物流服务与业态创新,L2_N27ba78e2,发展临空经济
L1_N70e79b29,市场主体与网络,L1_N70e79b29_BR_2ba3df,载体与物流创新,L1_N70e79b29_BR_167030,物流服务与业态创新,L2_N27ba78e2,发展临空经济
L1_N70e79b29,市场主体与网络,L1_N70e79b29_BR_2ba3df,载体与物流创新,L1_N70e79b29_BR_167030,物流服务与业态创新,L2_N27ba78e2,发展临空经济
L1_N70e79b29,市场主体与网络,L1_N70e79b29_BR_2ba3df,载体与物流创新,L1_N70e79b29_BR_167030,物流服务与业态创新,L2_N27ba78e2,发展临空经济
L1_N70e79b29,市场主体与网络,L1_N70e79b29_BR_2ba3df,载体与物流创新,L1_N70e79b29_BR_167030,物流服务与业态创新,L2_N27ba78e2,发展临空经济
L1_N70e79b29,市场主体与网络,L1_N70e79b29_BR_2ba3df,载体与物流创新,L1_N70e79b29_BR_167030,物流服务与业态创新,L2_N27ba78e2,发展临空经济
L1_N70e79b29,市场主体与网络,L1_N70e79b29_BR_2ba3df,载体与物流创新,L1_N70e79b29_BR_167030,物流服务与业态创新,L3_N0e93e380,制造业融合促进
L1_N70e79b29,市场主体与网络,L1_N70e79b29_BR_2ba3df,载体与物流创新,L1_N70e79b29_BR_167030,物流服务与业态创新,L2_N0e93e380_BR_1a4623,融合促进措施
L1_N70e79b29,市场主体与网络,L1_N70e79b29_BR_2ba3df,载体与物流创新,L1_N70e79b29_BR_167030,物流服务与业态创新,L4_N0e93e380,加强同制造业融合发展
L1_N6be998d8,通关与口岸效能,L2_Ne455f9ae,自贸赋能临空产业,L4_Nfb48b97b,强化大通关基地与自贸试验区机场片区联动发展,,
L1_N6be998d8,通关与口岸效能,L1_N6be998d8_BR_8df89b,空港口岸优化,L3_N7e9ff5f6,提升航空口岸便利化水平,L4_N9273a814,建立三关合一创新监管模式
L1_N6be998d8,通关与口岸效能,L1_N6be998d8_BR_8df89b,空港口岸优化,L2_N0109e16a,优化航空口岸服务功能与环境,L3_N8283673b,丰富航空口岸功能
L1_N6be998d8,通关与口岸效能,L1_N6be998d8_BR_8df89b,空港口岸优化,L2_N0109e16a,优化航空口岸服务功能与环境,L3_N53ff6178,提高口岸通关便利化水平
L1_N6be998d8,通关与口岸效能,L1_N6be998d8_BR_8df89b,空港口岸优化,L2_N0109e16a,优化航空口岸服务功能与环境,L3_N4b540045,加快大通关基地建设运营
L1_N6be998d8,通关与口岸效能,L1_N6be998d8_BR_8df89b,空港口岸优化,L2_N0109e16a,优化航空口岸服务功能与环境,L3_N1da589d2,推动口岸和综合保税区功能融合
L1_N6be998d8,通关与口岸效能,L1_N6be998d8_BR_8df89b,空港口岸优化,L2_N0109e16a,优化航空口岸服务功能与环境,L2_N0109e16a_BR_448437,通关便利化
L1_N6be998d8,通关与口岸效能,L1_N6be998d8_BR_8df89b,空港口岸优化,L2_N0109e16a,优化航空口岸服务功能与环境,L4_N8648b9f1,突破传统监管模式
L1_N6be998d8,通关与口岸效能,L1_N6be998d8_BR_8df89b,空港口岸优化,L2_N0109e16a,优化航空口岸服务功能与环境,L4_N5edfd835,实行一站式通关作业模式
L1_N6be998d8,通关与口岸效能,L1_N6be998d8_BR_8df89b,空港口岸优化,L2_N0109e16a,优化航空口岸服务功能与环境,L4_N34f6aab4,建设通关单一窗口
L1_N6be998d8,通关与口岸效能,L1_N6be998d8_BR_8df89b,空港口岸优化,L4_N6c65c54a,提升空港口岸通关效率,,
L1_N6be998d8,通关与口岸效能,L1_N6be998d8_BR_995bce,费用与通关便利,L2_N33b2d022,减免口岸及货站操作处置费用,,
L1_N6bbea948,智慧绿色转型,L2_Ne1879105,提升枢纽智慧水平,L3_N09522c48,推进智慧平台建设,L4_N96f6c2a8,加快构建智慧航空物流综合服务平台
L1_N6bbea948,智慧绿色转型,L2_Ne1879105,提升枢纽智慧水平,L3_N09522c48,推进智慧平台建设,L4_Na35a474b,引入战略投资者
L1_N6bbea948,智慧绿色转型,L2_Ne1879105,提升枢纽智慧水平,L4_N6e9da33c,实施航空货运全流程定位追踪,,
L1_N6bbea948,智慧绿色转型,L2_Ne1879105,提升枢纽智慧水平,L4_N6b11fc79,打造良好的航空货运社区,,
L1_N6bbea948,智慧绿色转型,L2_Na75f0b05,提升枢纽绿色水平,,,,
L1_N6bbea948,智慧绿色转型,L2_Nfdcfd3c4,智慧货运高效管理,L3_Ne42076c0,推进智慧货运技术应用,,
L1_N6bbea948,智慧绿色转型,L2_Nfdcfd3c4,智慧货运高效管理,L2_Nfdcfd3c4_BR_84f4d0,货运可视化,L4_Nea0a385e,实现货物状态可视化
L1_N6bbea948,智慧绿色转型,L2_Nfdcfd3c4,智慧货运高效管理,L2_Nfdcfd3c4_BR_a78b7b,资金引入,L4_N48c963e1,引入资金
L1_N6bbea948,智慧绿色转型,L2_Nfdcfd3c4,智慧货运高效管理,L4_N08407b0e,增强经营实力,,
L1_N6bbea948,智慧绿色转型,L2_Nfdcfd3c4,智慧货运高效管理,L4_N1244f6cb,统筹单据标准化建设,,
L1_N6bbea948,智慧绿色转型,L1_N6bbea948_BR_3d6bc6,航空货运转型,L3_N5b8fd671,推动航空货运绿色低碳发展,,
L1_N6bbea948,智慧绿色转型,L1_N6bbea948_BR_3d6bc6,航空货运转型,L3_Nbf5cb6ef,提升航空货运安全韧性水平,,
L1_N52f6895e,区域协同与产业联动,L2_Nc81ee0b8,大力拓展货源腹地,L3_N3494c85c,东盟电商服务拓展,L4_N3494c85c,简单加工等服务成为东盟跨境电商的核心服务商
L1_N52f6895e,区域协同与产业联动,L2_Nc81ee0b8,大力拓展货源腹地,L2_Nc81ee0b8_BR_a92ee4,东盟电商服务,,
L1_N52f6895e,区域协同与产业联动,L2_N6d9c5da7,营造宜商宜业环境,L3_Nb1103d45,促进信息资源互联共享,,
L1_N52f6895e,区域协同与产业联动,L2_N6d9c5da7,营造宜商宜业环境,L3_N792037db,优化简化货物安检流程,,
L1_N52f6895e,区域协同与产业联动,L2_N6d9c5da7,营造宜商宜业环境,L3_N42402ab1,提升口岸通关便利化水平,,
L1_N52f6895e,区域协同与产业联动,L2_Na5b73aaf,推动区港联动发展,L3_N724f0a0b,加强与重点产业园区对接,,
L1_N52f6895e,区域协同与产业联动,L2_Na5b73aaf,推动区港联动发展,L2_Na5b73aaf_BR_6c5234,区港联动项目,L4_N0188902d,建设跨境产业园
L1_N52f6895e,区域协同与产业联动,L2_N4f9516d8,大力发展航空经济,L3_Nf50b9a9d,推进临空经济发展,,
L1_N52f6895e,区域协同与产业联动,L2_N4f9516d8,大力发展航空经济,L3_Nea04744e,加强国际机场与周边区域联动,,
L1_N52f6895e,区域协同与产业联动,L2_N4f9516d8,大力发展航空经济,L3_N2c29b561,促进航空货运相关产业发展,,
L1_N52f6895e,区域协同与产业联动,L2_N4f9516d8,大力发展航空经济,L2_N4f9516d8_BR_a9e426,临空产业推进,L4_N5a060ef1,加快临空产业园建设
L1_N52f6895e,区域协同与产业联动,L2_N4f9516d8,大力发展航空经济,L2_N4f9516d8_BR_a9e426,临空产业推进,L4_N1513dd0d,加快临空仓储物流快递集群建设
L1_N52f6895e,区域协同与产业联动,L2_N4f9516d8,大力发展航空经济,L2_N4f9516d8_BR_ebb95b,航空维修支持,L4_Nc28ba84f,支持飞机维修产业加快发展
L1_N52f6895e,区域协同与产业联动,L2_Nd825449f,延伸产业丰富业态,L3_N97559905,延伸航空物流链条,L4_Nd3a9b4af,与快递企业深度合作
L1_N52f6895e,区域协同与产业联动,L2_Nd825449f,延伸产业丰富业态,L3_N97559905,延伸航空物流链条,L4_Nf3f8f8c3,提供门到门物流服务
L1_N52f6895e,区域协同与产业联动,L2_Nd825449f,延伸产业丰富业态,L3_N97559905,延伸航空物流链条,L4_N832c0c49,打造中国东盟跨境电商综合服务平台
L1_N52f6895e,区域协同与产业联动,L2_Nd825449f,延伸产业丰富业态,L3_N97559905,延伸航空物流链条,L4_N198738ba,打造生鲜集散中心
L1_N52f6895e,区域协同与产业联动,L2_Nd825449f,延伸产业丰富业态,L3_N97559905,延伸航空物流链条,L4_N3fa16235,打造生鲜加工中心
L1_N52f6895e,区域协同与产业联动,L2_Nd825449f,延伸产业丰富业态,L3_N97559905,延伸航空物流链条,L4_N69265178,建立健全中转物流链
L1_N52f6895e,区域协同与产业联动,L2_Nd825449f,延伸产业丰富业态,L3_N32b417e2,生鲜交易市场建设,,
L1_N52f6895e,区域协同与产业联动,L2_Nd825449f,延伸产业丰富业态,L2_Nd825449f_BR_4fe323,交易中心建设,L4_N32b417e2,打造生鲜交易中心
L1_N604d4c42,资源与要素保障,L2_N649ec6c7,扎实做好货物运输保障,L3_N77a3b68b,推进集疏运体系建设,,
L1_N604d4c42,资源与要素保障,L2_N649ec6c7,扎实做好货物运输保障,L3_N98ef0212,优化货物运输组织,,
L1_N604d4c42,资源与要素保障,L2_N9f46f3fd,继续做好航空资源保障,L3_N8458a8a8,完善航线网络布局,,
L1_N604d4c42,资源与要素保障,L2_Nbd50000d,持续提升服务保障能力,L3_N84a28744,打造高效便利的营商环境,,
L1_N604d4c42,资源与要素保障,L2_Nbd50000d,持续提升服务保障能力,L3_Nb148a883,提升设施装备供给水平,,
L1_N604d4c42,资源与要素保障,L2_N306e9a75,强化基础能力保障,L3_N3ab0a1a9,加快基础设施建设,,
L1_N604d4c42,资源与要素保障,L2_Nff3b5230,聚集航空物流资源要素,L3_Na5cf0ba6,完善航空物流配套设施,,
L1_N604d4c42,资源与要素保障,L2_Nff3b5230,聚集航空物流资源要素,L3_N48dcd88a,助力基地航空公司发展,,
L1_N604d4c42,资源与要素保障,L2_Nff3b5230,聚集航空物流资源要素,L3_N9815851a,大力培育适航产业,,
L1_N604d4c42,资源与要素保障,L2_N24b2144b,加大政策扶持力度,L3_Nc21e1f2f,完善财政奖补机制,,
L1_N604d4c42,资源与要素保障,L2_N24b2144b,加大政策扶持力度,L3_N71ce64b1,积极争取政策倾斜,,
L1_N604d4c42,资源与要素保障,L2_N24b2144b,加大政策扶持力度,L3_Ne6cde812,完善配套政策支持,L4_N59784fee,强化双网双枢纽政策支持
L1_N604d4c42,资源与要素保障,L2_N24b2144b,加大政策扶持力度,L3_Ne6cde812,完善配套政策支持,L4_N6c7fdcaf,强化电子商务发展政策支持
