doc_id,block_idx,block_text,final_type_label,final_level,是否聚类
DF0009,14,"　　二、加快完善枢纽规划布局
",heading,H1,是
DF0009,15,"（三）根据形势任务发展需要，适时启动《上海国际航空枢纽战略规划》修编工作，进一步深化明确上海两场功能定位。（责任单位：民航华东地区管理局、市交通委、机场集团）
",heading,NA,否
DF0009,16,"（四）加快推进浦东国际机场、虹桥国际机场总体规划修编，完善机场货站布局规划。整合浦东国际机场现有分散货运设施，加快形成“东西两片区”布局。（责任单位：民航华东地区管理局、市规划资源局、机场集团）
",heading,NA,否
DF0009,17,"　　三、加快推进基础设施建设
",heading,H1,是
DF0009,18,"（五）推动上海空港型国家物流枢纽建设，加快建成并投运浦东国际机场智能货站、集中查验中心等基础设施，抓紧启动浦东国际机场新东货运区快件和跨境电商货物处理中心、亚太一站式航空物流中心等项目建设。（责任单位：机场集团、东航集团、上海海关、浦东新区政府、市发展改革委、临港新片区管委会）
",normal,NA,否
DF0009,19,"（六）加快推进浦东国际机场第五跑道军地协议签订、飞行程序调整等前期工作，推动第五跑道尽快开放使用。（责任单位：市发展改革委、民航华东地区管理局、机场集团、民航华东空管局）
",normal,NA,否
DF0009,20,"（七）持续完善上海两场及周边地区综合交通规划方案，加快推进周邓快速路、漕宝快速路、G15等机场地区对外道路通道项目建设。（责任单位：市交通委、浦东新区政府）
",normal,NA,否
DF0009,21,"（八）鼓励支持国内航空公司扩大货运机队规模，吸引国外航空公司加大在沪运力投放力度，进一步增强上海两场货运保障能力。（责任单位：市交通委、市发展改革委、市商务委（市口岸办）、民航华东地区管理局、机场集团、基地航空公司）
",normal,NA,否
DF0009,22,"　　四、积极培育多元经营主体
",heading,H1,是
DF0009,23,"（九）支持国内外航空公司、快递物流企业等各类经营主体在上海设立总部或分拨中心，发展航空货运业务，建设货运保障设施。吸引具有国际影响力的货运代理企业落户上海，培育提升本地货运代理企业的服务竞争力。（责任单位：市交通委、市商务委、市发展改革委、民航华东地区管理局、上海海关、机场集团）
",heading,NA,否
DF0009,24,"（十）根据产业发展需求，布局建设前置仓和集货仓，完善生产、仓储、运输等物流体系，为冷链物流、跨境电商、电子芯片、生物医药等行业提供保障。支持航空物流企业立足上海布局建设海外货站。（责任单位：市发展改革委、市商务委（市口岸办）、市经济信息化委、市规划资源局、市交通委、机场集团、东航集团）
",heading,NA,否
DF0009,25,"　　五、大力拓展增量市场业务
",heading,H1,是
DF0009,26,"（十一）加快打造通关便捷、资源配套、快速高效的空空中转模式，不断优化中转作业流程，提升机场地面保障能力。推动中外航空公司强化货运中转功能，积极对接需求、集聚资源，持续开发货运中转产品，提升航空货物中转量。（责任单位：市交通委、市商务委（市口岸办）、上海海关、民航华东地区管理局、机场集团、东航集团）
",heading,NA,否
DF0009,27,"（十二）大力发展多式联运业务，加快推进东方枢纽空铁一体化规划建设，持续推动空铁联运业务拓展。（责任单位：市交通委、民航华东地区管理局、中国铁路上海局集团、东方枢纽集团、机场集团、东航集团、上港集团）
",heading,NA,否
DF0009,28,"　　六、扎实做好货物运输保障
",heading,H1,是
DF0009,29,"（十三）推动航空物流、生产制造、跨境电商等企业合作，持续加大电子芯片、生物医药等高附加值产品运输保障，加强对生活类跨境电商货物的运输保障，关注工业品电商跨境发展新趋势，不断优化上海航空口岸货物运输结构。（责任单位：市交通委、市商务委（市口岸办）、市经济信息化委、基地航空公司）
",normal,NA,否
DF0009,30,"（十四）推动航空物流、跨境电商等企业深化合作，建立服务跨境电商专属平台，组建跨境电商专属运输机队（自购、租赁货机），开设跨境电商专属航线航班，服务上海口岸跨境电商货物空运需求。（责任单位：市交通委、市商务委（市口岸办）、市国资委、民航华东地区管理局、东航集团）
",normal,NA,否
DF0009,31,"（十五）深入推进跨境电商货物便利化运输试点，建设跨境电商货物便利化收运数字管理平台。打响“出海优品”活动，举办“跨境电商＋产业带”系列活动。（责任单位：市商务委（市口岸办）、机场集团、东航集团）
",normal,NA,否
DF0009,32,"　　七、提升枢纽智慧绿色水平
",heading,H1,是
DF0009,33,"（十六）加快建设中国（上海）国际贸易“单一窗口”航空物流公共信息平台，不断完善增强“空运通”平台功能。（责任单位：市商务委（市口岸办）、机场集团、东航集团）
",normal,NA,否
DF0009,34,"（十七）加快推进货站设施智慧化改造，不断提升航空货物单证电子化率。支持机场、航空公司等经营主体建设面向国际运输及跨境电商、生鲜冷链、锂电池、生物医药等专业保障基础设施。推广使用自动引导搬运车（AGV）、自动分拣系统等设施设备。（责任单位：民航华东地区管理局、机场集团、东航集团）
",normal,NA,否
DF0009,35,"（十八）加强航空货物安检、全景感知、无人化等领域的新技术研发与应用，推动完成一批上海两场场内特种车辆新能源替代。（责任单位：民航华东地区管理局、市交通委、机场集团、东航集团）
",normal,NA,否
DF0009,36,"　　八、继续做好航空资源保障
",heading,H1,是
DF0009,37,"（十九）结合航空货运市场发展需求，争取民航局在远程航线航权、二类稀缺航线航权等资源配置上给予倾斜，提升主基地航空公司在航线准入和航权配置的优先级，支持各航空公司聚焦主基地建设；增加一定日间货邮航班时刻供给，增强货运航线航班和跨境电商货物出口运输需求的匹配度；优化航班审批流程，为航空公司开展货运加班和包机业务提供便利。（责任单位：民航华东地区管理局、市交通委、基地航空公司、机场集团）
",normal,NA,否
DF0009,38,"（二十）推动基地航空公司继续做深做远欧美地区航线、做优做强亚洲地区航线，并积极拓展“一带一路”国家和地区的航线，进一步增强全球供应链重点城市连接密度。（责任单位：民航华东地区管理局、市交通委、基地航空公司、机场集团）
",normal,NA,否
DF0009,39,"　　九、全面改善枢纽运营环境
",heading,H1,是
DF0009,40,"（二十一）加强“智慧海关”建设，打造智享联通的大数据平台，探索形成符合新业态发展趋势需要的数字化监管体系。推动跨境电商进口税款电子支付和创新优化退货流程等业务改革。研究上海两场之间国际转运货物海关监管模式创新，提高航空货物的通关和中转效率，进一步压缩航空口岸进出口货物整体通关时间。（责任单位：上海海关、市商务委（市口岸办）、机场集团）
",normal,NA,否
DF0009,41,"（二十二）探索实施航空货运管制代理人制度，加快建设具有安检功能的专业型航空前置货站，开展机场与货站之间航空货物地面驳运安保试点。（责任单位：民航华东地区管理局、市交通委、市商务委（市口岸办）、机场集团、东航集团）
",normal,NA,否
DF0298,13,"　　二、主要任务
",heading,H1,是
DF0298,14,"　　（一）加快构建国际航线网络
",heading,H2,是
DF0298,15,　　1.完善国际航空货运航线。,heading,H3,是
DF0298,16,"按照“成熟一条、开行一条、稳固一条""的原则，制定差异化的航线培育计划。加快恢复受疫情影响停运的国际全货机航线和腹舱带货的客运航班，及时将客改货航班提升为稳固运行的国际全货机航线。加密拓展美洲、欧洲等洲际全货机航线，加密至大阪、台北、香港等亚洲全货机航线，拓展东盟、中东欧等多个国家航点，稳固开行至河内、布达佩斯等方向的国际全货机航线3条以上。到2025年，全市国际通航城市达到25个以上，国际全货机定期航线数量达到10条以上。（牵头单位：宁波临空经济示范区管委会、宁波机场集团；配合单位：市商务局、市外办、市邮政管理局、宁波空管站）扩大机场时刻容量供给，合理安排8时至22时国际货运航班时刻，进一步提高国际航空货运飞机日利用率和机场货运服务设施设备利用率。到2025年，力争宁波机场高峰时刻容量提升至22架次/小时。（牵头单位：宁波临空经济示范区管委会、宁波机场集团；配合单位：宁波空管站）
",normal,NA,否
DF0298,17,　　2.提升国际货运中转功能。,heading,H3,是
DF0298,18,"以在甬执飞航线为基础，加强与国际货运枢纽机场、国内大型机场及航空公司的合作，拓展国际—国际、国际—国内间多形式、多渠道的空空中转业务。实现第五航权航线稳定运行。（牵头单位：宁波临空经济示范区管委会、宁波机场集团；配合单位：市商务局、市外办、市口岸办、宁波海关）加强与长三角周边城市的协同联动，增加宁波至国内城市卡车航班的开行数量，扩大空公联运辐射半径。（牵头单位：宁波临空经济示范区管委会；配合单位：市支援合作局、宁波机场集团）
",normal,NA,否
DF0298,19,"　　（二）着力培育市场主体
",heading,H2,是
DF0298,20,　　3.大力招引货运航空公司。,heading,H3,是
DF0298,21,"加大对货运航空公司的定向招商力度，到2025年，力争引进货运基地航空公司1家，引进注册本土航空公司1家。（牵头单位：宁波临空经济示范区管委会、宁波机场集团；配合单位:市商务局、市国资委、市支援合作局、市服务业局、市投资促进署）加大货机投放力度，拓展全球航空货运业务。到2025年，新引进投放过夜货机的航空公司2家，宁波机场国际全货机总运力达到10架，其中过夜全货机4架，每周国际全货机航班数量达到50班。（牵头单位：宁波临空经济示范区管委会；配合单位:市商务局、市服务业局、宁波机场集团）
",normal,NA,否
DF0298,22,　　4.引进培育总部型货代企业。,heading,H3,是
DF0298,23,"提升招商引资政策的精准性，大力引进国内外知名航空货代企业，组织开展对揽货能力强的品牌快递企业的定向招商。到2025年，全市新引进知名航空货代企业3家。（牵头单位：宁波临空经济示范区管委会、宁波机场集团；配合单位：市商务局、市服务业局、市投资促进署、市邮政管理局）
",normal,NA,否
DF0298,24,"　　（三）大力拓展货源腹地
",heading,H2,是
DF0298,25,　　5.加快提升揽货集货能力。,heading,H3,是
DF0298,26,"引导支持市航空物流企业与工业企业、外贸进出口企业（含跨境电商企业）、邮政快递企业等重点货源生成企业开展供需对接，根据市场需求及自身条件，优化航线网络配置，改进提升物流供给服务，就地就近满足货主需求。（牵头单位：宁波临空经济示范区管委会、市商务局、市经信局；配合单位：市服务业局、宁波海关、市邮政管理局、宁波机场集团，各区〔县、市〕政府、开发园区管委会）鼓励本地货代企业走出去，支持外地货代企业在我市注册落户、稳固经营，进一步增强揽货集货能力，提高货源集中度和航班实载率。（牵头单位：宁波临空经济示范区管委会、市商务局；配合单位：市支援合作局、市服务业局、市邮政管理局、宁波机场集团）
",normal,NA,否
DF0298,27,　　6.推进临空经济发展。,heading,H3,是
DF0298,28,"加快临空经济示范区建设，推进临空制造、国际贸易、医药健康等临空产业集聚。充分发挥宁波国际邮件互换局、国家跨境电子商务综合试验区、保税物流中心等平台优势，重点发展航空快递、冷链物流、跨境电商、保税物流等业态，加快形成航空物流特色产业链。（牵头单位：宁波临空经济示范区管委会；配合单位：市商务局、市服务业局、市邮政管理局、宁波海关、宁波机场集团，各区〔县、市〕政府、开发园区管委会）谋划布局若干投资体量大、引领带动强、港产城融合度高的重大临空产业项目，推动临空经济突破性发展。（牵头单位：宁波临空经济示范区管委会；配合单位：市发改委、市自然资源规划局、市商务局、市投资促进署、宁波机场集团）
",normal,NA,否
DF0298,29,"　　（四）持续提升服务保障能力
",heading,H2,是
DF0298,30,　　7.加快机场基础设施建设。,heading,H3,是
DF0298,31,"完成宁波机场跑滑系统优化工程，提升跑道使用效率。尽快开工建设机场四期项目，高标准设计第二跑道，满足B777等大型全货机满载起降要求。（牵头单位：宁波机场集团；配合单位：市发改委、市铁路和西枢纽建设中心，海曙区政府）加快宁波机场货站扩容升级，新建成货代用房4000平方米，盘活老货站仓库2万平方米，研究设置国际货运二级分拨仓库，并与机场货运区联动作业，优化货代组货、货物堆存、报关前置等功能，提升国际货运保障能力。加快推进国际“邮快跨""收运通道建设。（牵头单位：宁波机场集团、宁波临空经济示范区管委会；配合单位：市发改委、市商务局、市口岸办、宁波海关、市邮政管理局，海曙区政府）
",normal,NA,否
DF0298,32,　　8.推进集疏运体系建设。,heading,H3,是
DF0298,33,"加快推进绕城高速改线、甬台温高速改扩建、G228国道海曙段等项目，构建宁波机场对外成环的集疏运体系。（牵头单位：市交通局；配合单位：市发改委、市自然资源规划局、宁波交投控股，相关区〔县、市〕政府）加快推进鄞州大道、秋实路等工程，构建“三横三纵一联""的机场快速路网。推进机场空港大道、雅戈尔大道改建等项目，布局形成“进离场主通道+货运区专用道路""机场内部中转网络，打造高效快捷的集疏运体系。（牵头单位：市住建局；配合单位：市发改委、市自然资源规划局、市交通局、市铁路和西枢纽建设中心、宁波机场集团，海曙区政府）
",normal,NA,否
DF0298,34,　　9.完善航空物流配套设施。,heading,H3,是
DF0298,35,"优化完善临空区域航空物流布局，提升货机过夜停放、检测维修、加油服务等配套功能。支持推进空港核辐射检测实验室建设，助力宁波机场国际生鲜冷链港项目做大做强。创新物流设施建设模式，鼓励航空公司、大型货代企业与宁波机场合作，共建共用机场货站、仓库等物流设施。（牵头单位：宁波临空经济示范区管委会、宁波机场集团；配合单位：市自然资源规划局、市商务局）
",normal,NA,否
DF0298,36,　　10.打造高效便利的营商环境。,heading,H3,是
DF0298,37,"延长宁波机场货运区免费堆存时间，降低收费标准，为货物揽收、包机开行、口岸通关等工作创造有利条件。（牵头单位：宁波临空经济示范区管委会；配合单位：宁波机场集团）引进具备航空货物运输条件鉴定、磁性安全检测等资质的第三方专业检测机构，有效提升电子产品、汽车零部件、危险品、超常规货物在装载启运前的前置性安全查验能力。（牵头单位：宁波临空经济示范区管委会；配合单位：市商务局、宁波机场集团）深入推进提前申报、两步申报、两段准入等通关改革，配强机场口岸查验工作力量，落实必要经费保障，提升宁波机场24小时通关服务能力。（牵头单位：宁波临空经济示范区管委会、市口岸办；配合单位：宁波海关、宁波机场集团）推进航空物流相关信息平台建设，实现航空物流领域平台互联、数据共享，提升航空物流智能化、一体化水平。（牵头单位：宁波临空经济示范区管委会、市口岸办；配合单位：宁波海关、宁波机场集团）根据产业发展需要及基础设施建设等情况，适时启动栎社保税物流中心升级为综合保税区的可行性研究，分阶段开展综合保税区申报工作。（牵头单位：宁波临空经济示范区管委会；配合单位：市自然资源规划局、市商务局、市口岸办、宁波海关、宁波机场集团）
",normal,NA,否
DF0298,38,"　　（五）不断强化政策引导支持
",heading,H2,是
DF0298,39,　　11.出台新一轮专项扶持政策。,heading,H3,是
DF0298,40,"围绕国际航空货运航线拓展、市场主体引进培育、流量提升等方面，细化出台国际航空货运发展专项扶持政策，聚焦目标任务，进一步提高扶持政策的精准性和有效性。全力争取国家、省相关政策支持。（牵头单位：宁波临空经济示范区管委会；配合单位：市财政局、市交通局、市服务业局、宁波机场集团）
",normal,NA,否
DF0403,12,"一、鼓励航空货运市场主体开行全货机定期航线，构建覆盖全球的货运航线网络
",heading,H1,是
DF0403,13,"　　（一）对在成都机场（含成都双流国际机场和成都天府国际机场，下同）新开国际（不含地区）全货机定期航线的航空公司，市政府依据成都航空货运枢纽航线网络发展规划、全货机定期航线航班情况（航程距离、机型大小、航班密度）和市场难易程度等因素可给予航空公司为期三年的财政奖励，在开航培育期第一年，新开洲际全货机定期航线给予30万-50万元/班（航线每班是指一个往返程航班，下同）的财政奖励，新开亚洲全货机定期航线给予5万-20万元/班的财政奖励；开航培育期第二、三年财政奖励原则上为第一年标准的80%。
",normal,NA,否
DF0403,14,"　　（二）对正在享受市政府上述第（一）款财政奖励的国际（不含地区）全货机定期航线，在成都机场加密国际（不含地区）全货机定期航线航班的航空公司，在航线航班未实现每天一班前，市政府给予加密航班与现有航线航班同等标准的市场开拓费用财政奖励，奖励期限至该航线协议执行到期为止。
",normal,NA,否
DF0403,15,"　　（三）对在成都机场新开国内（含地区）全货机定期航线和加密国内（含地区）全货机定期航线航班（未达到每天一班全货机航班）的航空公司，市政府根据机型大小确定给予新开国内（含地区）全货机定期航线两年培育期的财政奖励，奖励标准为2万-5万元/班，给予加密航班一年期的市场开拓费用财政奖励，奖励标准为1万-3万元/班。
",normal,NA,否
DF0403,16,"　　（四）对未享受市政府补贴的国际（含地区）全货机定期航线，在航空公司保持现有航线航班数量不减的情况下，市政府可给予为期三年保持航班稳定运行的财政奖励，奖励标准为1万-3万元/班；如在此期间航空公司加密现有航线航班并能够稳定运行一年以上，市政府可给予该加密航线航班与现有稳定运行航班同等1万-3万元/班的奖励。
",normal,NA,否
DF0403,17,"　　（五）其他航空货运市场主体在成都机场开行全货机航线的奖励条件和标准参照航空公司执行。
",normal,NA,否
DF0403,18,"　　（六）对战略性国际全货机定期航线、特别重要急需货运航线和重大招商项目涉及大宗商品运输任务，经市政府专题研究确定奖励标准后，由市政府给予财政奖励。
",normal,NA,否
DF0403,19,"二、鼓励航空货运市场主体向成都机场集货，促进航空货量、中转货量增长
",heading,H1,是
DF0403,20,"　　（一）对航空公司利用国内全货机航班和国内客运航班经成都机场进出港的国内货物增量市政府给予财政奖励。各航空公司以上一年对成都贡献的进出港货量为基数，当年进出港货量增长幅度达到25%（含）以上给予1.0元/公斤奖励，增长幅度达到20%（含）以上给予0.8元/公斤奖励，增长幅度达到10%（含）以上给予0.5元/公斤奖励。
",normal,NA,否
DF0403,21,"　　（二）对航空公司在成都机场库区内实现中转的国际（含地区）货物市政府给予空空中转联运的财政奖励，奖励标准：国内转国际、国际转国内、国际转国际的中转货物2.0元/公斤。
",normal,NA,否
DF0403,22,"　　（三）对航空货站在成都机场开展跨航空公司、跨货站国际（含地区）货物库区内快速中转业务市政府给予中转货物处置财政奖励，奖励标准1.0元/公斤。
",normal,NA,否
DF0403,23,"　　（四）对货代企业在成都机场利用国际（含地区）全货机航班进出港和利用国际客运航班进港的国际货物货量市政府给予财政奖励。国际（含地区）全货机航班进港的奖励标准为远程（10小时以上航距）2.0元/公斤，中程（6-10小时航距）1.5元/公斤，近程（6小时以内航距）1.0元/公斤；国际（含地区）全货机航班出港的奖励标准为0.5元/公斤。国际客运航班进港的奖励标准为0.5元/公斤。
",normal,NA,否
DF0403,24,"　　（五）对货代企业采用地面运输将四川省行政区域范围以外国际货物通过成都机场进出港市政府给予空地联运集货费用财政奖励，奖励标准2.0元/公斤。
",normal,NA,否
DF0403,25,"　　（六）对货代企业或贸易企业利用成都空运进境指定监管场地（植物种苗、冰鲜水产品、食用水生动物、药品、生物制品、水果、肉类、国际邮件）进口特殊货物，市政府给予货量奖励，奖励标准1.0元/公斤。
",normal,NA,否
DF0403,26,"　　（七）对货代企业或货主企业采用全货机国际包机（军品运输、救灾物资等特殊包机除外）方式经成都机场进出港，且全年包机航班达到10班以上，市政府给予全货机国际包机奖励，奖励标准为新开同类国际全货机定期航线财政奖励标准的30%。
",normal,NA,否
DF0403,27,"三、鼓励在成都新设立基地货运航空公司，增加全货机运力
",heading,H1,是
DF0403,28,"　　对在成都机场新设立的基地货运航空公司：
",normal,NA,否
DF0403,29,"　　（一）市政府根据其全货机机型和运力投放能力等情况给予一次性落户财政奖励，奖励标准为1000万-2000万元。
",normal,NA,否
DF0403,30,"　　（二）市政府给予新设立基地货运航空公司配套建设项目供地保障，同时所在区（市）县政府（管委会）给予项目建设优惠扶持政策。
",normal,NA,否
DF0403,31,"　　（三）自投入运营年度起，由所在区（市）县政府（管委会）参照其对地方经济的贡献大小给予为期五年的财政奖励，用于支持其发展投入。
",normal,NA,否
DF0403,32,"四、鼓励在成都新设立国际航空货运转运（分拨）中心，提升航空货运枢纽集疏运能力
",heading,H1,是
DF0403,33,"　　对在成都机场新设立年度航空货运处理能力20万吨（含）以上的国际航空货运转运（分拨）中心：
",normal,NA,否
DF0403,34,"　　（一）市政府给予一次性落户财政奖励，奖励标准为2000万元。
",normal,NA,否
DF0403,35,"　　（二）市政府给予供地保障，同时所在区（市）县政府（管委会）给予项目建设优惠扶持政策。
",normal,NA,否
DF0403,36,"　　（三）自投入运营年度起，由所在区（市）县政府（管委会）参照其对地方经济的贡献大小给予为期五年的财政奖励，用于支持其发展投入。
",normal,NA,否
DF0403,37,"　　（四）投入运营后年度实际处理货量（进出港及中转）达到5万吨（含）以上市政府给予500万元年度奖励，年度实际处理货量每增加1万吨，年度奖励亦增加100万元，最高奖励2000万元。
",normal,NA,否
DF0403,38,"五、提升空港口岸作业效率，减免口岸及货站操作处置费用
",heading,H1,是
DF0403,39,"　　（一）对进出成都机场的国际货物的操作处置费用分别给予进港国际货物0.15元/公斤、出港国际货物0.2元/公斤的市财政补贴，保持成都机场航空货站的收费标准处于全国较低水平。
",normal,NA,否
DF0403,40,"　　（二）积极推进成都双流国际机场航空货站功能前置至空港国际快件中心和海关特殊监管场所，实现航空口岸一体化营运工作机制，免除企业在空港国际快件中心和海关特殊监管场所办理业务的全部费用，市区两级财政按照8：2比例共同分担所产生的费用。
",normal,NA,否
DF0459,9,"二、重点任务
",heading,H1,是
DF0459,10,"　　（一）提升货运设施保障能力。
",heading,H2,是
DF0459,11,　　1.加强基础设施建设。,heading,H3,是
DF0459,12,"加快推进南京禄口机场三期工程、国际快件与跨境电商处理中心建设，优化完善货运设施布局。支持中国邮政集团加快建设南京国际货邮综合核心口岸，打造“邮、快、跨、普”全业务综合物流平台。加快实施无锡硕放机场改扩建工程，建成东部货运区工程、供油工程、国际邮件交换站，提升国际快件、跨境电商运营水平。推动南通兴东机场国际货库改扩建工程、盐城南洋机场飞行区等级提升工程，以及扬州泰州机场、淮安涟水机场跨境电商监管中心建设。加快完善机场货运集疏运体系。支持航空异地货站按照机场控制区安保要求和标准加快基础设施建设。（省发展改革委、省自然资源厅、省生态环境厅、省交通运输厅、省邮政管理局、民航江苏安全监管局、东部机场集团按职责分工负责。相关设区市人民政府为责任主体，下同，不再列出）
",normal,NA,否
DF0459,13,　　2.提升装备专业化水平。,heading,H3,是
DF0459,14,"适度超前完善南京禄口机场、无锡硕放机场、南通机场的快递、冷链、医药、活体动物、危险品及“空空联运”中转场地等货站设施及指定监管场地，按需加大升降平台车、分解组合平台、散货及集装货储存系统等设备投入，提升货站设施综合保障水平。适度提升徐州观音、常州奔牛、扬州泰州、盐城南洋、连云港花果山等机场的国际货站保障能力。按需加大机场口岸卫生检疫、动植物检疫和实货查验专业设施设备投入，加强专业力量配备。（省交通运输厅、南京海关、民航江苏安全监管局、东部机场集团按职责分工负责）
",normal,NA,否
DF0459,15,"　　（二）构建全球航空货运网络。
",heading,H2,是
DF0459,16,　　1.打造精品航线网络。,heading,H3,是
DF0459,17,"南京禄口机场巩固和发展至北美、欧洲等枢纽机场的洲际货运航线，拓展至中东地区货运航线，积极开辟亚洲及“一带一路”重点产能合作国家和地区货运航线。无锡硕放机场以畅通先进制造业国际供应链、强化国际快件集散功能为核心，重点发展至欧洲、中北美洲的洲际货运航线，稳定运营亚洲货运航线。南通机场有效承接上海机场外溢货源，着力打造亚洲精品货运航线。其他机场根据当地经济发展实际需要，以腹舱带货为重点，统筹拓展国际航空货运业务。至2027年，南京禄口机场每周不少于3班的国际货运航线达到5条以上，其中每周不少于6班的高频精品洲际货运航线达到2条以上；无锡硕放机场每周不少于3班的洲际货运航线达到2条以上，亚洲货运航线达到2条以上；南通机场每周不少于3班的亚洲货运航线达到3条以上。（省交通运输厅、省商务厅、东部机场集团按职责分工负责）
",normal,NA,否
DF0459,18,　　2.提升中转联运功能。,heading,H3,是
DF0459,19,"积极支持南京禄口机场、无锡硕放机场与航司、电商、货代等企业“抱团出海”，结合航线发展在境外选址建设运营海外货站等物流设施，延伸海外物流服务链条。加强与国内外航司合作，拓展“国际－国际”“国际－国内”空空中转业务，提升“国内－国际”空空中转时效。结合国际航线发展，加密卡车航班网点、密度，推广定班运营模式，与长三角主要城市、海关特殊监管区域及异地货站协调联动，构建覆盖500公里以上具有较强品牌影响力的空陆联运网络。积极探索空铁联运、低空无人机配送等联运新模式，研究推动航空异地货站与口岸机场间开通低空货运航线。（省交通运输厅、省商务厅、南京海关、民航江苏安全监管局、东部机场集团按职责分工负责）
",normal,NA,否
DF0459,20,　　3.强化行业资源供给。,heading,H3,是
DF0459,21,"持续深化空域精细化管理改革，强化空域、航线、机场等资源的统筹协调，提升空管服务保障水平。积极争取加大南京禄口、无锡硕放等机场时刻容量供给，放宽机场高峰时段国际货运航班时刻限制，进一步提高全货机日利用率和机场货运服务设施设备利用率。积极争取扩大国际货运航权安排，充分利用和放大第五航权。（省委军民融合办、省交通运输厅、民航江苏安全监管局、民航江苏空管分局、东部机场集团按职责分工负责）
",normal,NA,否
DF0459,22,"　　（三）增强市场培育组织能力。
",heading,H2,是
DF0459,23,　　1.提升运力供给水平。,heading,H3,是
DF0459,24,"积极引进国内外骨干航空公司加大运力投放，重点开通洲际全货机航线，提高国际客运航班腹舱载运率。支持基地货运航空公司持续扩大机队规模，结合市场需求布局国际货运航线网络。支持各货运航空公司与快递、物流龙头企业深化合作，共同开发中转联运产品，拓展中转集拼业务。支持货运包机企业打造“虚拟承运人”，定班运作国际货运航线，强化运力采购、运行保障、舱位分销和“一站式”物流服务能力。积极探索通过股权投资、飞机湿租和托管等方式，与货运航空公司开展资本合作，强化运力自主可控。（省交通运输厅、民航江苏安全监管局、东部机场集团按职责分工负责）
",normal,NA,否
DF0459,25,　　2.培育物流龙头企业。,heading,H3,是
DF0459,26,"积极引进全球知名的航空货运代理企业、电商头部企业，推动其全国总部、区域总部、功能总部和分拨中心等落户江苏，培育航空物流产业生态圈。积极支持国内领先的物流企业拓展国际航空物流业务，实现运力资源高效整合、精准匹配，提升国际航空物流供应链综合集成能力。鼓励航空物流龙头企业、电商头部企业、航空异地货站运营单位参与机场货站、物流园区的规划、建设和运营。（省交通运输厅、省商务厅、省邮政管理局、东部机场集团按职责分工负责）
",normal,NA,否
DF0459,27,　　3.提升货源组织能力。,heading,H3,是
DF0459,28,"鼓励机场和货运航空公司与经开区、高新区、综合保税区等开放载体深化合作，围绕集成电路、生物医药、智能制造等先进制造业集群发展，建立精准化航空物流供需服务对接机制。加快建设苏州航空异地货站，推动机场货站功能前置，积极探索出口货物“属地交货、属地安检、属地报关、属地放行、集拼运输”等创新模式。支持各机场设立异地货站，提升服务质效。（省发展改革委、省工业和信息化厅、省交通运输厅、省商务厅、南京海关、民航江苏安全监管局、东部机场集团按职责分工负责）
",normal,NA,否
DF0459,29,　　4.推进临空经济发展。,heading,H3,是
DF0459,30,"加快建设国家级南京临空经济示范区，推进区港一体规划、合作运营。以南京空港型国家物流枢纽为支撑，积极引进航空货运企业落户，推动进口贸易中心、国际分拨中心建设，引导临空指向型产业资源进一步在示范区集聚，促进临空经济与国际航空货运融合发展。支持无锡市争创国家级临空经济示范区，深化全国快递产业集聚发展示范园区建设。支持南通等市开展临空经济区规划建设。支持扬州市、泰州市结合扬州泰州机场二期扩建工程规划建设临空物流产业园。支持徐州市结合徐州观音机场国际货运站建设打造淮海经济区空港型物流枢纽。鼓励各机场打造航空运输、飞机维修、物流仓储等国际航空货运服务产业链，培育具有临空特色的现代服务、先进制造和智慧物流相关产业。（省发展改革委、省工业和信息化厅、省交通运输厅、省邮政管理局、东部机场集团按职责分工负责）
",normal,NA,否
DF0459,31,"　　（四）提高物流服务保障效率。
",heading,H2,是
DF0459,32,　　1.强化服务保障能力。,heading,H3,是
DF0459,33,"优化货运设施空侧、陆侧运输流线组织，确保场内货运组织便捷畅通。在确保飞行区安全、满足民航安检规范前提下，推动跨境电商产业园区与机场货站实现一体监管、空侧直连、无缝衔接。南京禄口、无锡硕放等机场对标国际一流货站提升专业化服务水平，公布并严格履行进港接卸交接、分解理货时限及出港交运差错率等服务承诺。（省交通运输厅、省商务厅、南京海关、民航江苏监管局、东部机场集团按职责分工负责）
",normal,NA,否
DF0459,34,　　2.优化简化安检流程。,heading,H3,是
DF0459,35,"落实民航行业管理部门关于完善货运安保链条管理的部署要求，支持各机场在电子产品、集成电路、生物医药等重点行业建立基于信用管理的托运人白名单制度，探索各安检责任主体间白名单互认，提升安检效率。支持省内航空异地货站与口岸机场建立系统联通，实行“一次安检”。南京禄口、无锡硕放等机场加快开展跨境电商货物便利化运输，建立特货敏货便利化运输准入机制，在做好数据对接、分类识别等基础上，有效简化化妆品、含锂电池、弱磁类等货物收运手续。（民航江苏安全监管局、东部机场集团按职责分工负责）
",normal,NA,否
DF0459,36,　　3.提升口岸通关效率。,heading,H3,是
DF0459,37,"符合条件的机场实施7×24小时无障碍预约通关，根据需要设置邮件快件、跨境电商、转关货物通关绿色通道。积极探索出口货物收运分流、出口空运联程转关快速验放、出口电商货物安检收运理货“三合一”新模式。有序推广“卡车航班”“机坪直提”模式，力争实现跨境货物一次申报、一次验放。对进口重要设备、关键零部件、生物医药等实施通关查验便利化措施。推广应用提前申报、两步申报、两段准入等通关模式。（南京海关、东部机场集团按职责分工负责）
",normal,NA,否
DF0459,38,　　4.推进智慧物流建设。,heading,H3,是
DF0459,39,"推动口岸机场、航空公司、货代企业、航空异地货站及查验监管单位数据互联共享，加快形成以航空电子运单为基础的航空物流操作流程，力争实现单证“无纸化”流转和人员“零接触”交流。针对高附加值货物积极争取将主（分）运单管理模式细化到最小包装单元，构建货物提取时间精准可控、位置实时可查、状态全面感知的全流程追踪服务体系。建立开放的客户导向的航空物流公共服务平台，为航司、机场、货代、货主以及海关等部门提供全过程一体化信息服务，有效提升航空物流效率和监管能力。具备条件的机场加快AI技术应用，逐步实现智能审图替代人工审图，提升安检、通关效率。（省发展改革委、省交通运输厅、省商务厅、南京海关、民航江苏安全监管局、东部机场集团按职责分工负责）
",normal,NA,否
DF0542,9,"　　二、强化基础能力保障
",heading,H1,是
DF0542,10,　　（一）加快基础设施建设。,heading,H2,是
DF0542,11,"加快推进杭州机场东区国际货站新建工程、嘉兴机场新建工程、义乌机场新货站工程；加快杭州、宁波机场冷链物流设施建设，打造长三角重要航空冷链基地；加快宁波、温州机场国际货站扩容升级，扩大各口岸机场货运区域进深尺度，合理区分全货机和客机腹舱带货区，全面提升全省机场国际航空货运保障能力。到2025年，全省国际航空货运保障能力达到60万吨。
",normal,NA,否
DF0542,12,　　（二）推进集疏运体系建设。,heading,H2,是
DF0542,13,"加快推进杭绍甬高速公路杭州至绍兴段、杭州中环、甬金高速公路改扩建、甬台温高速公路改扩建、320国道嘉兴建陶市场至濮院港段改建等工程，统筹谋划杭州机场东侧联络线、萧山保税大道南延、228国道宁波海曙段等项目，构建机场外部快速集散通道。加快推进杭州机场东西下穿通道、宁波机场空港大道、温州机场东西下穿通道等机场内部道路建设进度，形成“进离场主通道+货运区专用道路""机场内部中转系统，构建“外成环+内成网""道路集疏运体系。谋划推进杭州机场铁路货运专线等铁路项目建设，实现铁路、公路和机场集疏运“三网融合""。
",normal,NA,否
DF0542,14,　　（三）提升设施装备供给水平。,heading,H2,是
DF0542,15,"加快国际航空货运通道建设，重点推进杭州、宁波、温州机场国际“邮快跨""收运通道建设，到2025年全省国际航空货运收运通道提升至40条以上，其中国际“邮快跨""通道提升至20条以上。稳步推进杭州机场国际转运、空空联运等中转业务专用场地及设施建设。各机场按需配备升降作业平台车、全自动分拣平台等专业卸装分拣设备，提升口岸机场服务能力。
",normal,NA,否
DF0542,16,"　　三、构建全球国际航线网络
",heading,H1,是
DF0542,17,　　（一）完善国际航空货运航线。,heading,H2,是
DF0542,18,"杭州机场加密至比利时列日、俄罗斯莫斯科等国际航空货运枢纽机场航班，开通至欧洲、美洲等5条以上洲际全货机航线；宁波机场加密至德国法兰克福等机场航班，开通至中东欧等方向3条以上国际全货机航线；温州机场开通至“一带一路""沿线方向2条以上国际全货机航线；义乌机场加密至日本大阪等机场航班，开通至东南亚方向2条以上国际全货机航线。支持杭州机场争取第七航权业务，推动引进外航运力，厚植航线网络资源。全省逐步构建横向错位、纵向分工、国内通达、全球可达的全球72小时航空货运骨干航线网络。
",normal,NA,否
DF0542,19,　　（二）提升国际货运中转功能。,heading,H2,是
DF0542,20,"加强与美国孟菲斯、比利时列日、香港等国际航空货运枢纽机场合作，拓展国际—国际、国际—国内间多形式、多渠道的空空中转业务。加强与长三角等主要城市协同联动，大力推广定班包车模式，加密卡车航班网点，打造覆盖500—600公里的空公联运网络。积极探索空铁、海空等中转联运新模式，开展定制化、个性化中转服务。
",normal,NA,否
DF0542,21,　　（三）加大国际航空货运航班时刻供给。,heading,H2,是
DF0542,22,"持续深化空域精细化管理改革，加大杭州、宁波等口岸机场时刻容量供给，合理安排8时至22时国际货运航班时刻。实施分类量化和差异化航空货运航班时刻配置政策，进一步提高全省国际航空货运飞机日利用率和机场货运服务设施设备利用率。
",normal,NA,否
DF0542,23,"　　四、强化市场培育
",heading,H1,是
DF0542,24,　　（一）引进培育货运龙头企业。,heading,H2,是
DF0542,25,"积极争取引进全球领先的航空货运代理企业，优化航空货运产品结构，拓展货运航线网络，提升国际化水平。培育本土航空货运企业。支持货运航空公司壮大机队规模，支持基地航空公司拓展全球货运业务，鼓励航空货运企业积极参与机场货站的规划、建设与运营。到2025年，引进培育5家以上国际知名货运代理和主运营基地货运航空公司。
",normal,NA,否
DF0542,26,　　（二）推进临空经济发展。,heading,H2,是
DF0542,27,"推动机场与临空经济示范区融合发展，推进区港一体化规划、运营，加快航空物流枢纽建设，持续提升临空产业发展活力。积极打造航空运输、维修、物流、食品、冷链等国际航空货运服务产业链，提升临空经济示范区的航空服务产业集群效应。培育具有临空特色的现代服务、先进制造和航空智慧物流相关产业，加快航空智能电子装备、智能轨道交通成套设备等建设。
",normal,NA,否
DF0542,28,"　　五、提升服务管理水平
",heading,H1,是
DF0542,29,　　（一）打造高效便利的口岸营商环境。,heading,H2,是
DF0542,30,"推广杭州空港提前报关、区港联动等通关模式，至2025年实现宁波、温州和义乌等口岸机场全天候无障碍预约通关。深入推进提前申报、两步申报、两段准入等通关改革，加强机场口岸查验工作力量配备，进一步提高通关效率。加快推进嘉兴等国际快件通关中心建设。支持杭州保税物流中心升级为综合保税区，支持杭州机场获批首次进口药品和生物制品口岸资质，扩展杭州机场跨境电子商务进出口业务功能，扩充宁波、温州和义乌等机场口岸资质。加大机场口岸卫生检疫、安全监测和实货查检基础设施投入，加强专业人力配备，提升口岸风险防控能力。
",normal,NA,否
DF0542,31,　　（二）提升跨境电子商务国际货运服务能力。,heading,H2,是
DF0542,32,"研究建立省级重点培育的跨境电子商务服务商名录，整合国际分拨网、干线运输网、全球关务网、境外属地网、基础信息网“五网""资源。支持杭州机场增设国际邮件交换站功能，提升国际邮快件处理服务能力。支持有条件的企业建立本地集货仓和海外仓，拓展集散渠道。",normal,NA,否
DF0542,33,　　（三）推进智慧物流建设。,heading,H2,是
DF0542,34,"围绕“四港联动""建设，加快构建全省航空物流信息服务平台，支持省机场集团整合空港、海港、陆港等航空货运物流信息，推动口岸机场和航空公司、空管及监管等单位数据互联共享，实现国际航空货运的全球追踪、大数据流量管理、智能进离港排队、区域管制中心联网等功能。充分利用物联网、云计算、区块链等新技术，打造自主可控的国际快递智能骨干网络。推进以国际航空货运为主导的多式联运电子化、一单制，实现一次提交、一站办结、一网全通，促进国际航空货物快速流转。
",normal,NA,否
DF0542,35,　　（四）创新发展管理模式。,heading,H2,是
DF0542,36,"推动省机场集团与跨境电子商务企业开展战略合作，通过并购、入股等方式开展航空货运业务市场化改造。筹建省级国际航空货运企业，全面提升航空货运专业运营能力。探索建立以信用为基础的国际航空货运承运人备案制度。积极争取在危险品航空运输管理方面先行先试。推广异地货站集货模式创新经验，建成覆盖全省运输机场和重要城市的异地货站网络。加强杭州综合保税区、杭州机场区港联动，探索宁波北仑港海空联运新模式。
",normal,NA,否
DF0865,23,"二、重点任务
",heading,H1,是
DF0865,24,"（一）强化战略统筹引领
",heading,H2,是
DF0865,25,1.加强规划顶层设计。,heading,H3,是
DF0865,26,"加快推进上海空港型国家物流枢纽建设。 推动机场总体规划修编，优化机场货运设施空间功能布局，适时推 动浦东国际机场新东区、新南区货站等规划建设。加强航空枢纽相 关规划与国民经济和社会发展、国土空间、产业、物流、交通等方 面规划的衔接。（责任单位1：市发展改革委、市规划资源局、市交通 委，民航华东管理局，浦东新区政府，机场集团)
",normal,NA,否
DF0865,27,2.推动区域机场合作。,heading,H3,是
DF0865,28,"以增强国际竞争力为导向，树立上海航空 货运服务品牌，提升技术、人才、资本、管理等输出能力，发挥上 海国际航空枢纽的龙头带动作用，推动形成目标同向、措施一体、 优势互补、合作共赢的区域机场协同发展格局。（责任单位：市交通 委，民航华东管理局，机场集团、基地航司)
",normal,NA,否
DF0865,29,"（二）加强空地资源保障
",heading,H2,是
DF0865,30,3.加快机场货运重大项目建设。,heading,H3,是
DF0865,31,"建成浦东国际机场西货运区智能 货站和集中查验中心，推动西货运区公共货站特运库建设。研究推 动浦东国际机场第五跑道功能升级。持续推进机场既有货运设施升 级改造，完成浦东国际机场西货运区3号货站二期工程项目。（责任 单位：市发展改革委、市交通委，上海海关、民航华东管理局，机 场集团、东航集团)
",normal,NA,否
DF0865,32,4.提高航线网络全球通达性。,heading,H3,是
DF0865,33,"做深做远欧美地区航线，争取加密 或新开纽约、法兰克福、巴黎、伦敦等航线；做优做强亚洲地区航 线，争取增强对东南亚、东北亚等地区的网络覆盖；积极拓展面向""一带一路""国家和地区的航线。鼓励航司加大第五货运航权利用。（责任 单位：市交通委，民航华东管理局，机场集团、基地航司)
",normal,NA,否
DF0865,34,5.完善机场地区交通集疏运体系。,heading,H3,是
DF0865,35,"推进两港大道、周邓快速路、 漕宝快速路、G15和G50扩容等机场地区对外道路通道项目建设， 开展滨海快速路前期研究。完善场内交通路网布局，优化交通流线 组织，顺畅车辆进出通道。结合新发展要求，进一步完善机场及周 边地区的综合交通规划方案，高标准规划建设东方枢纽，推进空铁 联运配套设施规划建设。（责任单位：市交通委、市发展改革委、市 规划资源局，相关区政府及管委会，国铁上海局集团、机场集团、 东方枢纽集团）
",normal,NA,否
DF0865,36,"（三）集聚优质市场主体
",heading,H2,是
DF0865,37,6.支持多元市场主体在沪发展。,heading,H3,是
DF0865,38,"加强与国内外航司、物流集成商 合作，巩固提高上海在其全球网络中的枢纽地位。培育航空物流产 业生态圈，推动物流链上下游资源整合，构建一站式物流服务平台。 支持国内大型快递物流企业在上海设立总部或分拨中心。吸引具有 国际影响力的货代企业落户上海，培育提升本地货代企业的服务竞 争力。（责任单位：市商务委（市口岸办）、市发展改革委，机场集 团、基地航司)
",normal,NA,否
DF0865,39,7.鼓励市场主体加强货运能力建设。,heading,H3,是
DF0865,40,"支持各类市场主体加大在上 海全货机运力投入，强化联通全球主要航空枢纽的全货机网络，提 高客机腹舱载货率。鼓励市场主体创新精细化物流服务产品，开展 个性化定制化业务；研究拓展海外货站（海外仓）布局，提升与上海枢纽的链接效率和产品联动。（责任单位：民航华东管理局，基地 航司、机场集团、中远海运集团)
",normal,NA,否
DF0865,41,"（四）拓展增量市场业务
",heading,H2,是
DF0865,42,8.大力发展货运中转业务。,heading,H3,是
DF0865,43,"强化货运中转功能，打造经上海中转 的国际-国际、国际-国内航班波。鼓励航司对接需求、集聚资源，开 发货运中转产品。持续推进中转集拼业务发展，完善中转集拼生态 体系。支持浦东、虹桥两场发展空运货物互转业务。（责任单位：市 商务委（市口岸办)，民航华东管理局、上海海关，机场集团、基地 航司）
",normal,NA,否
DF0865,44,9.拓展航空货运细分领域。,heading,H3,是
DF0865,45,"鼓励航空物流企业加强与快递、跨境 电商、生产制造、贸易流通等企业合作，推动航空货运从普货向跨 境电商、冷链物流、快件业务等高附加值产品转型。完善危险品存 储设施，提升对医药、芯片等高端制造业原材料和成品运输专业保 障能力。促进航空邮政业务发展，助力上海邮政快递国际枢纽中心 建设。（责任单位：市邮政管理局，机场集团、基地航司)
",normal,NA,否
DF0865,46,10.推动多式联运发展。,heading,H3,是
DF0865,47,"加快规划建设面向长三角、服务全国的 异地货站，持续完善卡车航班转运体系。推动空铁联运业务发展， 探索空海联运新模式，拓展航空物流""一单制""。开展无人机物流配送 试点。（责任单位：市交通委、市发展改革委，金山区政府，机场集 团、东航集团、国铁上海局集团、中远海运集团)
",normal,NA,否
DF0865,48,"（五）营造宜商宜业环境
",heading,H2,是
DF0865,49,11.促进信息资源互联共享。,heading,H3,是
DF0865,50,"积极推动中国（上海）国际贸易“单一窗口""航空物流公共信息平台试点建设，加快推进""空运通""、空运 物流监控系统等建设。在保障数据安全的前提下，促进航司、机场、 物流集成商、货代与海关之间全链条信息互通、作业协同，提升货 运单证电子化水平,提升上海航空口岸货运""通关+物流""便利化水平。 （责任单位：市商务委（市口岸办)，上海海关，机场集团、基地航 司）
",normal,NA,否
DF0865,51,12.优化简化货物安检流程。,heading,H3,是
DF0865,52,"加快航空物流安保链条规范化、标 准化、智能化，逐步推进不同安检主体之间系统互联、平台对接， 加强标准衔接和质量互认。在浦东国际机场场内安检模式优化试点 的基础上，研究推进浦东、虹桥两场之间货物二次安检优化工作。（责 任单位：民航华东管理局，市公安局，机场集团、东航集团)
",normal,NA,否
DF0865,53,13.提升口岸通关便利化水平。,heading,H3,是
DF0865,54,"整合机场地区监管资源，推进监 管配套设施建设。持续优化查验监管模式，提升通关效率。建立航 空邮件快件绿色通道。（责任单位：市商务委（市口岸办），上海海 关、市邮政管理局，机场集团、东航集团)
",normal,NA,否
DF0865,55,"（六）推动区港联动发展
",heading,H2,是
DF0865,56,14.加强浦东国际机场与周边区域联动。,heading,H3,是
DF0865,57,"按照综合保税区相关规 定，研究临港新片区机场南侧地块空侧直通道规划建设，力争实现 临港新片区与浦东国际机场空侧连通。加快浦东综合物流中心高标 仓项目、临港新片区亚太一站式航空物流中心等临空物流设施规划 建设。在符合相关监管条件的前提下，争取试点浦东国际机场口岸 进出洋山特殊综合保税区的货物使用海关""一线进出境径予放行""政策。强化浦东国际机场与上海东站联动，打造便利国际商务人员往 来的特定功能区域，拓展航空类的国际会展、培训、研发及国际专 业服务等功能，促进高水平国际交流交往。（责任单位：市商务委（市 口岸办)，浦东新区政府，临港新片区管委会，上海海关，机场集团、 东航集团）
",normal,NA,否
DF0865,58,15.加强与重点产业园区对接。,heading,H3,是
DF0865,59,"促进航空物流与制造业深度融合， 加强航空物流通道与产业园区的统筹布局与衔接。研究机场货运功 能前置至重点产业园区，完善园区内机场口岸空港货站和监管仓库 等功能，实现货物区港直通、园区内分拨理货、一站式通关，提升 物流操作时效。（责任单位：市商务委（市口岸办）、市经济信息化 委、市交通委，上海海关，机场集团、东航集团)
",normal,NA,否
DF0865,60,16.促进航空货运相关产业发展。,heading,H3,是
DF0865,61,"依托临港新片区和虹桥临空经 济示范区，吸引航空产业链上下游企业和航空功能性机构集聚，打 造全球一流的航空服务总部基地。鼓励发展航空融资租赁业务，支 持发展航空金融服务业，探索推进航材、航油等航空贸易。研究发 布长三角（上海）航空物流发展指数。（责任单位：市经济信息化委、 市交通委，长宁区政府，临港新片区管委会，机场集团、东航集团、 中国商飞）
",normal,NA,否
DF0865,62,"（七）提高智慧韧性水平
",heading,H2,是
DF0865,63,17.提升航空货运智慧化水平。,heading,H3,是
DF0865,64,"推进货站设施智慧化改造，提高 航空货运设施自动化水平，推进分拣、装载和仓储等设施智能化。 推进机场大脑及数字李生等工程建设，加快相关信息基础设施建设，打造智慧化的基础底座。鼓励冷链、医药、超大超重货物等特殊货 物的专业运输装备研发。加强航空货运安检、全景感知、无人化等 领域的新技术研发与应用。（责任单位：民航华东管理局，机场集团、 东航集团）
",normal,NA,否
DF0865,65,18.提升航空货运安全韧性水平。,heading,H3,是
DF0865,66,"完善安全管理体系，提升航空 货物运输安全水平。加强航空货运整合能力，打造自主可控、安全 可靠的航空物流产业链和供应链。建立健全航空物流应急保障机制， 提升应急处置能力。（责任单位：民航华东管理局，机场集团、基地航司）
",normal,NA,否
DF0865,67,19.推动航空货运绿色低碳发展。,heading,H3,是
DF0865,68,"鼓励货运基础设施广泛应用绿 色建筑材料、主动式节能技术以及清洁能源装备。健全机场能源管 理体系，提升运营管理效能。加强机场污水和固废处理处置，强化 噪声治理。鼓励支持航空公司优化机队结构，提高运输组织效率， 提升飞机使用能效。鼓励航空物流企业提升设施设备共享共用和循 环利用水平，积极参与碳交易。争取新增国际航空货运活动国家重 大项目能耗单列。（责任单位：市交通委、市发展改革委，民航华东 管理局，机场集团、各航空公司)
",normal,NA,否
DF0865,69,"（八）加强政策协同创新
",heading,H2,是
DF0865,70,20.争取民航、海关等国家政策支持。,heading,H3,是
DF0865,71,"推动机场容量提升，争取加大洲际货运航权配置。争取优化调整客货航班时刻配置，提升浦东国际机场货运航班白天时刻比例，推动实现全时段货运航班服务。 探索实施管制代理人、已知托运人等安保制度，研究推动长三角地区机场群航空货运安检互认。（责任单位：市交通委、市商务委（市口岸办)，民航华东管理局、上海海关，机场集团、东航集团)
",normal,NA,否
DF0865,72,"21.给予财政、土地、人才等地方政策支持。研究制订新一轮航 空枢纽建设专项扶持办法，加强对航空货运发展方面的支持。严格 落实集约节约用地原则，整合盘活低效闲置土地资源，强化对航空 货运枢纽建设项目用地支持。加强航空货运人才队伍建设，鼓励科 研机构搭建研究平台，发挥决策咨询和智囊作用。（责任单位：市 发展改革委、市财政局、市规划资源局、市交通委，机场集团)
",heading,H3,是
DF1176,22,"四、工作举措
",heading,H1,是
DF1176,23,"　　（一）聚集航空物流资源要素
",heading,H2,是
DF1176,24,　　1．助力基地航空公司发展。,heading,H3,是
DF1176,25,"鼓励吸引航空公司在津设立运营基地；支持天津货运航空有限公司等基地航空公司在津发展主运营基地和货运运营基地。推进与厦门航空等战略合作，支持其在津扩展客货运业务，设立北方货运基地。
",normal,NA,否
DF1176,26,　　2．大力培育适航产业。,heading,H3,是
DF1176,27,"吸引飞机零部件、汽车零配件、电子零部件以及航空特种货物运输企业在津运营，引进国内外知名电商平台、电商企业以及大型物流集成商、货运代理、速递物流等公司在津扩大航空运输业务，设立物流分拨中心、贸易结算中心、新兴经济平台，发展航空金融、特色货运，打造天津品牌。
",normal,NA,否
DF1176,28,"　　（二）优化航空口岸服务环境
",heading,H2,是
DF1176,29,　　3．丰富航空口岸功能。,heading,H3,是
DF1176,30,"在航空口岸大通关基地开通海关监管场所，运行进境肉类、进境水果、进境植物种苗、进境冰鲜水产品、进境食用水生动物等指定监管场地。加快国际邮件互换局功能提升。持续推动跨境电商进出口平衡发展，推动航空口岸提效降费，促进航空物流和贸易企业聚集。
",normal,NA,否
DF1176,31,　　4．提升口岸通关便利化。,heading,H3,是
DF1176,32,"按照企业需求，落实航空口岸“7×24小时”预约通关服务。探索在航空物流区设立海关特殊监管区域或场所，丰富货物监管模式。发挥自贸试验区优势，推动航空口岸业态创新。
",normal,NA,否
DF1176,33,"　　（三）增强航空物流服务能力
",heading,H2,是
DF1176,34,　　5．加快国际航空物流中心载体建设。,heading,H3,是
DF1176,35,"实施天津滨海国际机场三期改扩建工程。建成天津滨海国际机场东区国内货库。加快航空口岸大通关基地建设，推动“大通关基地综合信息服务平台”上线运行。加快东丽临空经济区（物流总部区、科技创新区）两个片区的基础设施建设，提高航空口岸基础保障能力。
",normal,NA,否
DF1176,36,　　6．加快实施货运通道建设。,heading,H3,是
DF1176,37,"加快实施航双路建设，提升改造津北路等，建设完善机场周边路网。重大节日、电商节等航空物流高峰时期，确保津汉公路立交桥至天津滨海国际机场进场路之间外环线通畅，满足进出航空物流区以及机场东西货运区货车高效、便捷通行的需要。
",normal,NA,否
DF1176,38,"　　（四）丰富多式联运体系
",heading,H2,是
DF1176,39,　　7．做大空空中转业务。,heading,H3,是
DF1176,40,"创新航空货运安检模式，在安检互认、中转货物集中操作等方面开展创新，实现跨货站国内之间、国内与国际、国际之间货物机坪换单直转。
",normal,NA,否
DF1176,41,　　8．做实空地联运业务。,heading,H3,是
DF1176,42,"创新完善“卡车航班”涉及的海关转关、安全监管等相关配套业务，支持物流服务企业开辟天津至周边省市的“卡车航班”业务。探索发展空铁物流业务，支持发展海空联运业务，根据企业实际需求，研究跨境电商冷链商品进口的可行性。
",normal,NA,否
DF1176,43,"　　（五）提升航空物流通达能力
",heading,H2,是
DF1176,44,　　9．增加机场高峰小时容量。,heading,H3,是
DF1176,45,"推动民航管理部门持续增加天津滨海国际机场高峰小时容量，2022年达到高峰小时容量35架次/小时，2025年达到高峰小时容量45架次/小时；支持天津滨海国际机场夜间低峰时刻和白天空余时刻增加货运航班。
",normal,NA,否
DF1176,46,　　10．优化客货运航线网络。,heading,H3,是
DF1176,47,"与北京两机场错位发展，鼓励航空公司新开加密国内全货机航线航班；做强日韩、东南亚航线，拓展“一带一路”沿线国家和地区航线；支持开通欧洲、北美等全球主要航空货运枢纽机场航线航班，满足航空物流企业对天津滨海国际机场通达能力的需求。积极引进全货运包机和客改货包机，逐步推动天津成为京津冀区域货运包机运营基地。
",normal,NA,否
DF1185,50,"三、集中力量建设中国国际航空物流中心
",heading,H1,是
DF1185,51,"　　紧紧围绕“一基地三区”功能定位，强化天津滨海国际机场区域枢纽机场地位，加快载体建设，拓展航空物流货源及市场，优化航空物流生态系统，打造中国国际航空物流中心，推动天津全面建成安全、便捷、高效、绿色、经济的现代化综合交通体系，为经济社会高质量发展提供坚强支撑。
",normal,NA,否
DF1185,52,"　　（一）强化天津滨海国际机场货运枢纽地位
",heading,H2,是
DF1185,53,"　　对标国际货运枢纽机场，推动航空物流枢纽建设，进一步增强天津滨海国际机场货运功能，强化天津滨海国际机场货运枢纽地位。不断优化天津滨海国际机场航空货运航线网络，扩大国际物流业务，拓展转运分拨、交易、结算等全球功能布局，加快布局完善铁路专用线、公路网及多式联运转运设施，不断提升国际航运服务能力，扩大辐射范围。
",normal,NA,否
DF1185,54,"　　（二）加快中国国际航空物流中心载体建设
",heading,H2,是
DF1185,55,"　　加快推动天津滨海国际机场三期改扩建工程建设，重点打造智慧型物流机场，搭建一体化综合性航空物流信息交互平台，实现机场航班信息系统、航空货站生产系统、货运代理业务系统、航空公司订舱系统、安检服务系统、海关报关系统、货运区运输调度系统等有机融合。
",normal,NA,否
DF1185,56,"　　高标准建设航空物流区，推进大通关基地等重点项目建设，发展航空运输、冷链物流、邮件快递、电子商务、航空金融、商务服务、航空维修、教育培训和综合服务等产业，服务和带动临空经济和周边高端制造业发展，打造特色鲜明、功能完善、产业集聚、协同京津冀、面向全球的国际航空物流区。
",normal,NA,否
DF1185,57,"　　加快东丽临空经济区的基础设施建设，提升临空经济服务能力。创新区域协同机制，探索将自贸试验区政策扩展至东丽临空经济区，推进东丽临空经济区冷链物流中心及现代物流产业园建设。
",normal,NA,否
DF1185,58,"　　（三）拓展航空物流货源市场
",heading,H2,是
DF1185,59,"　　完善临空产业链。大力培育适空产业，重点吸引飞机零部件、汽车零配件、电子零部件以及航空特种货物运输企业在津运营，引进国际知名航空发动机厂商和飞机维修公司来津开展业务，拓展以空客天津总装线为载体的大型民用飞机配套产业链，完善AC系列民用直升机谱系及直升机研发体系，推进无人机研发制造和通用航空配套产品生产，提升新一代运载火箭、空间站和卫星等航天设备研制生产能力。大力培育适空商贸、消费等流通产业以及高端临空服务业，支持冷链物流、医药、跨境电商、电子信息、高新技术研发、总部经济、商贸文化会展等临空产业发展，打造有效支撑先进制造产业、高端消费产业、高端临空服务业的航空物流运输体系。
",normal,NA,否
DF1185,60,"　　（四）优化航空物流产业生态系统
",heading,H2,是
DF1185,61,"　　加强航空物流上下游企业、政府机构、社会团体、金融、保险以及教育、科研、培训机构等组织合作交流，打造产业创新的智库、企业合作的平台、区域发展的纽带，推动政、产、学、研、金、用、服七要素高效联动，实现资源共享、优势互补、竞合发展，优化产业集群的资源配置效率，提升航空物流产业集群内各组织的效益。
",normal,NA,否
DF1185,62,"四、持续夯实天津滨海国际机场空侧基础保障
",heading,H1,是
DF1185,63,"　　积极融入和服务“一带一路”建设、[区域全面经济伙伴关系协定（RCEP）]战略，务实推进与沿线国家和地区贸易往来，拓展国际合作。围绕主导产业供应链需求，提升空侧要素资源基础保障，以引育货运基地航空公司、完善货运航线网络为重点，畅通货物运输空中通道。以协调一级货站功能、优化空空中转业务为突破，提高航空物流枢纽效能，打造以天津为中心，辐射全国，面向“一带一路”、RCEP国家和地区的现代物流新经济走廊。
",normal,NA,否
DF1185,64,"　　（一）引育货运基地航空公司
",heading,H2,是
DF1185,65,"　　支持基地航空公司发展，畅通货物运输空中通道，提升货运网络通达性，以基地航空公司带动整体货运业务发展。加快引进国内外货运航空公司在天津设立基地，增加运力，与大型物流商、快递企业、货运代理企业开展合作，开通国内外全货机航线，特别是连通RCEP国家和地区的货运航线，争取开通欧美航线。同时，在不增加航班时刻的前提下，适时逐步淘汰小型飞机，用中大型飞机提高货运运力。
",normal,NA,否
DF1185,66,"　　（二）统筹一级货站功能
",heading,H2,是
DF1185,67,"　　统筹天津滨海国际机场内三家一级货站的业务功能。优化国际快件进出口、出口拼装、跨境电商进出口、海关指定监管场地及普货监管、转关、进出口冷链、国际邮件等业务流程，充分发挥比较优势，明确各货站的分工定位，逐步实现融合发展。
",normal,NA,否
DF1185,68,"　　（三）完善货运航线网络
",heading,H2,是
DF1185,69,"　　与北京两个机场错位发展，鼓励航空公司新开、加密国内全货机航线航班，打造天津至全国多地的货运专线或精品航线，推动解决天津滨海国际机场货运航线布局问题。研究天津滨海国际机场在京津冀机场群中与西南、中南、华东、西北等地区的空中通道建设，实现与主要地区航路航线网络的高效衔接；完善空域灵活使用机制，推进临时航线划设和使用，提高空域使用效率。积极引进全货运包机和客改货包机，逐步推动天津成为京津冀地区货运包机运营基地。做强日韩、东南亚航线，开通欧洲、北美等全球主要航空货运枢纽机场航线航班。提高宽体客机比例，形成全货机和客机腹舱相结合的航线网络，满足航空物流企业对天津滨海国际机场通达能力的需求。
",normal,NA,否
DF1185,70,"　　（四）优化空空中转业务
",heading,H2,是
DF1185,71,"　　鼓励天津滨海国际机场与货运代理公司、航空公司深度合作，提供便利、高效的货物空空中转服务，搭建国际国内航空货物运输空中桥梁。创新完善安检互认、中转货物集中操作等业务，在机场海关监管库内划设国际中转货物专属储存区，实现跨货站国内之间、国内与国际、国际之间货物机坪换单直转，为高效通关提供便利。加大与“一带一路”沿线国家和地区机场的协作力度，重点加密与“三北”地区货邮吞吐量在两千吨左右机场的航线网络，形成联动“三北”地区机场的空空联运走廊。定期梳理业务流程，组织开展数据联动测试，分析可能出现的异常情况并制定相应的应对措施。
",normal,NA,否
DF1185,72,"五、畅通天津滨海国际机场陆侧货运物流体系
",heading,H1,是
DF1185,73,"　　以增强天津滨海国际机场集疏运能力、打造大物流多式联运体系为核心，构筑连通国内国际、服务双循环的大通道，促进天津航空物流高质量发展。
",normal,NA,否
DF1185,74,"　　（一）增强天津滨海国际机场集疏运能力
",heading,H2,是
DF1185,75,"　　完善机场公路集疏运体系。完善市域干线公路网，重点建设天津滨海国际机场与京津冀地区主要物流节点的集疏运通道；充分发挥天津滨海国际机场在构建现代化京津冀机场群中的作用，加快津石高速天津东段、塘承高速滨海新区段、津歧公路、津汉公路、工农大道等项目建设，进一步融入京津冀高速公路网络，推动天津航空物流集散功能提升；建设京滨城际铁路机场站，强化机场与双城多通道快捷联系，提升机场辐射带动能力；加快航双路货运专用通道建设，提升改造津北路等，开放津汉公路立交桥至天津滨海国际机场进场路之间外环线，允许货车通行，满足进出航空物流区以及机场东西货运区货车高效、便捷通行的需要。引进国内外大型物流服务集成商、大型全球货运代理等企业，建立健全航空货运地面集疏运体系。
",normal,NA,否
DF1185,76,"　　（二）构建大物流多式联运体系
",heading,H2,是
DF1185,77,"　　培育多式联运市场主体，加强各种运输方式标准对接，完善多式联运协作运行机制。做强空陆联运业务，创新完善卡车航班涉及的海关转关、安全监管等相关配套业务，支持物流企业开辟天津至周边省市的卡车航班业务。探索发展空铁物流业务，加快推进京滨城际线路建设，打造面向华北、辐射全国的“空铁互转”电商专线。推进空海联运服务，实施“港区联动”，推动口岸关、属地关有效互动衔接，推动空海两港跨境电商和冷链业务融合发展。加快多式联运设施和信息平台建设，推动铁路、公路、海运、航空以及海关、市场监管等信息交互共享。发挥通航产业融合功能，加快制定无人机物流配送审定程序、运输标准，推进无人机物流配送试点工作，支持物流企业利用通用航空器、无人机等提供航空物流解决方案。
",normal,NA,否
DF1185,78,"六、大力开拓航空物流新兴业态
",heading,H1,是
DF1185,79,"　　服务天津市“一基地三区”功能定位，把握新一轮科技革命和产业变革历史机遇，加强航空与物流新业态、新模式的融合。着重完善冷链运输，做强跨境电商，发展国际中转集拼业务，建设货运包机运营基地，优化供应链管理，推动天津航空物流业提质增效和转型升级，培育国际竞争新优势。
",normal,NA,否
DF1185,80,"　　（一）逐步完善冷链物流产业
",heading,H2,是
DF1185,81,推进冷链物流基础设施建设。,heading,H3,是
DF1185,82,"　　支持改造和新建一批适应现代流通和消费要求的冷链物流仓储设施设备，鼓励依托重要物流节点建设重大冷链物流基础设施项目，加快推进冷库、冷链物流园、低温加工处理中心、中央厨房、冷链配送中心及复合型冷链物流中心等基础设施建设，推进基础设施互联互通、有效衔接。针对水果、冰鲜、水产品、肉类、医药等不同品类货物，借鉴国际先进航空冷链物流企业发展经验，推进航空冷链物流设施设备升级，引进主动温控集装箱，建立开放式的航空冷链物流信息平台，加强物联网、云计算、大数据、移动互联网等先进信息技术在冷链运输物流领域的应用，加快冷链物流关键技术装备的研发应用，打造空地一体化的航空冷链物流服务网络，高标准建成一批规模化、数字化、智能化的冷链物流设施。
",normal,NA,否
DF1185,83,完善冷链物流标准化体系。,heading,H3,是
DF1185,84,"　　根据天津口岸进口冷链食品预防性全面消毒和相关从业人员健康管理工作指引，进一步完善空港进口冷链疫情防控流程。制定冷链配送操作规范、冷链温度控制等冷链管理、冷链设施、冷链技术地方标准。进一步加强冷链运输车辆在安全、环保等方面的技术管理。加强专业操作技能培训，提高工作人员操作技能，提升全货机站坪装卸、主动温控集装箱搬运和被动包装处理能力。从全链条各环节提升特殊货物处理能力，遵循国际航空运输协会（IATA）易腐货物条例、温控规定等质量管理体系标准；依托大通关基地，积极向IATA申请鲜活货物运输（CEIV Fresh）、医药品冷链运输（CEIV Pharma）认证。
",normal,NA,否
DF1185,85,完善冷链物流监管、溯源与信用体系,heading,H3,是
DF1185,86,"　　加强对冷链各环节温控记录和产品品质的监督和抽查，督促食品生产经营者落实主体责任，严格执行国家冷链物流强制性标准和服务规范。积极构建冷链物流产品溯源体系，加快建设行业信用体系，支持第三方信用评价机构拓展冷链物流征信业务。建立工作协调机制，加强对冷链物流行业的指导、管理和服务，做好冷链物流基础设施的布局规划，强化部门间协同联动，为冷链物流行业发展创造良好环境。
",normal,NA,否
DF1185,87,"　　（二）积极推进跨境电商发展
",heading,H2,是
DF1185,88,推进跨境电商产业园区建设。,heading,H3,是
DF1185,89,"　　发挥跨境电商试点城市和跨境电商综合试验区双重优势，借助现阶段电商企业向物流配送端发展、大型零售商向电商端发展和特色商品网络化趋势，吸引国内外跨境电商龙头企业、大型零售商、特色商品销售商，围绕空港经济区发展其线下区域性配送中心、大型零售商网络销售配送中心、特色商品网络销售配送中心；围绕东丽临空经济区打造北方跨境数字贸易生态核心区，引入商品数字化服务、跨境电商营销服务、跨境物流服务、跨境人民币结算服务等项目，提高贸易型企业本地结算便利度，从平台、物流、支付到人才，打造跨境电商完整产业链条。充分发挥自贸试验区、综合保税区等开放载体功能，建设具备跨境电商全产业链服务能力的产业园区。鼓励有实力的企业前往主销市场和新兴市场布局公共海外仓，发展以海外仓为支撑的多种备货模式。
",normal,NA,否
DF1185,90,加快建设跨境电商产业集群。,heading,H3,是
DF1185,91,"　　发挥跨境电商新业态对稳外贸的积极作用，有力促进航空物流业务发展。聚焦升级型消费领域，建设中高端特色跨境电商产业集群，突出发展医药、保健品、生鲜食品等产业，扩大中高端消费品在全市展示体验终端布局，形成具有特色的中高端跨境电商产业体系，促进境外消费回流，服务天津消费升级。
",normal,NA,否
DF1185,92,推动跨境电商企业数字化转型。,heading,H3,是
DF1185,93,"　　推动传统外贸企业数字化转型，鼓励企业应用跨境电商平台或自建平台承接出口订单。支持跨境电商、市场采购贸易方式等新业态融合发展。推进跨境电子商务通关、检验检疫、结汇等关键环节单一窗口综合服务体系建设；创新跨境电子商务管理，促进信息网络畅通、跨境物流便捷、支付及结汇无障碍、税收规范便利、市场及贸易规则互认互通。
",normal,NA,否
DF1185,94,"　　（三）发展航空中转集拼业务
",heading,H2,是
DF1185,95,加快中转硬件设施配套。,heading,H3,是
DF1185,96,"　　完善综合保税区、自贸试验区内拆拼箱环境，提升货运地面服务专业能力和效率，完善中转货物操作设施。优化货运航线资源，提升天津与国际货运枢纽机场的连通度，扩大天津对内服务和对外辐射的范围。协调航空企业推出空空中转产品，提供机坪内驳运服务，打造空空中转服务品牌。以空空联运为纽带，同海南自由贸易港开展中转集拼业务的深度合作。
",normal,NA,否
DF1185,97,优化企业运营软环境。,heading,H3,是
DF1185,98,"　　鼓励航空公司开发货运中转产品，集聚中转航班，吸引中转货源。积极争取货物通关便利政策，促进监管模式创新，大力发展天津滨海国际机场货物中转集拼业务。建立机场航空邮件快件绿色通道，提供快速通关、安检、配载、装卸和交接服务，提升口岸通关效率。
",normal,NA,否
DF1185,99,成立货运机场联盟。,heading,H3,是
DF1185,100,"　　按照“优势互补、合作共赢”的原则，加强信息交流，促进业务合作，以天津滨海国际机场为主体，主动与上海、郑州等已开展航空国际中转集拼业务的机场合作，组建货运机场联盟。结合航线网络布局情况，积极新开或加密成员单位间航线航班，拓展空空中转服务。
",normal,NA,否
DF1185,101,"　　（四）建设货运包机运营基地
",heading,H2,是
DF1185,102,持续发力全货运包机业务。,heading,H3,是
DF1185,103,"　　针对货运包机临时性强、航空器种类多等特点，鼓励机场积极协调海关、空管等单位，开辟绿色通道、最高优先等级放行。进一步优化通关手续，叠加国际邮件互换局功能，多渠道畅通物流，“零延时”保障空中走廊。充分结合天津航空口岸进出境货物特征、进出境货运量、邮快件业务发展需求，制定全货运包机发展推动工作方案，逐步推动天津成为京津冀地区货运包机运营基地。同时结合疫情防控需求，开通进出口防疫物资绿色通道，实现即到即放。
",normal,NA,否
DF1185,104,健全应急物流包机服务体系。,heading,H3,是
DF1185,105,"　　完善突发事件应急物流保障预案，建立应急物流保障重点企业名单，改造建设一批平时服务、急时应急的物流基地，做好运输、仓储、配送等物流能力储备。加快推进国家华北区域应急救援中心和应急物流枢纽建设，完善天津滨海国际机场应急物流包机运营机制，提高区域应急保障能力。
",normal,NA,否
DF1185,106,"　　（五）进一步优化供应链管理
",heading,H2,是
DF1185,107,建立供应链服务平台。,heading,H3,是
DF1185,108,"　　支持大型流通企业围绕采购、物流、分销、金融等供应链环节，建立专业化供应链服务平台，促进相关产业链要素和资源集聚，打造跨界融合、平台共享、共融共生的供应链商业生态圈。
",normal,NA,否
DF1185,109,加强同制造业融合发展。,heading,H3,是
DF1185,110,"　　落实天津全国先进制造研发基地功能定位，围绕电子信息、智能制造、生物医药等制造业主导产业，支持供应链核心企业建设制造业供应链协同平台，形成覆盖相关制造业采购、生产、销售、售后等环节的供应链服务能力。
",normal,NA,否
DF1185,111,推动供应链金融快速发展。,heading,H3,是
DF1185,112,"　　鼓励金融机构加强对物流企业融资支持，规范发展供应链金融，依托核心企业加强对上下游小微企业的金融服务。建立多方合作的物流金融平台。通过金融机构和物流企业合作，加速物流金融业务的发展，提高服务水平，鼓励物流企业增强实力、提高信用。
",normal,NA,否
DF1185,113,"七、优化拓展天津航空口岸服务功能
",heading,H1,是
DF1185,114,"　　以深化“放管服”改革为导向，持续优化口岸营商环境，破解制约天津航空物流发展的瓶颈问题，着力提升口岸服务水平，加快大通关基地建设运营，全力打造具有国际竞争力的监管机制。
",normal,NA,否
DF1185,115,"　　（一）提高口岸通关便利化水平
",heading,H2,是
DF1185,116,"　　落实7×24小时预约通关制度，实行所有作业部门全天候共同保障响应货物通关需求；提高全流程电子运单使用率，开放公共数据操作平台接口，实现全流程无纸化通关，由单一流程向“申报、转单、获取检测报告、在线查询跟踪”的全流程无纸化通关转变。
",normal,NA,否
DF1185,117,"　　适时启动管制代理人制度试点，将航空货运的部分安全责任前移至具备资质条件、社会信誉和安全信誉好、能够承担一定安全责任和义务的航空货运代理人，货代安检前置，实现航空货物快速交付。
",normal,NA,否
DF1185,118,"　　优化布控规则，保持高资信企业较低水平的查验率，引入人工智能新技术，基于通关大数据积累，在图像识别、单证识别、企业风险识别等环节上提高通关效率，实现“秒放”。
",normal,NA,否
DF1185,119,"　　利用监管设备提高查验效率，推行小型X光机非侵入式检查及电子智能审图，应用移动查验单兵系统实施检查作业。
",normal,NA,否
DF1185,120,"　　（二）加快大通关基地建设运营
",heading,H2,是
DF1185,121,突破传统监管模式。,heading,H3,是
DF1185,122,"　　通过管住空侧，放开陆侧，实现大通关基地海关监管模式的创新。突破现行监管模式下货物只能通过陆侧监管车调拨转运的限制，通过修建机坪通道，在具备条件的基础上，实现机场空侧与大通关基地海关监管库无缝衔接，空侧货物直达大通关基地，简化进出口作业流程，实现放行货物快速通关，降低物流操作成本。
",normal,NA,否
DF1185,123,实行“一站式”通关作业模式。,heading,H3,是
DF1185,124,"　　大通关基地为海关设立集中监管查验场地，将现状分散多点的监管场所集中到大通关基地，由分散向集约化转变，减少货物的搬倒转运、监管部门的重复监管查验，实现对进出口货物通关的“一站式”作业，提升监管部门查验和放行效率，降低企业运输操作成本。
",normal,NA,否
DF1185,125,搭建通关申报“单一窗口”平台。,heading,H3,是
DF1185,126,"　　建设大通关信息服务平台，搭建供政府、监管部门、各类企业共享的口岸通关作业平台，形成各主体之间的信息互换、监管互认、执法互助的“单一窗口”，将传统的“串联式”口岸通关流程改变为一次性、同步化的“并联式”流程，简化通关手续、提升通关效率、降低操作成本。
",normal,NA,否
DF1185,127,强化大通关基地与自贸试验区天津机场片区联动发展。,heading,H3,是
DF1185,128,"　　探索大通关基地口岸通关区域与天津滨海国际机场东侧海关特殊监管区域功能联动、创新发展。充分利用自贸试验区政策创新优势，将天津滨海国际机场东侧海关特殊监管区域的保税功能，与机场西侧大通关基地的航空口岸功能相结合，构筑口岸物流与保税物流联动的创新发展模式。通过创新设计管理流程、监管流程、营运流程，实现自贸试验区天津机场片区贸易多样化和物流效率最大化。
",normal,NA,否
DF1185,129,"　　（三）推动口岸和综合保税区功能融合
",heading,H2,是
DF1185,130,"　　将机场的口岸功能延伸至综合保税区，推动与综合保税区的港区联动和优势互补，实现区港一体。推动航空口岸业态创新，积极申请赋予大通关基地保税和监管等服务功能，支持企业在航空物流区开展保税仓储、保税加工业务。
",normal,NA,否
DF1185,131,"　　（四）发挥自贸试验区优势赋能临空产业发展
",heading,H2,是
DF1185,132,"　　依托天津医疗资源，发挥自贸试验区临床急需进口药品绿色通道政策优势，积极引进国内外知名药品生产和流通企业，探索建设药品进口和分拨中心。加强自贸试验区政策创新，积极推动航空保税维修、客改货和再制造产业升级发展，探索开展航材交易、租赁业务。支持有需求的航空公司申请第五航权，开辟更多国际航线。
",normal,NA,否
DF1322,12,"　　二、重点任务
",heading,H1,是
DF1322,13,"　　（一）优化拓展货运航线网络
",heading,H2,是
DF1322,14,"　　抢抓航空货运布局和发展的重要机遇期，立足省市制造业、商贸业、快递物流业等航空货运需求，补齐货运航线网络短板，力争每年开通国际国内全货机航线3-5条。其中，国际和地区全货机航线力争1-2条，重点开通北美、欧洲、日韩、东南亚、港澳台地区等航线，不断完善全球重要航点网络布局；国内全货机航线力争2-3条，重点开通至北京、上海、广州、成都、深圳、重庆、西安等城市及郑州、天津、鄂州等国际航空货运枢纽城市航线，拓展国内航空货运网络，有效衔接国际航线。积极推进客货协同发展，充分发挥客运腹仓运力资源优势，进一步完善航空货运网络布局。（牵头单位：市商务局、市发改委，省民航机场集团；配合单位：市财政局、市投促局、市邮政管理局、新桥机场海关（筹），经开区管委会）
",normal,NA,否
DF1322,15,"　　（二）培育引入关键市场主体
",heading,H2,是
DF1322,16,"　　全面加大“双招双引""力度，重点加大对货运航司、大型物流集成商、货运代理、快递公司等航空货运相关龙头企业招引力度。研究筹建本土（基地）航空公司及航空货运投资平台运营公司，加快打造主基地货运航空公司。进一步深化与顺丰等企业在航线网络布局、航空货运枢纽建设等领域的合作。积极引入国内外知名电商平台、电商企业以及大型物流集成商、货运代理、快递公司等在合肥扩大航空运输业务，设立物流分拨中心、贸易结算中心、新兴经济平台。到2025年，引入2家以上基地货运航司、10家以上国内外知名大型物流集成商、货运代理、快递公司。（牵头单位：市发改委、市投促局、市邮政管理局，省民航机场集团；配合单位：市商务局、市国资委，各县（市）区人民政府、开发区管委会，市产投集团）
",normal,NA,否
DF1322,17,"　　（三）提升口岸服务效能
",heading,H2,是
DF1322,18,"　　推动空港进境肉类指定监管场地建设和海关监管快件中心场所整改、通过验收并投入运营，争取开通进口药品、种苗、医疗器械等指定口岸。完善机场口岸的联检基础设施，提升信息化等保障能力，实现8小时以外和节假日7×24小时预约通关，普及中性电子运单，完成航空物流公共信息服务平台建设。推进通关一体化，积极开展跨关区合作，提升通关便利化水平。预留或保障航空口岸大通关基地发展空间。结合航空快件、冷链货物、鲜活水产品、危险品、超规货物等货物的运输特点，建设常态化、规范化的绿色通道，提升专业化服务水平。（牵头单位：市商务局、新桥机场海关（筹）；配合单位：庐州海关，合肥出入境边防检查站，经开区管委会）
",normal,NA,否
DF1322,19,"　　（四）完善机场货运基础设施
",heading,H2,是
DF1322,20,"　　按照效率优先原则，用好用足现有资源，以满足年100万吨货邮吞吐量的高效运行为规划目标，优化货运设施功能和布局。推动现有货运区内1-9类航空危险品暂存区（库）、冷库等基础设施建设及信息化自动化改造。加快推进专用货机坪、货运专用跑道改扩建工程，推动东货运区及相关配套设施规划和建设工作，适时启动机场三期货运区建设论证工作，为长远发展提前做好基础性规划研究。对接新一轮国土空间规划，保障机场二期与三期工程空侧货运设施用地空间。（牵头单位：省民航机场集团；配合单位：市发改委、市自然资源和规划局，经开区管委会）
",normal,NA,否
DF1322,21,"　　（五）完善多式联运体系
",heading,H2,是
DF1322,22,"　　加速构建“两横三纵""区域高速公路通道，加快三横五纵快速路网建设谋划工作。争取合康高铁、合武高铁连接合肥新桥机场，推进合肥市货运铁路外绕线岗集货运站引入空港货运铁路专用线，串联机场货运、产业物流和新桥运河港口，形成空、铁、公多式联运的空港货运系统格局。以“卡车航班""为重点，建设合肥机场辐射中短程市场的地面物流集疏体系。探索“航空+高铁""联运货运发展模式，拓展辐射全国的快件物流网络。（牵头单位：市交通运输局；配合单位：市发改委、市自然资源和规划局、市商务局、市邮政管理局，庐州海关、新桥机场海关（筹），省民航机场集团）
",normal,NA,否
DF1322,23,"　　（六）大力发展航空经济
",heading,H2,是
DF1322,24,"　　发挥新桥机场航空货运的产业平台功能，打造跨境电商物流分拨中心、国际交易中心、供应链管理中心，大力培育货代、报关等配套服务产业，创新业务模式，推进线上线下高度融合，加大对冷链、快件、跨境电商等新业态的支持力度。支持长丰县、蜀山区、经开区等临港地区打造航空物流产业园，积极争创国家级临空经济示范区，构建以航空物流为基础、航空关联产业为支撑的航空经济产业体系，带动高端制造业、现代服务业集聚发展，完善航空经济生态圈，增强机场货运持续快速增长的内生动力。（牵头单位：各县（市）区人民政府、开发区管委会；配合单位：省民航机场集团，市发改委、市经信局、市商务局、市邮政管理局、市投促局）
",normal,NA,否
DF1759,53,"三、重点任务
",heading,H1,是
DF1759,54,"（一）构建优质航线网络。
",heading,H2,是
DF1759,55,"全力打造内外联动、覆盖广泛、衔接便利的航空货运网络, 持续提升货运服务品质及市场主体竞争力，构建高品质航空货 运服务体系，把南宁机场建设成为面向东盟的门户枢纽机场和 国际航空货运枢纽。
",normal,NA,否
DF1759,56,"1.完善国际货运航线。
",heading,H3,是
DF1759,57,立足中国一东盟航空货运市场，开通和加密贸易密切城市 及货源丰富地区航线。,heading,H4,是
DF1759,58,"引导华东地区和广深地区的国际出口货 源如电子半成品、加工原料、跨境电商出口货物经南宁机场口 岸出口；支持来自东南亚地区的海鲜、水果等生鲜产品经南宁 机场口岸进口。
",normal,NA,否
DF1759,59,引导国际货运航线布局与制造业需求对接，提升南宁国际 航空货运枢纽全球响应能力。,heading,H4,是
DF1759,60,"持续稳固越南胡志明、泰国曼谷、 新加坡和孟加拉国达卡四条航线的货源。重点培育出港货物为 制造业产品的货运航线，将航线布局与产业对接，加密曼谷和 达卡，新开金边、仰光和印度的全货机航线。探索开通至华东 地区、湖北鄂州的全货机航线。
",normal,NA,否
DF1759,61,"2.积极打造中转航线。
",heading,H3,是
DF1759,62,发挥南宁区位优势，构建双扇形航线网络布局。,heading,H4,是
DF1759,63,"打造南宁 机场""双扇面""国际货运航线网络，促进全货机与客机腹舱航 线互补衔接发展，实现南宁至东盟""四小时航空物流圈""快速打造面向东盟、辐射全国的有竞争力的""货运通道""，实现国际进口和国内出港流程无缝对接。
",normal,NA,否
DF1759,64,加强与国际机场合作，开展多形式、多渠道的中转业务。,heading,H4,是
DF1759,65," 加强与新加坡、吉隆坡等国际航空货运枢纽机场合作，拓展国 际一国际、国际一国内间多形式、多渠道的空空中转业务。构 建""国内一南宁一东盟""等串飞航线，加强与长三角、京津冀 地区等主要城市协同联动；大力推广定班包车模式，加密卡车 航班网点，打造覆盖500一600公里的空公联运网络，高效联通 广深地区，延伸组织货源。
",normal,NA,否
DF1759,74,"3.引进航司提升运力。
",heading,H3,是
DF1759,75,加快引进国内国际货运航司和快递企业航司，积极引进新 兴货运航司。,heading,H4,是
DF1759,76,"加快引进新兴货运航司以及以顺丰、邮政、圆通 为主的快递企业航司，研究引进新加坡航空、印度尼西亚 My Indo Airlines以及马来西亚航空、卡迪航空等东盟主要的货 运航司。开通第五、第七航权航线，拓展国际航线网络。
",normal,NA,否
DF1759,77,加强与货运航空公司的紧密合作，以运力发展带动航线布 局。,heading,H4,是
DF1759,78,"吸引货运航空公司投放驻场运力，鼓励货运航空公司设立 货运基地。重点加强与有采购全货机运力计划及全货机运力调 配灵活的航空公司合作，力争""十四五""期间在南宁投放两架 全货机驻场运力，运力累计达7架以上。同时积极参与本土航 空公司建设工作，进一步提升机场全货机运力。
",normal,NA,否
DF1759,79,"航司引入发展任务
",normal,H4,是
DF1759,80,"遂选国内航司。南宁机场是四川航空的客运基地，可以借助川航货运发展机 遇，吸引其投放货机运力，设立货运基地。同时加强与顺丰和邮政航司的合作， 全力支持快递类航司在南宁的发展。探讨圆通航空与南宁机场的深入合作。同时 关注新兴货运航司如天津货运航空、厦门货运航空、京东货运航空，吸引其运力 投放。
",normal,NA,否
DF1759,81,"引入其它外航。引入东南亚安全记录良好的航司，可吸引如马来西亚航空、 新加坡航空、卡迪航空等以东南亚航线为主的货运航司，探索入股外航的可能 性。中期可考虑引入如全日空、大韩航空等航线布局亚太的货运航司。
",normal,NA,否
DF1759,82,"适时培育本土货运航司。本地政府可探讨适时拓展本地航空公司的货运业 务，构建全货机机队，依托南宁机场建设货运基地，并给予相应的扶持补贴。
",normal,NA,否
DF1759,83,"（二）增强货运保障能力。
",heading,H2,是
DF1759,84,"按照需求主导、资源整合、功能分层、高效监管的原则， 合理布局南宁机场货运区，科学规划各货运区功能，设计不同 类型业务的货运流程。以新时期""四型机场""'为目标，不断 提升南宁机场航空货运保障能力和货运信息化水平。
",normal,NA,否
DF1759,85,"1.加强货运设施建设。
",heading,H3,是
DF1759,87,积极推进南宁机场各货运区规划建设。,heading,H4,是
DF1759,88,"改造、升级和新建 T2 基础功能区内的基础设施，实现改建和新建项目的无缝连接。 完善货运功能，优化货运流程，实现多方主体共同参与协同发 展。以建设航空物流生态圈的总体设计思路，完备业务保障资 质，完善业务保障类型，打造先进一流的航空货运区，支撑南 宁航空货运枢纽业态、业务、操作的高效落地和实施。
",normal,NA,否
DF1759,89,稳步推进货运基础设施建设。,heading,H4,是
DF1759,90,"近期重点完善南货运区设施 功能，以形成南北货运区协同发展的货运保障体系为目标，推 动建设北货运区国内航空转运中心、国际货站、国际监管库、 保税仓库等基础设施。远期以南、北、西货运区协同发展为目 标，完成南宁机场各货运区设施建设，全面提升南宁机场货运 设施保障能力。
",normal,NA,否
DF1759,91,"2.完善货运功能配套。
",heading,H3,是
DF1759,92,满足客户业务需求，补齐南宁机场设施短板。,heading,H4,是
DF1759,93,"加快空侧转 运中心项目建设，开展空侧国内一国际中转业务；进一步完善 边检、海关监管查验设施，满足边检、海关查验需求；探索设 立国际邮件互换局、国际快件监管中心；不断丰富机场指定监 管场地资质，满足客户业务保障需求。
",normal,NA,否
DF1759,94,完善货运保障配套工程，规划配置货机位、陆侧道路、空 侧道路、配套办公等设施。,heading,H4,是
DF1759,95,"尽快启动北货运区工程建设工作， 陆侧规划专用货运道路，空侧配置适量、优质的专用货机位, 优化空侧拖车道路，配齐配全边检、海关监管查验设施，以及必要的办公生活设施。未来根据货运发展需求规划和建设货运 专用跑道。
",normal,NA,否
DF1759,96,推进临空区保税物流、跨境电商等园区建设。,heading,H4,是
DF1759,97,"加快申请机 场保税物流中心（B型）资质，推进零公里空港产业园建设工 作。规划建设跨境电商分拨中心、订单履行中心、生鲜集散中 心等，完善临空区域的物流服务保障体系，提升保税物流、冷链物流、航空快件等货运服务的专业化水平。
",normal,NA,否
DF1759,118,"3.加快数字基建建设。
",heading,H3,是
DF1759,119,"统筹推进航空货运新型基础设施建设。加快建设信息基础 设施、通信网络基础设施、新技术基础设施（人工智能、云计 算、区块链）、算力基础设施（数据中心、智能计算中心）。 应用互联网、大数据、人工智能等技术，支撑传统基础设施转 型升级。
",normal,NA,否
DF1759,120,"（三）提升货源组织能力。
",heading,H2,是
DF1759,121,"围绕把南宁机场建设成为面向东盟的门户枢纽机场和国际 航空货运枢纽的任务目标，抓紧引入航空货运市场参与主体, 不断强化机场货源组织能力，实现机场货运可持续发展。
",normal,NA,否
DF1759,122,"1．丰富货运参与主体。
",heading,H3,是
DF1759,123,引育优质货运代理和大型电商物流企业。,heading,H4,是
DF1759,124,"积极争取引进全 球领先的航空货运代理企业，优化航空货运产品结构。借助中 国（南宁）跨境电子商务综合试验区货量补贴、租金优惠、通 关便利化等相关政策和优惠补贴，与电商物流企业开展合作， 打造稳定的中国一东盟跨境电商产业链。
",normal,NA,否
DF1759,125,"2.强化陆运集货网络。
",heading,H3,是
DF1759,126,构建高效的航空物流地面集散体系。,heading,H4,是
DF1759,127,"布局""通道+枢纽+网 络""的航空物流运作体系，延伸货站吸引能力；提升海外地面 配送能力，有效保障""最后一公里""安全可靠，拓展国际全链条""门到门""服务。强化机场货物集疏能力,打造生鲜集散中 心、跨境电商分拨中心、快件集散中心等。
",normal,NA,否
DF1759,128,延伸货运服务，探索异地货站模式。,heading,H4,是
DF1759,129,"前移南宁机场航空货 物运输服务至机场周边的其他城市及其高新技术开发区、自由 贸易区、东兴口岸、凭祥口岸等；探索与珠三角货源地联动， 设置异地货站或者卡车航班。多地联动实现异地货物分拨、舱 单管理、进出口申报、初筛放行和异常处理等一系列现场操作， 节省货物运输时间，降低运营成本，提高通关效率。
",normal,NA,否
DF1759,130,"3.探索开展多式联运。
",heading,H3,是
DF1759,131,借鉴先进经验，探索南宁机场开展多式联运。,heading,H4,是
DF1759,132,"加快探索陆 海空铁多种方式联动，重点整合运力资源，引入卡车航班在机 场运营，提高南宁机场连接我国其他枢纽机场的货物集疏能力， 实现货源地和区域枢纽机场之间的无缝链接；吸引物流整合商 开展枢纽运作，利用周边的铁路港、海港，加大陆海空衔接的 现代综合运输体系建设，提升货运中转和集疏能力，降低物流 运输成本，提高物流运输时效，实现软硬件协同发展。
",normal,NA,否
DF1759,138,"（四）智慧货运高效管理。
",heading,H2,是
DF1759,139,"多样化的客户服务需求、日益严格的监管要求对航空货运 的成本、效率、信息等多方面提出了更高的要求，航空货运智 慧化势在必行。
",normal,NA,否
DF1759,140,"1.推进智慧平台建设。
",heading,H3,是
DF1759,141,加快构建智慧航空物流综合服务平台。,heading,H4,是
DF1759,142,"推动口岸机场和航 空公司、空管及监管等单位数据互联共享，实现国际航空货运 的全球追踪、大数据流量管理、智能进离港排队、区域管制中 心联网等功能。充分利用物联网、云计算、区块链等新技术, 打造自主可控的国际航空货运网络。
",normal,NA,否
DF1759,143,统筹单据电子化和标准化建设。,heading,H4,是
DF1759,144,"推行多式联运""一单制""， 加快货物流通速度，降本增效。贯彻《国务院印发关于推进自 由贸易试验区贸易投资便利化改革创新若干措施的通知》（国 发〔2021］12号）的要求，实施多式联运""一单制""改革，进 一步明确多式联运电子运单的数据标准、交换规则及参与联运 各方（海关、铁路局、民航局等）的职责范围等。率先在国内 公铁联运使用标准化单证，逐步推广到内水陆上多式联运，做好与空运、海运运单的衔接，实现陆海空多式联运运单的统一。
",normal,NA,否
DF1759,145,"2.加强新兴技术应用
",heading,H3,是
DF1759,146,航空货运全流程定位追踪。,heading,H4,是
DF1759,147,"通过 RFID、条码等技术将货 物信息进行绑定，实现对货物信息的全流程追踪；通过物联网 技术实现设备信息可视化，对设备进行精准定位。
",normal,NA,否
DF1759,148,货物状态可视化。,heading,H4,是
DF1759,149,"通过物联网技术，将货物信息实时上传 至云端，对货物的状态进行实时监控，实现货运流程环节的可 视化和设备状态的可视化，实现智能化数字监管、设备调配、 流程管理。
",normal,NA,否
DF1759,150,"3.提升运营管理能力。
",heading,H3,是
DF1759,151,打造良好的航空货运社区。,heading,H4,是
DF1759,152,"贯彻""客货并举""发展策略， 重视航空货运的发展，紧密联合上下游其他参与主体共同协作, 全面提升航空货运服务水平，打造优质的""航空货运社区""。
",normal,NA,否
DF1759,153,引入资金和战投，增强经营实力。,heading,H4,是
DF1759,154,"引入具有货源优势、管 理经验和组织经验丰富、资金充沛的战略投资者，增强机场经 营实力。
",normal,NA,否
DF1759,155,"货运信息化发展任务
",normal,H3,是
DF1759,156,"全面提升南宁航空货运智慧化水平，实现服务平台化、流程数字化、设备自 动化、园区智能化。
",normal,NA,否
DF1759,157,"电子货运无纸化：以货运电子运单的推广和运用作为切入点，探索全流程单 据、信息的电子化，最终实现无纸化运营。
",normal,NA,否
DF1759,158,"打造综合服务平台：打造南宁航空货运综合服务平台，实现航空货运生态圈参 与方（航司、货站、海关、地方政府）信息互通、数据共享、流程透明。
",normal,NA,否
DF1759,159,"升级货站运营系统：研究现有货运系统的问题，在信息标准化、各方信息互 通、数据统计分析、调度和运营可视化等进行全面改善提升。
",normal,NA,否
DF1759,160,"全流程定位跟踪：实现航空货运操作中的人、货、设备、场所都获得数字身 份，从智慧定位、移动更新、智慧安检、无人驾驶、智慧调度等多个场景，打 造货运全流程数字化体系，实现航空货运全流程定位追踪、状态可视化。
",normal,NA,否
DF1759,161,"自动化作业设备：依托南宁机场公共货站二期项目，根据货站作业流程，设计 自动化解决方案，采购自动化作业设备，提高货站处理效率。
",normal,NA,否
DF1759,162,"打造智慧货运区：打造国内一流、智慧前沿的货运园区，增强智能化基础建 设，建设货运专用机房、专用私有云、集控中心等设施；实现园区内设施、设备、人员、车辆、能源的高效管理。
",normal,NA,否
DF1759,164,"（五）延伸产业丰富业态。
",heading,H2,是
DF1759,165,"以民航局延伸航空货运产业链的要求为导向，以依托机场 的临空指向型产业为主，根据本地产业特点，选择与机场关联 程度较高的产业。联合临空经济区，集结本地商贸企业，打造 特色产业园，发展生鲜、跨境等产业，并探索其产业链上下游 功能的规划落地。
",normal,NA,否
DF1759,166,"1.延伸航空物流链条。
",heading,H3,是
DF1759,167,"与快递企业深度合作，实现""门到门""的服务。",heading,H4,是
DF1759,168,"搭建本地 有航空货运需求的商贸企业信息平台，掌握物流需求；搭建配 送分销平台，实现企业在线下单，为企业提供""门到门""服务; 搭建JIT（JustinTime），准时制生产方式）保障服务平台， 为企业定制航班航线班次，为生产制造企业提质增效贡献力量。",normal,NA,否
DF1759,169,建设跨境产业园，打造中国一东盟跨境电商综合服务平台。,heading,H4,是
DF1759,170,搭建跨境电商企业综合服务平台，与Lazada、Shopee 等合作共 建跨境电商产业园，提供售后服务保障、保税存储、订单拣选、,normal,NA,否
DF1759,171,"简单加工等服务，成为东盟跨境电商的核心服务商。
",heading,H4,是
DF1759,172,"依托""中国东盟生鲜产业园""，打造生鲜集散中心、加工 中心、交易中心。",heading,H4,是
DF1759,173,"以空运为核心，布局东盟中高端生鲜24小时 快速供应链网络；以""冷链空运+冷链公路运输+冷链高铁运输"" 相结合的方式，满足国内客户2一24小时分拨需求。",normal,NA,否
DF1759,174,"2.加强港区高效联动。
",heading,H3,是
DF1759,175,推动区港联动。,heading,H4,是
DF1759,176,开展机场口岸区与临空区协调规划，合理 设计业务流程，研究规划货运专用通道。探索关内分拨、代码 植入等方式，使得口岸更好地为临空产业服务。积极推动保税 物流中心（B型）申请工作。同时创新区港监管模式（大通关模式），实现保税区和国际货站之间便利交货。健全城市配套 设施的规划建设，吸引人才，加快区港联动进程。,normal,NA,否
DF1759,178,"机场规划与临空规划对接。机场口岸区与临空区协调规划、业务流程设计科 学合理、监管区之间灵活规划、交通规划流畅衔接、必要时规划货运专用通道。
",normal,NA,否
DF1759,179,"探索设置异地货站。在临空区域、自贸区、综保区、跨境电商综试区内探索 设置异地货站，为客户更好地聚集航空货源，实现南宁市临空经济区与机场口岸 的高效联动；根据货物类型和客户需求，给予特殊货物通关便利，探索关内分 拨、代码植入等方式，使得口岸更好的为临空产业服务。
",normal,NA,否
DF1759,180,"打造保税物流园区。基于南宁综合保税区迁建至国际铁路港的背景，积极推 动保税物流中心（B型）申请工作，促使本园区成为南宁综合保税区协同区，逐步 打造""零公里产业园""项目落地。创新区港监管模式（大通关模式），实现保税 区和国际口岸之间便利联通，统一监管。
",normal,NA,否
DF1898,22,"　　四、主要任务
",heading,H1,是
DF1898,23,"　　（一）注重规划支撑引领
",heading,H2,是
DF1898,24,一是开展航空货运总体规划研究。,heading,H3,是
DF1898,25,　　坚持规划先行，加强顶层设计，结合南通新机场规划建设和我市及周边城市产业发展实际，开展航空货运发展综合规划研究。围绕航空货运市场需求、基础设施建设、口岸功能完善、航线网络优化、货源组织调度、政策支持保障等，科学编制南通机场航空货运发展规划，促进航空货运功能布局与国土空间规划有效衔接。围绕基础设施、口岸功能、政策支持、航线、运力、货源等保障要素，明确南通机场航空货运发展的定位、方向和重点。,normal,NA,否
DF1898,26,二是开展航空货运发展专项研究。,heading,H3,是
DF1898,27,"　　根据行动方案明确的航空货运发展近期、中期和远期目标，对照《南通机场航空货运发展三年行动计划（2022—2024年）任务清单》（见附件2）分解具体任务、明确进度安排、落实责任人（部门）、制定具体实施步骤（计划）。围绕航空货运市场需求预测与分析、基础设施规划与建设、航线网络布局与优化、口岸功能报批与开放、扶持培育政策激励机制等相关领域，分类开展航空货运发展专项实施方案、推进计划或实施细则、举措办法等专题专项研究。
",normal,NA,否
DF1898,28,"　　（市交通运输局、市发改委、市工信局、市财政局、市资规局、市商务局、南通海关、南通边检站、市邮政管理局、机场集团、通州区政府按职责分工负责）
",normal,NA,否
DF1898,29,"　　（二）强化基础能力保障
",heading,H2,是
DF1898,30,一是推进基础设施建设。,heading,H3,是
DF1898,31,　　加快推进南通机场国际货库改扩建、南通机场接收国际入境航班航站楼及国际全货机机组入境通道改造工程，确保满足年进出港货量3万吨处理能力。启动海关生物安全二级增强型实验室（P2+实验室）改建项目建设。保障京东货运航空基地顺利投运，完善京东、顺丰等航空货站及油料、空管、机务维修配套设施。推进冷库、暂养池、跨境电商保税仓库、初筛鉴定室等基础设施建设，优先保障食用水生动物、进口水果、冰鲜水产品等海关指定监管场所建设，2023年建成启用水生动物监管场所、跨境电商保税仓库，2024年建成启用进口水果、冰鲜水产品指定监管场所。到2025年，南通机场基础设施建设水平达到年货邮吞吐量7万吨，至2030年再翻一番，达到14万吨；2035年力争达到50万吨。,normal,NA,否
DF1898,32,二是完善航线网络布局。,heading,H3,是
DF1898,33,　　立足沿海经济带腹地市场需求，依托京东货运航空公司，率先构建通达京津冀、粤成渝等地区国际航空货运枢纽城市的货运骨干航线网络，探索新开至华北、西南、华南等地区城市的全货机航班，2023年新开、加密1条京东货航国内航线，2024年新开、加密1条京东货航国内国际航线。面向加工贸易、消费品进口、供应链物流等重点市场需求，以日本大阪、东京航线为突破口，做强日韩、东南亚、港澳台等短程国际和地区航线，待市场稳定后逐步拓展至美国、加拿大等欧美远程国际航线。到2025年，南通机场航空货运网络覆盖100个以上国内外城市和地区。,normal,NA,否
DF1898,34,三是优化货物运输组织。,heading,H3,是
DF1898,35,　　发挥航空客运腹仓运力资源优势，积极引导航空公司、物流公司采用窄体机或宽体机腹舱带货及客改货航空货运模式，通过客运市场培育货运市场，做大做强国内客机腹舱运输，逐步发展成全货机航线。除京东货航全货机航线外，2023—2024年再新开、加密4条国内国际全货机航线，到2025年全货机航线数量突破10条。针对沿海地区货运需求，探索推进异地货站模式，将国际货运航线产品推介到园区，将货站收运服务前置到企业。鼓励发展2—3家生产型企业与航空公司开展包机业务，提升点对点货物运输效率。,normal,NA,否
DF1898,36,"　　（市交通运输局、市发改委、市工信局、市财政局、市商务局、市资规局、市卫健委、市国资委、市外办、南通海关、南通边检站、机场集团按职责分工负责）
",normal,NA,否
DF1898,37,"　　（三）加强市场主体培育
",heading,H2,是
DF1898,38,一是引入培育龙头企业。,heading,H3,是
DF1898,39,　　培育壮大京东货运航空机队，持续增加基地航司在通运力投放，增开直飞航线，积极拓展全球货运业务，提高业务占比。组织开展上门招商、专题招商，吸引顺丰、圆通、UPS、DHL和阿里巴巴、亚马逊、来赞达（Lazada）、虾皮（Shopee）等国内外专业航空物流企业和知名跨境电商平台入驻，在南通建立区域航空货运基地。加强与上海等周边城市的区域产业协作，与2—3家货运代理、卡车运输物流企业构建战略合作伙伴关系，建设面向东南亚的国际航空货邮集散、转运中心，中转服务、多式联运等航空物流业务形成规模。,normal,NA,否
DF1898,40,二是强化货源组织调度。,heading,H3,是
DF1898,41,"　　立足制造业、商贸业、快递物流业等航空货运产业链，积极组织调集周边城市及国内货源从南通发运，引导南通开发区、南通综保区、南通高新区等园区内本地企业“本地货本地运""。对在南通转关的货物，协调争取留在南通清关。搭建完善的国际转国内航班、“卡车航班""中转渠道，拓展全货机混载业务，增强回程货源组织能力。针对国际货运需求，搭建国际贸易物流交流平台或举办提升国际航空货运能力高层论坛，深化国际航空货运产业链上下游交流合作，探索在海外关键节点布局货运代理点，打造以京东海外仓为主要节点的国际航线网络。到2025年，初步实现南通与海外仓物流互通，将南通打造成为连接海外仓物流网络的重要节点。",normal,NA,否
DF1898,42,三是加强集疏运体系建设。,heading,H3,是
DF1898,43,"　　立足我市及周边制造、商贸、快递物流业等航空货运需求，加密机场周边地区公路及城市道路网，充分利用“卡车航班""等资源，建设南通机场辐射中短程市场的地面物流集疏运体系。加强与以国内公路运输为主的大型物流企业合作，联合组建1—2家本土多式联运公司，打造综合物流信息服务平台，实现全程“一次委托""、运单“一单到底""、结算“一次收取""服务模式，吸引具备空陆、空铁联运需求或能力的企业在南通机场开展业务运营，促进航空物流企业向规模化、专业化、社会化、国际化转型，拓展高端服务和增值服务。借鉴上海PACTL国际货站运营管理经验，与上海PACTL货站建立业务共融模式，至2030年吸纳上海溢出货运服务需求份额达到20%。",normal,NA,否
DF1898,44,"　　（市交通运输局、市发改委、市工信局、市商务局、南通海关、市邮政管理局、机场集团）
",normal,NA,否
DF1898,45,"　　（四）提升服务管理水平
",heading,H2,是
DF1898,46,一是加快完善口岸功能。,heading,H3,是
DF1898,47,　　抓紧开展海关指定监管场地报批争取工作，有序推进食用水生动物、进口水果、冰鲜水产品、国际快件、邮件等指定口岸功能建设，力争2024年前启用水生动物、进口水果、冰鲜水产品指定口岸功能。推进跨境电商、进出口加工等产业集聚发展，大力发展跨境电商进口业务，2023年上半年启动跨境电商进区业务。全力保障京东航空在南通运营基地开展国内、国际（地区）航空货邮运输业务，力争2025年建成具有较强国际竞争力的航空快件及跨境电商集散中心。积极申报国际快件、邮件口岸资质，推动建设国际快件监管中心或国际邮件互换局（交换站）等指定监管场所。,normal,NA,否
DF1898,48,二是优化口岸营商环境。,heading,H3,是
DF1898,49,"　　建立重点培育的跨境电子商务服务商名录，优化跨境电商“企业对企业B2B""出口试点工作服务流程。推进口岸保障能力建设，推广实施口岸、保税仓库、保税加工、跨境电商等功能区“大通关""监管模式，适时推进南通机场货运实施“7×24小时工作制""，提升航空口岸空运服务能力，降低快件及跨境电商货物分拨转运时间成本和物流成本，缩短货物周转时间，保障货运供应链畅通。参照上海、深圳等机场先进做法，设置“虚拟卡口""，研究在空侧实现国际—国内货物中转，在南通机场设置“三合一""智能卡口，实现不同类型货物“一卡监管、智能通关""；推行市场采购贸易方式试点，提高对外贸易便利化水平。加大卫生检疫、安全监测和实货查检等基础设施投入，建立鲜活产品、航空邮件快件专用通道，提供快速通关、检验检疫、安检、配载、装卸和交接服务。",normal,NA,否
DF1898,50,三是提升通关服务效率。,heading,H3,是
DF1898,51,"　　创新口岸通关业务，深入推进进出口“提前申报""“两步申报""“两段准入""等通关改革，推行预约通关、无纸化报关、全国通关一体化等便利化措施,优化查验作业流程，提高查验放行效率，压缩整体通关时间。加强与联检单位“信息互换、监管互认、执法互助""，建立跨区域口岸合作机制，优化境外航空货运通关条件,根据不同国家或地区目的地实施航空快件国际中转集拼，实现中转货物“电子申报、数据核放""。采取地方与海关共建方式，加大口岸查验和专业人员招录力度，扩充口岸联检单位人员队伍，2023年形成7×24小时、365天全天候预约通关长效机制。到2025年，南通机场口岸整体物流服务效率达到上海浦东机场水平。",normal,NA,否
DF1898,52,"　　（市商务局、资规局、南通海关、南通边检站、市邮政管理局、机场集团，通州区政府按职责分工负责）
",normal,NA,否
DF1898,53,"　　（五）加大政策扶持力度
",heading,H2,是
DF1898,54,一是完善财政奖补机制。,heading,H3,是
DF1898,55,"　　结合我市产业发展和对外开放实际需求，参照省内外机场补贴政策及执行情况，研究制定加快我市航空货运高质量发展的若干措施，建立航空货运发展考核培育长效机制。修订完善航空货运发展奖补政策，按照“多飞多得、多运多得""原则，统筹飞行时长、使用机型、最大业载、航班航线等要素，实行航班补贴与货量补贴相结合、当前与长远相结合。研究制定航空货运补贴申报指南，对航司在南通机场投放运营全货机给予政策激励，鼓励航空代理人、货主企业通过南通机场集货、进出港，不断提升航线航班运输能力、航班执行率、航班装载率，实现航空运输和地方经济发展互促共赢。",normal,NA,否
DF1898,56,二是积极争取政策倾斜。,heading,H3,是
DF1898,57,　　积极争取国家、省的大力支持，加快基础设施建设项目审批、口岸功能报批、建设资金安排和关键政策等落地。结合业务发展需要，争取民航局在空域规划、空管保障，货运航权、货运航线、货运时刻安排、组建航司等方面的支持。争取上级政府及行业主管部门在民航发展、口岸建设、金融财税、招商引资、重大项目建设等方面予以政策倾斜，对机场及临空经济区的土地指标、建设用地空间规模给予统筹考虑、单列支持。,normal,NA,否
DF1898,58,"　　（市财政局、市国资委、市发改委、市交通运输局、市商务局、市税务局、机场集团按职责分工负责）
",normal,NA,否
DF2583,13,"　　二、重点工作任务
",heading,H1,是
DF2583,14,"　　（一）系统推进航空客货枢纽建设
",heading,H2,是
DF2583,15,　　1.推动全省机场功能定位差异化发展。,heading,H3,是
DF2583,16,"海口美兰机场定位为全省主航空区域枢纽机场，客货并举，突出航线网络通达性和枢纽功能，加快推动落实《海口美兰国际机场总体规划（2024 版）》。三亚凤凰机场定位为次航空区域枢纽机场，以客为主，兼顾货运，研究申报空港型国家物流枢纽，加快推进三期改扩建项目，力争 2025 年底前建成。琼海博鳌机场定位为重要支线机场，加强货运功能，兼顾海南公务机保障，加快推进博鳌机场三期扩建项目，力争 2025 年底前建成。东方机场定位为支线机场，打造为货运特色机场，力争 2025 年开工建设。（牵头单位：海南机场集团有限公司、海口市人民政府、三亚市人民政府、琼海市人民政府、东方市人民政府，配合单位：省发展改革委、省交通运输厅、民航海南监管局、民航三亚监管局、民航海南空管分局、民航三亚空管站等，完成时限：2025 年底前）
",normal,NA,否
DF2583,17,　　2.依托主要运营人推进客货枢纽建设。,heading,H3,是
DF2583,18,"依托省内主基地航司和基地航司，充分发挥比较优势，深入参与航空客货枢纽建设。研究打造超级承运人。支持航空公司在海南枢纽化运营，用好开放航权政策，因地制宜开通国外至海南的第五、第七航权货运航线，构建枢纽化航线网络。（责任单位：省交通运输厅、海口市人民政府、三亚市人民政府、琼海市人民政府、东方市人民政府、海南机场集团有限公司、航空公司等按职责分工负责，完成时限：持续推进）
",normal,NA,否
DF2583,19,　　3.着力打造内畅外联航线网络。,heading,H3,是
DF2583,20,"充分利用开放航权等政策优势，支持航空公司根据市场需求新开和恢复境外航线。鼓励企业结合 59 国免签政策、自贸港发展和境外主要客源地市场需求，稳定运营已开通境外航线，新开和加密海南与 RCEP 国家、“一带一路""沿线国家、59 个免签国家等境外客运航线，完善航线网络建设，开拓形成覆盖东北亚、澳新、西亚、南亚、欧洲、美洲等地区的空中运输网络。加大 2025-2026 年货运航线开发工作，拓展开通至布达佩斯、华沙、列日、阿姆斯特丹、伦敦等机场全货机货运航线，构建海口连接欧洲跨境电商主要通达点的货运航线网络，按需拓展开通至澳新、西亚、东南亚全货机航线，增强航空货运枢纽功能。支持三亚、琼海依托客运航线发展腹舱载货，根据市场需求开通货运航线。（责任单位：省交通运输厅、海口市人民政府、三亚市人民政府、琼海市人民政府、东方市人民政府、海南机场集团有限公司、航空公司、航空货运企业等按职责分工负责，完成时限：持续推进）
",normal,NA,否
DF2583,21,　　4.加强地面综合交通能力匹配。,heading,H3,是
DF2583,22,"推动海口美兰机场快速通道工程等项目前期工作，提升美兰机场至市区的快速通达能力和区域内路网交通服务水平。开展机场客货线路分离项目前期研究，缓解机场路线高峰期拥堵情况，增强空港城市集疏运功能。（牵头单位：海口市人民政府、海南省机场集团有限公司，配合单位：省交通运输厅，完成时限：持续推进）
",normal,NA,否
DF2583,23,　　5.加快补齐核心资源短板。,heading,H3,是
DF2583,24,"协助航空公司争取航班时刻配置支持。有序推动三亚凤凰机场时刻扩容，加强相关要素保障，2027 年启动高峰小时容量达到 29+1 架次评估工作。按时间节点加快制定《海南地区空域统筹规划》，构建与海南机场规划发展相匹配的空域条件。（牵头单位：省委军民融合办、海南机场集团有限公司，配合单位：省发展改革委、省交通运输厅、民航海南监管局、民航三亚监管局、民航海南空管分局、民航三亚空管站、基地航空公司等，完成时限：2027 年底前）
",normal,NA,否
DF2583,25,"　　（二）增强航空货运基础保障能力
",heading,H2,是
DF2583,26,　　6.优化海南空港口岸海关指定监管场地布局，丰富空港口岸资质类型。,heading,H3,是
DF2583,27,"支持海南省空港口岸“一线""按需建设、升级进境指定监管场地，以提升口岸服务功能促进海南航空物流产业发展。完成海口美兰机场进境食用水生动物、水果、肉类、冰鲜水产品等指定监管场地建设及验收。加快引入完成海关资质备案的国际快件运营人，打造航空货运发展新增长点。（牵头单位：海口市人民政府、三亚市人民政府、琼海市人民政府、海南机场集团有限公司，配合单位：省商务厅、省发展改革委、海口海关、省交通运输厅、省邮政管理局、航空货运企业等，完成时限：持续推进。其中，海口美兰机场进境食用水生动物、水果监管场地建设及验收 2025 年上半年完成，进境肉类、冰鲜水产品指定监管场地建设力争 2025 年底前完成）",normal,NA,否
DF2583,28,　　7.统筹完善机场航空货运保障设施设备，提升机场货站智能化水平。,heading,H3,是
DF2583,29,改造升级地面保障设备设施，完善货运服务设备保障体系，提升冷链物流、航空快件、生产物流、活体动物、危险品、超规货物等货物专业化水平。融入海关智慧监管系统，为航空货运企业提供货物处理、文件处理、停机坪飞机服务以及进口货物预先清关服务。（牵头单位：海南机场集团有限公司，配合单位：省发展改革委、海口海关、民航海南监管局、民航三亚监管局等，完成时限：2025 年底前）建设海南自贸港物流监管服务系统，采集机场和企业物流数据，推进行业信息化普及。（牵头单位：省大数据发展中心、省交通运输厅，配合单位：海南机场集团有限公司、省发展改革委等，完成时限：2025 年底前）推动美兰机场前置货站项目 2025 年底前完成建设及验收。（牵头单位：海南机场集团有限公司，配合单位：民航海南监管局、海口海关、美兰机场，完成时限：2025 年底前）,normal,NA,否
DF2583,30,　　8.加快电子商务体系建设。,heading,H3,是
DF2583,31,"加快跨境电子商务综合试验区建设。支持跨境电商监管场所建设，升级优化海南省跨境电子商务公共服务平台，增加“跨境电商 B2B 直接出口""“跨境电商出口海外仓""等功能。（责任单位：海口市人民政府、三亚市人民政府、省商务厅、海口海关、省大数据发展中心按职责分工负责，完成时限：持续推进。其中，升级优化海南省跨境电子商务公共服务平台 2025 年底前完成）
",normal,NA,否
DF2583,32,"　　（三）加强市场推介和招商，大力拓展货源
",heading,H2,是
DF2583,33,　　9.加强国内外航空货运市场推介和招商工作。,heading,H3,是
DF2583,34,"积极对接机场、航空货运企业等主体，开展市场推介工作。鼓励资源整合能力强的大型物流企业在海口、三亚设立区域中心。鼓励综合性航空物流企业发展中转集拼业务，大力发展“国内转国际""“国际转国内""“国际转国际""等空空中转服务产品。（牵头单位：省交通运输厅、省商务厅、海南国际经发局、海口市人民政府、三亚市人民政府、琼海市人民政府、东方市人民政府，配合单位：海南机场集团有限公司、航空货运企业等，完成时限：持续推进）",normal,NA,否
DF2583,35,　　10.提升客机腹舱货邮量。,heading,H3,是
DF2583,36,"积极开发国内增量货源，引导部分陆运货物转为空运增量市场，通过价格调整、开拓货源等措施，稳步提升货邮吞吐量，提高淡季货邮量占比。依托境外客运航线网络和腹舱运力，拓展境外货运市场，构建客货并举、共同发展格局。（牵头单位：海南机场集团有限公司，配合单位：航空货运企业，完成时限：持续推进）
",normal,NA,否
DF2583,37,　　11.推进航空敏感货物运输业务，做大跨境电商和国际航空货运规模。,heading,H3,是
DF2583,38,扩大日用化妆品运输业务规模，推进海口美兰机场含电池类消费产品、含磁性产品等跨境电商敏感货物运输业务，进一步丰富跨境电商空运品类。（牵头单位：海南机场集团有限公司、海口市人民政府，配合单位：省交通运输厅、省商务厅、民航海南监管局，完成时限：2025 年 6 月）,normal,NA,否
DF2583,39,　　12.构建多式联运的物流网络，拓展园区货源。,heading,H3,是
DF2583,40,积极开展卡车航班空陆联运，支持空铁、空水联运发展，实现航空物流与其他运输方式的无缝衔接、协同发展。支持企业以机场为核心，在省内重点工业园、物流园、农产品生产区设立航空集货点，拓展园区货源。（牵头单位：海口市人民政府、三亚市人民政府、琼海市人民政府、东方市人民政府、海南省物流集团，配合单位：省交通运输厅、海南机场集团有限公司等，完成时限：2025 年底前）,normal,NA,否
DF2583,41,"　　（四）提升航空口岸便利化水平
",heading,H2,是
DF2583,42,"　　13.建立“三关合一""创新监管模式。",heading,H3,是
DF2583,43,"建立国际邮件、跨境电商、国际快件监管中心，实施进出口货物一地查验、集中监管，实现“三关合一""监管模式，提升货物通关便利性，降低物流成本。（牵头单位：海口市人民政府、海口海关，配合单位：省邮政管理局、中国邮政海南省分公司，完成时限：2025 年底前）
",normal,NA,否
DF2583,44,　　14.提升空港口岸通关效率。,heading,H3,是
DF2583,45,"持续推广“提前申报""“两步申报""“直提直装""等通关模式，优化作业流程。设立鲜活产品“绿色通道""，实行 24 小时预约通关，实施“随报随检、即检即放""。进一步加快航空口岸验放速度，提升航空口岸竞争力，达到国内一流水平。深入推进口岸物流数字化转型，加快建设海南国际贸易“单一窗口""（口岸监管服务信息系统）项目（一期），实现与海关智慧监管平台衔接，提高智慧监管水平。（牵头单位：省商务厅（口岸办）、海口海关、省大数据发展中心、海口市人民政府、三亚市人民政府、琼海市人民政府，配合单位：海南机场集团有限公司、航空货运企业等，完成时限：2025 年底前取得明显进展）
",normal,NA,否
DF2583,46,　　15.提升空港口岸通关作业电子化水平。,heading,H3,是
DF2583,47,"持续做好海口、三亚空港口岸托运书、进出口海关放行通知书、进出口查验通知书、进口提货委托书、提货单等空港通关作业单证电子化流转，促进通关物流相关环节单证无纸化和交接便利。（牵头单位：海口海关、省商务厅，配合单位：琼海市人民政府、海南机场集团有限公司、航空货运企业等，完成时限：2025 年底前）
",normal,NA,否
DF2583,48,"　　（五）发展临空经济等业态
",heading,H2,是
DF2583,49,　　16.建立健全中转物流链。,heading,H3,是
DF2583,50,"围绕海南生态农产品、东南亚水果、海鲜等生鲜市场建立中转物流链，逐步拓展欧洲、大洋洲进境冰鲜产品进口海口、三亚、琼海转国内消费地物流链。（牵头单位：海口市人民政府、三亚市人民政府、琼海市人民政府、海南机场集团有限公司，配合单位：省发展改革委、省商务厅、省交通运输厅、海南国际经发局，完成时限：2026 年底前取得明显进展）
",normal,NA,否
DF2583,51,　　17.加快临空产业园和临空仓储物流快递集群建设。,heading,H3,是
DF2583,52,加快海口、琼海临空产业园提质增效，研究建设三亚临空产业园。推动江东新区广药（海南）医药有限公司广药海南空港医药物流中心项目 2025 年开工。加快推动中国邮政二期、广东薛航集团项目、中州航空主基地建设项目。（牵头单位：海口市人民政府、三亚市人民政府、琼海市人民政府，配合单位：省发展改革委、省商务厅、省交通运输厅、中州航空、省邮政管理局、中国邮政海南省分公司等，完成时限：2025 年底前）,normal,NA,否
DF2583,53,　　18.支持飞机维修产业加快发展。,heading,H3,是
DF2583,54,"支持企业用好自贸港试点税收政策，对符合规定条件的企业暂时出境修理复运进入海南自贸港的航空器（含相关零部件）免征关税；对符合规定条件自境外暂时准许进入海南自贸港海关特殊监管区域进行维修的航空器（含相关零部件），复运出境的免征关税、进口环节增值税和消费税，不复运出境转为内销的，按要求办理进口手续。（责任单位：省商务厅、省交通运输厅、海口海关、海口市人民政府、三亚市人民政府、琼海市人民政府、东方市人民政府、海南机场集团有限公司等按职责分工负责，完成时限：持续推进）
",normal,NA,否
DF2583,55,"　　（六）完善配套政策支持
",heading,H2,是
DF2583,56,"　　19.强化促进“两个网络""“两个枢纽""发展政策支持。",heading,H3,是
DF2583,57,持续落实《海南省促进航空货运发展奖励办法》，适时开展优化研究。海口市、三亚市、琼海市、东方市各属地政府发挥谋划招商服务主体责任，结合实际适时研究支持航空货运发展相关办法。设立国际旅游消费中心建设和境外客运发展支持资金，支持完善境外客运航线网络，提升腹舱载运能力。（责任单位：省交通运输厅、省财政厅、海口市人民政府、三亚市人民政府、琼海市人民政府、东方市人民政府、海南机场集团有限公司按职责分工负责，完成时限：2026 年底前）,normal,NA,否
DF2583,58,　　20.强化电子商务发展政策支持。,heading,H3,是
DF2583,59,"实施《关于推进跨境电子商务高质量发展的指导意见》，制定《海南省支持跨境电子商务发展若干措施》，支持跨境电商企业、跨境电商平台企业。鼓励各市县政府等对跨境电商予以资金扶持。（牵头单位：省商务厅、省财政厅、各市县政府，配合单位：省营商环境厅、省交通运输厅、人民银行海南省分行、省金融监管局、省委网信办、省大数据发展中心、海口海关、海南机场集团有限公司，完成时限：2025 年 6 月）
",normal,NA,否
