block_id,doc_id,h_level,block_type,original_text,status,pau_id,O,A,A_type,S_scope,S_focus,S_stage,S_type,pau_final,t_level_base,t_level_adjusted,is_leaf_candidate,validation_issues
DF0009_002,DF0009,NA,body,（一）以深化高质量发展为主线，以全面提升上海航空物流枢纽能级为目标，着力补短板、强优势、转动能、促增长，突出重点产业发展保障，强化经营主体作用，强化转运功能提升，全力推进空港型国家物流枢纽建设，加快打造全方位门户复合型国际航空枢纽。,valid,PAU_001,空港型国家物流枢纽建设,推进,substantive,"[""国家"", ""航空""]",[],[],[],空港型国家物流枢纽建设,T1,T3,False,[]
DF0009_002,DF0009,NA,body,（一）以深化高质量发展为主线，以全面提升上海航空物流枢纽能级为目标，着力补短板、强优势、转动能、促增长，突出重点产业发展保障，强化经营主体作用，强化转运功能提升，全力推进空港型国家物流枢纽建设，加快打造全方位门户复合型国际航空枢纽。,valid,PAU_002,国际航空枢纽,打造,substantive,"[""国际"", ""航空"", ""枢纽""]",[],[],[],全方位门户复合型国际航空枢纽,T1,T4,True,[]
DF0009_001,DF0009,H1,title,一、科学统筹推进枢纽建设,valid,PAU_001,空港型国家物流枢纽建设,推进,substantive,"[""国家"", ""航空""]",[],[],[],空港型国家物流枢纽建设,T1,T3,False,[]
DF0009_001,DF0009,H1,title,一、科学统筹推进枢纽建设,valid,PAU_002,全方位门户复合型国际航空枢纽,打造,substantive,"[""国际"", ""航空"", ""枢纽""]",[],[],[],全方位门户复合型国际航空枢纽,T1,T4,False,[]
DF0009_001,DF0009,H1,title,一、科学统筹推进枢纽建设,valid,PAU_003,转运功能,提升,substantive,"[""航空""]",[],[],[],航空转运功能提升,T3,T4,True,[]
DF0009_001,DF0009,H1,title,一、科学统筹推进枢纽建设,valid,PAU_004,经营主体作用,强化,operational,"[""航空"", ""枢纽""]",[],[],[],航空枢纽经营主体作用强化,T3,T5→上限T4,True,[]
DF0009_004,DF0009,H1,title,二、加快完善枢纽规划布局,valid,PAU_001,枢纽规划布局,完善,substantive,"[""枢纽""]",[],[],[],加快完善枢纽规划布局,T2,T3,False,[]
DF0009_003,DF0009,NA,body,（二）到2025年，上海机场年货邮吞吐量超过410万吨，航空货物中转业务量比2019年翻一番，境内航空公司在上海境外航空货运市场份额不低于40%，基地航空公司在上海机场货运吞吐量年增速不低于20%，航空进口货物整体通关时间力争缩短至32小时以内；到2030年，业务规模持续保持全球领先，航线网络持续拓展、中转功能显著增强、口岸环境持续改善、经营主体作用更加突出、智慧绿色转型进一步加快，全面实现“数智化、全球通、全链畅”综合转型升级。,valid,PAU_001,业务规模,保持,substantive,"[""全球""]",[],[],[],全球业务规模保持领先,T2,T3,False,[]
DF0009_003,DF0009,NA,body,（二）到2025年，上海机场年货邮吞吐量超过410万吨，航空货物中转业务量比2019年翻一番，境内航空公司在上海境外航空货运市场份额不低于40%，基地航空公司在上海机场货运吞吐量年增速不低于20%，航空进口货物整体通关时间力争缩短至32小时以内；到2030年，业务规模持续保持全球领先，航线网络持续拓展、中转功能显著增强、口岸环境持续改善、经营主体作用更加突出、智慧绿色转型进一步加快，全面实现“数智化、全球通、全链畅”综合转型升级。,valid,PAU_002,航线网络,拓展,substantive,[],[],[],[],航线网络持续拓展,T1,T1,False,[]
DF0009_003,DF0009,NA,body,（二）到2025年，上海机场年货邮吞吐量超过410万吨，航空货物中转业务量比2019年翻一番，境内航空公司在上海境外航空货运市场份额不低于40%，基地航空公司在上海机场货运吞吐量年增速不低于20%，航空进口货物整体通关时间力争缩短至32小时以内；到2030年，业务规模持续保持全球领先，航线网络持续拓展、中转功能显著增强、口岸环境持续改善、经营主体作用更加突出、智慧绿色转型进一步加快，全面实现“数智化、全球通、全链畅”综合转型升级。,valid,PAU_003,中转功能,增强,substantive,[],[],[],[],中转功能显著增强,T2,T2,False,[]
DF0009_003,DF0009,NA,body,（二）到2025年，上海机场年货邮吞吐量超过410万吨，航空货物中转业务量比2019年翻一番，境内航空公司在上海境外航空货运市场份额不低于40%，基地航空公司在上海机场货运吞吐量年增速不低于20%，航空进口货物整体通关时间力争缩短至32小时以内；到2030年，业务规模持续保持全球领先，航线网络持续拓展、中转功能显著增强、口岸环境持续改善、经营主体作用更加突出、智慧绿色转型进一步加快，全面实现“数智化、全球通、全链畅”综合转型升级。,valid,PAU_004,口岸环境,改善,substantive,[],[],[],[],口岸环境持续改善,T2,T2,False,[]
DF0009_003,DF0009,NA,body,（二）到2025年，上海机场年货邮吞吐量超过410万吨，航空货物中转业务量比2019年翻一番，境内航空公司在上海境外航空货运市场份额不低于40%，基地航空公司在上海机场货运吞吐量年增速不低于20%，航空进口货物整体通关时间力争缩短至32小时以内；到2030年，业务规模持续保持全球领先，航线网络持续拓展、中转功能显著增强、口岸环境持续改善、经营主体作用更加突出、智慧绿色转型进一步加快，全面实现“数智化、全球通、全链畅”综合转型升级。,valid,PAU_005,经营主体作用,突出,substantive,[],[],[],[],经营主体作用更加突出,T2,T2,False,[]
DF0009_003,DF0009,NA,body,（二）到2025年，上海机场年货邮吞吐量超过410万吨，航空货物中转业务量比2019年翻一番，境内航空公司在上海境外航空货运市场份额不低于40%，基地航空公司在上海机场货运吞吐量年增速不低于20%，航空进口货物整体通关时间力争缩短至32小时以内；到2030年，业务规模持续保持全球领先，航线网络持续拓展、中转功能显著增强、口岸环境持续改善、经营主体作用更加突出、智慧绿色转型进一步加快，全面实现“数智化、全球通、全链畅”综合转型升级。,valid,PAU_006,智慧绿色转型,加快,substantive,[],"[""智慧"", ""绿色""]",[],[],智慧绿色转型进一步加快,T2,T3,False,[]
DF0009_003,DF0009,NA,body,（二）到2025年，上海机场年货邮吞吐量超过410万吨，航空货物中转业务量比2019年翻一番，境内航空公司在上海境外航空货运市场份额不低于40%，基地航空公司在上海机场货运吞吐量年增速不低于20%，航空进口货物整体通关时间力争缩短至32小时以内；到2030年，业务规模持续保持全球领先，航线网络持续拓展、中转功能显著增强、口岸环境持续改善、经营主体作用更加突出、智慧绿色转型进一步加快，全面实现“数智化、全球通、全链畅”综合转型升级。,valid,PAU_007,综合转型升级,实现,substantive,[],"[""数智化"", ""全球通"", ""全链畅""]",[],[],实现数智化、全球通、全链畅综合转型升级,T2,T3,False,[]
DF0009_005,DF0009,NA,body,（三）根据形势任务发展需要，适时启动《上海国际航空枢纽战略规划》修编工作，进一步深化明确上海两场功能定位。（责任单位：民航华东地区管理局、市交通委、机场集团）,valid,PAU_001,功能定位,深化明确,substantive,"[""上海""]",[],[],[],上海功能定位,T2,T3,False,[]
DF0009_005,DF0009,NA,body,（三）根据形势任务发展需要，适时启动《上海国际航空枢纽战略规划》修编工作，进一步深化明确上海两场功能定位。（责任单位：民航华东地区管理局、市交通委、机场集团）,valid,PAU_002,修编工作,启动,operational,"[""上海"", ""国际"", ""航空"", ""枢纽""]",[],[],[],上海国际航空枢纽战略规划修编工作,T1,T3,False,[]
DF0009_007,DF0009,H1,title,三、加快推进基础设施建设,valid,PAU_001,基础设施建设,推进,operational,[],[],[],[],加快推进基础设施建设,T2,T2,False,[]
DF0009_006,DF0009,NA,body,（四）加快推进浦东国际机场、虹桥国际机场总体规划修编，完善机场货站布局规划。整合浦东国际机场现有分散货运设施，加快形成“东西两片区”布局。（责任单位：民航华东地区管理局、市规划资源局、机场集团）,valid,PAU_001,总体规划修编,推进,operational,"[""浦东国际机场""]",[],[],[],加快推进浦东国际机场总体规划修编,T3,T4,True,[]
DF0009_006,DF0009,NA,body,（四）加快推进浦东国际机场、虹桥国际机场总体规划修编，完善机场货站布局规划。整合浦东国际机场现有分散货运设施，加快形成“东西两片区”布局。（责任单位：民航华东地区管理局、市规划资源局、机场集团）,valid,PAU_002,总体规划修编,推进,operational,"[""虹桥国际机场""]",[],[],[],加快推进虹桥国际机场总体规划修编,T3,T4,True,[]
DF0009_006,DF0009,NA,body,（四）加快推进浦东国际机场、虹桥国际机场总体规划修编，完善机场货站布局规划。整合浦东国际机场现有分散货运设施，加快形成“东西两片区”布局。（责任单位：民航华东地区管理局、市规划资源局、机场集团）,valid,PAU_003,机场货站布局规划,完善,substantive,[],[],[],[],完善机场货站布局规划,T2,T2,False,[]
DF0009_006,DF0009,NA,body,（四）加快推进浦东国际机场、虹桥国际机场总体规划修编，完善机场货站布局规划。整合浦东国际机场现有分散货运设施，加快形成“东西两片区”布局。（责任单位：民航华东地区管理局、市规划资源局、机场集团）,valid,PAU_004,货运设施,整合,operational,"[""浦东国际机场""]",[],[],[],整合浦东国际机场现有分散货运设施,T3,T4,True,[]
DF0009_006,DF0009,NA,body,（四）加快推进浦东国际机场、虹桥国际机场总体规划修编，完善机场货站布局规划。整合浦东国际机场现有分散货运设施，加快形成“东西两片区”布局。（责任单位：民航华东地区管理局、市规划资源局、机场集团）,valid,PAU_005,布局,形成,substantive,"[""浦东国际机场""]",[],[],[],加快形成浦东国际机场“东西两片区”布局,T2,T3,False,[]
DF0009_009,DF0009,NA,body,（六）加快推进浦东国际机场第五跑道军地协议签订、飞行程序调整等前期工作，推动第五跑道尽快开放使用。（责任单位：市发展改革委、民航华东地区管理局、机场集团、民航华东空管局）,valid,PAU_001,前期工作,推进,operational,"[""浦东国际机场""]",[],[],[],浦东国际机场前期工作,T3,T4,False,[]
DF0009_009,DF0009,NA,body,（六）加快推进浦东国际机场第五跑道军地协议签订、飞行程序调整等前期工作，推动第五跑道尽快开放使用。（责任单位：市发展改革委、民航华东地区管理局、机场集团、民航华东空管局）,valid,PAU_002,第五跑道开放使用,推动,operational,"[""浦东国际机场""]",[],[],[],浦东国际机场第五跑道开放使用,T3,T4,True,[]
DF0009_008,DF0009,NA,body,（五）推动上海空港型国家物流枢纽建设，加快建成并投运浦东国际机场智能货站、集中查验中心等基础设施，抓紧启动浦东国际机场新东货运区快件和跨境电商货物处理中心、亚太一站式航空物流中心等项目建设。（责任单位：机场集团、东航集团、上海海关、浦东新区政府、市发展改革委、临港新片区管委会）,valid,PAU_001,上海空港型国家物流枢纽建设,推动,substantive,"[""上海"", ""航空"", ""枢纽""]",[],[],[],上海空港型国家物流枢纽建设,T1,T3,False,[]
DF0009_008,DF0009,NA,body,（五）推动上海空港型国家物流枢纽建设，加快建成并投运浦东国际机场智能货站、集中查验中心等基础设施，抓紧启动浦东国际机场新东货运区快件和跨境电商货物处理中心、亚太一站式航空物流中心等项目建设。（责任单位：机场集团、东航集团、上海海关、浦东新区政府、市发展改革委、临港新片区管委会）,valid,PAU_002,浦东国际机场智能货站,建成并投运,operational,"[""浦东国际机场""]","[""智慧""]",[],[],浦东国际机场智能货站,T3,T4,True,[]
DF0009_008,DF0009,NA,body,（五）推动上海空港型国家物流枢纽建设，加快建成并投运浦东国际机场智能货站、集中查验中心等基础设施，抓紧启动浦东国际机场新东货运区快件和跨境电商货物处理中心、亚太一站式航空物流中心等项目建设。（责任单位：机场集团、东航集团、上海海关、浦东新区政府、市发展改革委、临港新片区管委会）,valid,PAU_003,集中查验中心,建成并投运,operational,"[""浦东国际机场""]",[],[],[],浦东国际机场集中查验中心,T3,T4,True,[]
DF0009_008,DF0009,NA,body,（五）推动上海空港型国家物流枢纽建设，加快建成并投运浦东国际机场智能货站、集中查验中心等基础设施，抓紧启动浦东国际机场新东货运区快件和跨境电商货物处理中心、亚太一站式航空物流中心等项目建设。（责任单位：机场集团、东航集团、上海海关、浦东新区政府、市发展改革委、临港新片区管委会）,valid,PAU_004,浦东国际机场新东货运区快件和跨境电商货物处理中心,启动,operational,"[""浦东国际机场""]",[],[],[],浦东国际机场新东货运区快件和跨境电商货物处理中心,T3,T4,True,[]
DF0009_008,DF0009,NA,body,（五）推动上海空港型国家物流枢纽建设，加快建成并投运浦东国际机场智能货站、集中查验中心等基础设施，抓紧启动浦东国际机场新东货运区快件和跨境电商货物处理中心、亚太一站式航空物流中心等项目建设。（责任单位：机场集团、东航集团、上海海关、浦东新区政府、市发展改革委、临港新片区管委会）,valid,PAU_005,亚太一站式航空物流中心,启动,operational,"[""亚太"", ""航空"", ""枢纽""]",[],[],[],亚太一站式航空物流中心,T3,T4,True,[]
DF0009_010,DF0009,NA,body,（七）持续完善上海两场及周边地区综合交通规划方案，加快推进周邓快速路、漕宝快速路、G15等机场地区对外道路通道项目建设。（责任单位：市交通委、浦东新区政府）,valid,PAU_001,综合交通规划方案,完善,substantive,"[""上海两场"", ""周边地区""]",[],[],[],上海两场及周边地区综合交通规划方案,T2,T3,False,[]
DF0009_010,DF0009,NA,body,（七）持续完善上海两场及周边地区综合交通规划方案，加快推进周邓快速路、漕宝快速路、G15等机场地区对外道路通道项目建设。（责任单位：市交通委、浦东新区政府）,valid,PAU_002,项目建设,推进,operational,"[""机场地区"", ""周邓快速路"", ""漕宝快速路"", ""G15""]",[],[],[],机场地区对外道路通道项目（周邓快速路、漕宝快速路、G15）建设,T3,T4,True,[]
DF0009_012,DF0009,H1,title,四、积极培育多元经营主体,valid,PAU_001,多元经营主体,培育,substantive,[],[],[],[],积极培育多元经营主体,T2,T2,False,[]
DF0009_011,DF0009,NA,body,（八）鼓励支持国内航空公司扩大货运机队规模，吸引国外航空公司加大在沪运力投放力度，进一步增强上海两场货运保障能力。（责任单位：市交通委、市发展改革委、市商务委（市口岸办）、民航华东地区管理局、机场集团、基地航空公司）,valid,PAU_001,国内航空公司,鼓励支持,intent,"[""国内"", ""航空""]",[],[],[],鼓励支持国内航空公司扩大货运机队规模,T3,T4,False,[]
DF0009_011,DF0009,NA,body,（八）鼓励支持国内航空公司扩大货运机队规模，吸引国外航空公司加大在沪运力投放力度，进一步增强上海两场货运保障能力。（责任单位：市交通委、市发展改革委、市商务委（市口岸办）、民航华东地区管理局、机场集团、基地航空公司）,valid,PAU_002,货运机队规模,扩大,substantive,"[""国内"", ""航空""]",[],[],[],国内航空货运机队规模,T3,T4,True,[]
DF0009_011,DF0009,NA,body,（八）鼓励支持国内航空公司扩大货运机队规模，吸引国外航空公司加大在沪运力投放力度，进一步增强上海两场货运保障能力。（责任单位：市交通委、市发展改革委、市商务委（市口岸办）、民航华东地区管理局、机场集团、基地航空公司）,valid,PAU_003,国外航空公司,吸引,intent,"[""国际"", ""航空""]",[],[],[],吸引国外航空公司加大在沪运力投放力度,T3,T4,False,[]
DF0009_011,DF0009,NA,body,（八）鼓励支持国内航空公司扩大货运机队规模，吸引国外航空公司加大在沪运力投放力度，进一步增强上海两场货运保障能力。（责任单位：市交通委、市发展改革委、市商务委（市口岸办）、民航华东地区管理局、机场集团、基地航空公司）,valid,PAU_004,运力投放,加大,operational,"[""国际"", ""航空"", ""上海""]",[],[],[],国际航空公司在沪运力投放,T3,T4,True,[]
DF0009_011,DF0009,NA,body,（八）鼓励支持国内航空公司扩大货运机队规模，吸引国外航空公司加大在沪运力投放力度，进一步增强上海两场货运保障能力。（责任单位：市交通委、市发展改革委、市商务委（市口岸办）、民航华东地区管理局、机场集团、基地航空公司）,valid,PAU_005,货运保障能力,增强,direction,"[""上海两场"", ""航空""]",[],[],[],上海两场航空货运保障能力,T2,T3,False,[]
DF0009_015,DF0009,H1,title,五、大力拓展增量市场业务,valid,PAU_001,增量市场业务,拓展,substantive,[],[],[],[],增量市场业务,T2,T2,False,[]
DF0009_013,DF0009,NA,body,（九）支持国内外航空公司、快递物流企业等各类经营主体在上海设立总部或分拨中心，发展航空货运业务，建设货运保障设施。吸引具有国际影响力的货运代理企业落户上海，培育提升本地货运代理企业的服务竞争力。（责任单位：市交通委、市商务委、市发展改革委、民航华东地区管理局、上海海关、机场集团）,valid,PAU_001,经营主体,支持,intent,"[""上海""]",[],[],[],支持经营主体在上海设立总部或分拨中心,T3,T4,False,[]
DF0009_013,DF0009,NA,body,（九）支持国内外航空公司、快递物流企业等各类经营主体在上海设立总部或分拨中心，发展航空货运业务，建设货运保障设施。吸引具有国际影响力的货运代理企业落户上海，培育提升本地货运代理企业的服务竞争力。（责任单位：市交通委、市商务委、市发展改革委、民航华东地区管理局、上海海关、机场集团）,valid,PAU_002,航空货运业务,发展,substantive,"[""上海""]",[],[],[],发展上海航空货运业务,T3,T4,True,[]
DF0009_013,DF0009,NA,body,（九）支持国内外航空公司、快递物流企业等各类经营主体在上海设立总部或分拨中心，发展航空货运业务，建设货运保障设施。吸引具有国际影响力的货运代理企业落户上海，培育提升本地货运代理企业的服务竞争力。（责任单位：市交通委、市商务委、市发展改革委、民航华东地区管理局、上海海关、机场集团）,valid,PAU_003,货运保障设施,建设,substantive,"[""上海""]",[],[],[],建设上海货运保障设施,T3,T4,True,[]
DF0009_013,DF0009,NA,body,（九）支持国内外航空公司、快递物流企业等各类经营主体在上海设立总部或分拨中心，发展航空货运业务，建设货运保障设施。吸引具有国际影响力的货运代理企业落户上海，培育提升本地货运代理企业的服务竞争力。（责任单位：市交通委、市商务委、市发展改革委、民航华东地区管理局、上海海关、机场集团）,valid,PAU_004,货运代理企业,吸引,intent,"[""国际"", ""上海""]",[],[],[],吸引具有国际影响力的货运代理企业落户上海,T3,T4,False,[]
DF0009_013,DF0009,NA,body,（九）支持国内外航空公司、快递物流企业等各类经营主体在上海设立总部或分拨中心，发展航空货运业务，建设货运保障设施。吸引具有国际影响力的货运代理企业落户上海，培育提升本地货运代理企业的服务竞争力。（责任单位：市交通委、市商务委、市发展改革委、民航华东地区管理局、上海海关、机场集团）,valid,PAU_005,本地货运代理企业,培育,substantive,"[""上海""]",[],[],[],培育本地货运代理企业,T3,T4,True,[]
DF0009_013,DF0009,NA,body,（九）支持国内外航空公司、快递物流企业等各类经营主体在上海设立总部或分拨中心，发展航空货运业务，建设货运保障设施。吸引具有国际影响力的货运代理企业落户上海，培育提升本地货运代理企业的服务竞争力。（责任单位：市交通委、市商务委、市发展改革委、民航华东地区管理局、上海海关、机场集团）,valid,PAU_006,服务竞争力,提升,direction,"[""本地"", ""上海""]",[],[],[],提升本地货运代理企业服务竞争力,T2,T3,False,[]
DF0009_014,DF0009,NA,body,（十）根据产业发展需求，布局建设前置仓和集货仓，完善生产、仓储、运输等物流体系，为冷链物流、跨境电商、电子芯片、生物医药等行业提供保障。支持航空物流企业立足上海布局建设海外货站。（责任单位：市发展改革委、市商务委（市口岸办）、市经济信息化委、市规划资源局、市交通委、机场集团、东航集团）,valid,PAU_001,前置仓,布局建设,substantive,[],[],[],[],前置仓,T3,T3,True,[]
DF0009_014,DF0009,NA,body,（十）根据产业发展需求，布局建设前置仓和集货仓，完善生产、仓储、运输等物流体系，为冷链物流、跨境电商、电子芯片、生物医药等行业提供保障。支持航空物流企业立足上海布局建设海外货站。（责任单位：市发展改革委、市商务委（市口岸办）、市经济信息化委、市规划资源局、市交通委、机场集团、东航集团）,valid,PAU_002,集货仓,布局建设,substantive,[],[],[],[],集货仓,T3,T3,True,[]
DF0009_014,DF0009,NA,body,（十）根据产业发展需求，布局建设前置仓和集货仓，完善生产、仓储、运输等物流体系，为冷链物流、跨境电商、电子芯片、生物医药等行业提供保障。支持航空物流企业立足上海布局建设海外货站。（责任单位：市发展改革委、市商务委（市口岸办）、市经济信息化委、市规划资源局、市交通委、机场集团、东航集团）,valid,PAU_003,物流体系,完善,substantive,[],[],[],[],物流体系,T1,T1,False,[]
DF0009_014,DF0009,NA,body,（十）根据产业发展需求，布局建设前置仓和集货仓，完善生产、仓储、运输等物流体系，为冷链物流、跨境电商、电子芯片、生物医药等行业提供保障。支持航空物流企业立足上海布局建设海外货站。（责任单位：市发展改革委、市商务委（市口岸办）、市经济信息化委、市规划资源局、市交通委、机场集团、东航集团）,valid,PAU_004,冷链物流,提供保障,operational,[],[],[],"[""冷链""]",冷链物流保障,T3,T3.5,True,[]
DF0009_014,DF0009,NA,body,（十）根据产业发展需求，布局建设前置仓和集货仓，完善生产、仓储、运输等物流体系，为冷链物流、跨境电商、电子芯片、生物医药等行业提供保障。支持航空物流企业立足上海布局建设海外货站。（责任单位：市发展改革委、市商务委（市口岸办）、市经济信息化委、市规划资源局、市交通委、机场集团、东航集团）,valid,PAU_005,跨境电商,提供保障,operational,[],[],[],[],跨境电商保障,T3,T3,True,[]
DF0009_014,DF0009,NA,body,（十）根据产业发展需求，布局建设前置仓和集货仓，完善生产、仓储、运输等物流体系，为冷链物流、跨境电商、电子芯片、生物医药等行业提供保障。支持航空物流企业立足上海布局建设海外货站。（责任单位：市发展改革委、市商务委（市口岸办）、市经济信息化委、市规划资源局、市交通委、机场集团、东航集团）,valid,PAU_006,电子芯片,提供保障,operational,[],[],[],[],电子芯片保障,T3,T3,True,[]
DF0009_014,DF0009,NA,body,（十）根据产业发展需求，布局建设前置仓和集货仓，完善生产、仓储、运输等物流体系，为冷链物流、跨境电商、电子芯片、生物医药等行业提供保障。支持航空物流企业立足上海布局建设海外货站。（责任单位：市发展改革委、市商务委（市口岸办）、市经济信息化委、市规划资源局、市交通委、机场集团、东航集团）,valid,PAU_007,生物医药,提供保障,operational,[],[],[],[],生物医药保障,T3,T3,True,[]
DF0009_014,DF0009,NA,body,（十）根据产业发展需求，布局建设前置仓和集货仓，完善生产、仓储、运输等物流体系，为冷链物流、跨境电商、电子芯片、生物医药等行业提供保障。支持航空物流企业立足上海布局建设海外货站。（责任单位：市发展改革委、市商务委（市口岸办）、市经济信息化委、市规划资源局、市交通委、机场集团、东航集团）,valid,PAU_008,航空物流企业,支持,intent,"[""航空""]",[],[],[],支持航空物流企业,T2,T3,False,[]
DF0009_014,DF0009,NA,body,（十）根据产业发展需求，布局建设前置仓和集货仓，完善生产、仓储、运输等物流体系，为冷链物流、跨境电商、电子芯片、生物医药等行业提供保障。支持航空物流企业立足上海布局建设海外货站。（责任单位：市发展改革委、市商务委（市口岸办）、市经济信息化委、市规划资源局、市交通委、机场集团、东航集团）,valid,PAU_009,海外货站,布局建设,substantive,"[""国际""]",[],[],[],海外货站,T3,T4,True,[]
DF0009_017,DF0009,NA,body,（十二）大力发展多式联运业务，加快推进东方枢纽空铁一体化规划建设，持续推动空铁联运业务拓展。（责任单位：市交通委、民航华东地区管理局、中国铁路上海局集团、东方枢纽集团、机场集团、东航集团、上港集团）,valid,PAU_001,多式联运业务,发展,substantive,[],[],[],[],多式联运业务,T3,T3,True,[]
DF0009_017,DF0009,NA,body,（十二）大力发展多式联运业务，加快推进东方枢纽空铁一体化规划建设，持续推动空铁联运业务拓展。（责任单位：市交通委、民航华东地区管理局、中国铁路上海局集团、东方枢纽集团、机场集团、东航集团、上港集团）,valid,PAU_002,东方枢纽空铁一体化规划建设,推进,operational,"[""东方枢纽""]",[],[],[],东方枢纽空铁一体化规划建设,T2,T3,False,[]
DF0009_017,DF0009,NA,body,（十二）大力发展多式联运业务，加快推进东方枢纽空铁一体化规划建设，持续推动空铁联运业务拓展。（责任单位：市交通委、民航华东地区管理局、中国铁路上海局集团、东方枢纽集团、机场集团、东航集团、上港集团）,valid,PAU_003,空铁联运业务拓展,推动,operational,[],[],[],[],空铁联运业务拓展,T3,T3,False,[]
DF0009_018,DF0009,H1,title,六、扎实做好货物运输保障,valid,PAU_001,货物运输保障,做好,operational,[],[],[],[],货物运输保障,T3,T3,True,[]
DF0009_016,DF0009,NA,body,（十一）加快打造通关便捷、资源配套、快速高效的空空中转模式，不断优化中转作业流程，提升机场地面保障能力。推动中外航空公司强化货运中转功能，积极对接需求、集聚资源，持续开发货运中转产品，提升航空货物中转量。（责任单位：市交通委、市商务委（市口岸办）、上海海关、民航华东地区管理局、机场集团、东航集团）,valid,PAU_001,空空中转模式,打造,substantive,[],"[""便捷""]",[],[],通关便捷空空中转模式,T2,T2,False,[]
DF0009_016,DF0009,NA,body,（十一）加快打造通关便捷、资源配套、快速高效的空空中转模式，不断优化中转作业流程，提升机场地面保障能力。推动中外航空公司强化货运中转功能，积极对接需求、集聚资源，持续开发货运中转产品，提升航空货物中转量。（责任单位：市交通委、市商务委（市口岸办）、上海海关、民航华东地区管理局、机场集团、东航集团）,valid,PAU_002,中转作业流程,优化,operational,[],[],[],[],中转作业流程,T3,T3,True,[]
DF0009_016,DF0009,NA,body,（十一）加快打造通关便捷、资源配套、快速高效的空空中转模式，不断优化中转作业流程，提升机场地面保障能力。推动中外航空公司强化货运中转功能，积极对接需求、集聚资源，持续开发货运中转产品，提升航空货物中转量。（责任单位：市交通委、市商务委（市口岸办）、上海海关、民航华东地区管理局、机场集团、东航集团）,valid,PAU_003,机场地面保障能力,提升,direction,"[""机场""]",[],[],[],机场地面保障能力,T2,T3,False,[]
DF0009_016,DF0009,NA,body,（十一）加快打造通关便捷、资源配套、快速高效的空空中转模式，不断优化中转作业流程，提升机场地面保障能力。推动中外航空公司强化货运中转功能，积极对接需求、集聚资源，持续开发货运中转产品，提升航空货物中转量。（责任单位：市交通委、市商务委（市口岸办）、上海海关、民航华东地区管理局、机场集团、东航集团）,valid,PAU_004,中外航空公司强化货运中转功能,推动,intent,"[""航空""]",[],[],[],中外航空公司货运中转功能,T2,T3,False,[]
DF0009_016,DF0009,NA,body,（十一）加快打造通关便捷、资源配套、快速高效的空空中转模式，不断优化中转作业流程，提升机场地面保障能力。推动中外航空公司强化货运中转功能，积极对接需求、集聚资源，持续开发货运中转产品，提升航空货物中转量。（责任单位：市交通委、市商务委（市口岸办）、上海海关、民航华东地区管理局、机场集团、东航集团）,valid,PAU_005,需求,对接,operational,[],[],[],[],对接需求,T4,T4,True,[]
DF0009_016,DF0009,NA,body,（十一）加快打造通关便捷、资源配套、快速高效的空空中转模式，不断优化中转作业流程，提升机场地面保障能力。推动中外航空公司强化货运中转功能，积极对接需求、集聚资源，持续开发货运中转产品，提升航空货物中转量。（责任单位：市交通委、市商务委（市口岸办）、上海海关、民航华东地区管理局、机场集团、东航集团）,valid,PAU_006,资源,集聚,operational,[],[],[],[],集聚资源,T4,T4,True,[]
DF0009_016,DF0009,NA,body,（十一）加快打造通关便捷、资源配套、快速高效的空空中转模式，不断优化中转作业流程，提升机场地面保障能力。推动中外航空公司强化货运中转功能，积极对接需求、集聚资源，持续开发货运中转产品，提升航空货物中转量。（责任单位：市交通委、市商务委（市口岸办）、上海海关、民航华东地区管理局、机场集团、东航集团）,valid,PAU_007,货运中转产品,开发,substantive,"[""航空""]",[],[],[],航空货运中转产品,T3,T4,True,[]
DF0009_016,DF0009,NA,body,（十一）加快打造通关便捷、资源配套、快速高效的空空中转模式，不断优化中转作业流程，提升机场地面保障能力。推动中外航空公司强化货运中转功能，积极对接需求、集聚资源，持续开发货运中转产品，提升航空货物中转量。（责任单位：市交通委、市商务委（市口岸办）、上海海关、民航华东地区管理局、机场集团、东航集团）,valid,PAU_008,航空货物中转量,提升,direction,"[""航空""]",[],[],[],航空货物中转量,T3,T4,False,[]
DF0009_020,DF0009,NA,body,（十四）推动航空物流、跨境电商等企业深化合作，建立服务跨境电商专属平台，组建跨境电商专属运输机队（自购、租赁货机），开设跨境电商专属航线航班，服务上海口岸跨境电商货物空运需求。（责任单位：市交通委、市商务委（市口岸办）、市国资委、民航华东地区管理局、东航集团）,valid,PAU_001,合作,推动,intent,"[""航空物流"", ""跨境电商""]",[],[],[],推动航空物流、跨境电商企业深化合作,T2,T3,False,[]
DF0009_020,DF0009,NA,body,（十四）推动航空物流、跨境电商等企业深化合作，建立服务跨境电商专属平台，组建跨境电商专属运输机队（自购、租赁货机），开设跨境电商专属航线航班，服务上海口岸跨境电商货物空运需求。（责任单位：市交通委、市商务委（市口岸办）、市国资委、民航华东地区管理局、东航集团）,valid,PAU_002,平台,建立,substantive,"[""跨境电商""]",[],[],[],跨境电商专属服务平台,T3,T4,True,[]
DF0009_020,DF0009,NA,body,（十四）推动航空物流、跨境电商等企业深化合作，建立服务跨境电商专属平台，组建跨境电商专属运输机队（自购、租赁货机），开设跨境电商专属航线航班，服务上海口岸跨境电商货物空运需求。（责任单位：市交通委、市商务委（市口岸办）、市国资委、民航华东地区管理局、东航集团）,valid,PAU_003,运输机队,组建,substantive,"[""跨境电商""]",[],[],[],跨境电商专属运输机队,T3,T4,True,[]
DF0009_020,DF0009,NA,body,（十四）推动航空物流、跨境电商等企业深化合作，建立服务跨境电商专属平台，组建跨境电商专属运输机队（自购、租赁货机），开设跨境电商专属航线航班，服务上海口岸跨境电商货物空运需求。（责任单位：市交通委、市商务委（市口岸办）、市国资委、民航华东地区管理局、东航集团）,valid,PAU_004,航线航班,开设,substantive,"[""跨境电商""]",[],[],[],跨境电商专属航线航班,T3,T4,True,[]
DF0009_019,DF0009,NA,body,（十三）推动航空物流、生产制造、跨境电商等企业合作，持续加大电子芯片、生物医药等高附加值产品运输保障，加强对生活类跨境电商货物的运输保障，关注工业品电商跨境发展新趋势，不断优化上海航空口岸货物运输结构。（责任单位：市交通委、市商务委（市口岸办）、市经济信息化委、基地航空公司）,valid,PAU_001,企业合作,推动,intent,"[""航空物流"", ""生产制造"", ""跨境电商""]",[],[],[],推动航空物流、生产制造、跨境电商企业合作,T2,T3,False,[]
DF0009_019,DF0009,NA,body,（十三）推动航空物流、生产制造、跨境电商等企业合作，持续加大电子芯片、生物医药等高附加值产品运输保障，加强对生活类跨境电商货物的运输保障，关注工业品电商跨境发展新趋势，不断优化上海航空口岸货物运输结构。（责任单位：市交通委、市商务委（市口岸办）、市经济信息化委、基地航空公司）,valid,PAU_002,运输保障,加大,operational,"[""电子芯片"", ""生物医药""]",[],[],[],持续加大电子芯片、生物医药高附加值产品运输保障,T3,T4,True,[]
DF0009_019,DF0009,NA,body,（十三）推动航空物流、生产制造、跨境电商等企业合作，持续加大电子芯片、生物医药等高附加值产品运输保障，加强对生活类跨境电商货物的运输保障，关注工业品电商跨境发展新趋势，不断优化上海航空口岸货物运输结构。（责任单位：市交通委、市商务委（市口岸办）、市经济信息化委、基地航空公司）,valid,PAU_003,运输保障,加强,operational,"[""生活类跨境电商货物""]",[],[],[],加强对生活类跨境电商货物的运输保障,T3,T4,True,[]
DF0009_019,DF0009,NA,body,（十三）推动航空物流、生产制造、跨境电商等企业合作，持续加大电子芯片、生物医药等高附加值产品运输保障，加强对生活类跨境电商货物的运输保障，关注工业品电商跨境发展新趋势，不断优化上海航空口岸货物运输结构。（责任单位：市交通委、市商务委（市口岸办）、市经济信息化委、基地航空公司）,valid,PAU_004,发展新趋势,关注,intent,"[""工业品电商跨境""]",[],[],[],关注工业品电商跨境发展新趋势,T2,T3,False,[]
DF0009_019,DF0009,NA,body,（十三）推动航空物流、生产制造、跨境电商等企业合作，持续加大电子芯片、生物医药等高附加值产品运输保障，加强对生活类跨境电商货物的运输保障，关注工业品电商跨境发展新趋势，不断优化上海航空口岸货物运输结构。（责任单位：市交通委、市商务委（市口岸办）、市经济信息化委、基地航空公司）,valid,PAU_005,货物运输结构,优化,substantive,"[""上海航空口岸""]",[],[],[],不断优化上海航空口岸货物运输结构,T2,T3,False,[]
DF0009_023,DF0009,NA,body,（十六）加快建设中国（上海）国际贸易“单一窗口”航空物流公共信息平台，不断完善增强“空运通”平台功能。（责任单位：市商务委（市口岸办）、机场集团、东航集团）,valid,PAU_001,中国（上海）国际贸易“单一窗口”航空物流公共信息平台,建设,substantive,"[""国际"", ""航空""]","[""数字化""]",[],[],中国（上海）国际贸易“单一窗口”航空物流公共信息平台,T3,T4,True,[]
DF0009_023,DF0009,NA,body,（十六）加快建设中国（上海）国际贸易“单一窗口”航空物流公共信息平台，不断完善增强“空运通”平台功能。（责任单位：市商务委（市口岸办）、机场集团、东航集团）,valid,PAU_002,“空运通”平台功能,完善增强,operational,"[""航空""]","[""数字化""]",[],[],“空运通”平台功能,T3,T4,True,[]
DF0009_022,DF0009,H1,title,七、提升枢纽智慧绿色水平,valid,PAU_001,水平,提升,direction,"[""枢纽""]","[""智慧""]",[],[],枢纽智慧水平,T2,T3,False,[]
DF0009_022,DF0009,H1,title,七、提升枢纽智慧绿色水平,valid,PAU_002,水平,提升,direction,"[""枢纽""]","[""绿色""]",[],[],枢纽绿色水平,T2,T3,False,[]
DF0009_025,DF0009,NA,body,（十八）加强航空货物安检、全景感知、无人化等领域的新技术研发与应用，推动完成一批上海两场场内特种车辆新能源替代。（责任单位：民航华东地区管理局、市交通委、机场集团、东航集团）,valid,PAU_001,新技术研发与应用,加强,substantive,"[""航空""]",[],[],"[""安检"", ""全景感知"", ""无人化""]",航空货物安检、全景感知、无人化等领域的新技术研发与应用,T2,T3,False,[]
DF0009_025,DF0009,NA,body,（十八）加强航空货物安检、全景感知、无人化等领域的新技术研发与应用，推动完成一批上海两场场内特种车辆新能源替代。（责任单位：民航华东地区管理局、市交通委、机场集团、东航集团）,valid,PAU_002,特种车辆新能源替代,推动完成,operational,"[""上海两场""]","[""绿色""]","[""一批""]",[],上海两场场内特种车辆新能源替代,T3,T4,True,[]
DF0009_021,DF0009,NA,body,（十五）深入推进跨境电商货物便利化运输试点，建设跨境电商货物便利化收运数字管理平台。打响“出海优品”活动，举办“跨境电商＋产业带”系列活动。（责任单位：市商务委（市口岸办）、机场集团、东航集团）,valid,PAU_001,跨境电商货物便利化运输,推进,operational,[],[],"[""试点""]",[],跨境电商货物便利化运输试点,T3,T4,True,[]
DF0009_021,DF0009,NA,body,（十五）深入推进跨境电商货物便利化运输试点，建设跨境电商货物便利化收运数字管理平台。打响“出海优品”活动，举办“跨境电商＋产业带”系列活动。（责任单位：市商务委（市口岸办）、机场集团、东航集团）,valid,PAU_002,跨境电商货物便利化收运数字管理平台,建设,substantive,[],"[""数字化""]",[],[],跨境电商货物便利化收运数字管理平台,T3,T3.5,True,[]
DF0009_021,DF0009,NA,body,（十五）深入推进跨境电商货物便利化运输试点，建设跨境电商货物便利化收运数字管理平台。打响“出海优品”活动，举办“跨境电商＋产业带”系列活动。（责任单位：市商务委（市口岸办）、机场集团、东航集团）,valid,PAU_003,“出海优品”活动,打响,substantive,[],[],[],[],“出海优品”活动,T3,T3,True,[]
DF0009_021,DF0009,NA,body,（十五）深入推进跨境电商货物便利化运输试点，建设跨境电商货物便利化收运数字管理平台。打响“出海优品”活动，举办“跨境电商＋产业带”系列活动。（责任单位：市商务委（市口岸办）、机场集团、东航集团）,valid,PAU_004,“跨境电商＋产业带”系列活动,举办,substantive,[],[],[],[],“跨境电商＋产业带”系列活动,T3,T3,True,[]
DF0009_026,DF0009,H1,title,八、继续做好航空资源保障,valid,PAU_001,航空资源保障,做好,intent,"[""航空""]",[],[],[],航空资源保障,T2,T3,False,[]
DF0009_024,DF0009,NA,body,（十七）加快推进货站设施智慧化改造，不断提升航空货物单证电子化率。支持机场、航空公司等经营主体建设面向国际运输及跨境电商、生鲜冷链、锂电池、生物医药等专业保障基础设施。推广使用自动引导搬运车（AGV）、自动分拣系统等设施设备。（责任单位：民航华东地区管理局、机场集团、东航集团）,valid,PAU_001,货站设施智慧化改造,推进,operational,[],"[""智慧""]",[],[],货站设施智慧化改造,T3,T3,True,[]
DF0009_024,DF0009,NA,body,（十七）加快推进货站设施智慧化改造，不断提升航空货物单证电子化率。支持机场、航空公司等经营主体建设面向国际运输及跨境电商、生鲜冷链、锂电池、生物医药等专业保障基础设施。推广使用自动引导搬运车（AGV）、自动分拣系统等设施设备。（责任单位：民航华东地区管理局、机场集团、东航集团）,valid,PAU_002,航空货物单证电子化率,提升,direction,"[""航空""]","[""数字化""]",[],[],航空货物单证电子化率,T2,T3,False,[]
DF0009_024,DF0009,NA,body,（十七）加快推进货站设施智慧化改造，不断提升航空货物单证电子化率。支持机场、航空公司等经营主体建设面向国际运输及跨境电商、生鲜冷链、锂电池、生物医药等专业保障基础设施。推广使用自动引导搬运车（AGV）、自动分拣系统等设施设备。（责任单位：民航华东地区管理局、机场集团、东航集团）,valid,PAU_003,建设面向国际运输及跨境电商、生鲜冷链、锂电池、生物医药等专业保障基础设施,支持,intent,"[""国际"", ""航空""]",[],[],"[""冷链"", ""锂电池"", ""生物医药""]",国际运输及跨境电商、生鲜冷链、锂电池、生物医药等专业保障基础设施,T3,T4,False,[]
DF0009_024,DF0009,NA,body,（十七）加快推进货站设施智慧化改造，不断提升航空货物单证电子化率。支持机场、航空公司等经营主体建设面向国际运输及跨境电商、生鲜冷链、锂电池、生物医药等专业保障基础设施。推广使用自动引导搬运车（AGV）、自动分拣系统等设施设备。（责任单位：民航华东地区管理局、机场集团、东航集团）,valid,PAU_004,自动引导搬运车（AGV）,推广使用,operational,[],[],[],[],自动引导搬运车（AGV）,T4,T4,True,[]
DF0009_024,DF0009,NA,body,（十七）加快推进货站设施智慧化改造，不断提升航空货物单证电子化率。支持机场、航空公司等经营主体建设面向国际运输及跨境电商、生鲜冷链、锂电池、生物医药等专业保障基础设施。推广使用自动引导搬运车（AGV）、自动分拣系统等设施设备。（责任单位：民航华东地区管理局、机场集团、东航集团）,valid,PAU_005,自动分拣系统,推广使用,operational,[],[],[],[],自动分拣系统,T4,T4,True,[]
DF0009_029,DF0009,H1,title,九、全面改善枢纽运营环境,valid,PAU_001,运营环境,改善,direction,"[""枢纽""]",[],[],[],枢纽运营环境,T2,T3,False,[]
DF0009_028,DF0009,NA,body,（二十）推动基地航空公司继续做深做远欧美地区航线、做优做强亚洲地区航线，并积极拓展“一带一路”国家和地区的航线，进一步增强全球供应链重点城市连接密度。（责任单位：民航华东地区管理局、市交通委、基地航空公司、机场集团）,valid,PAU_001,航线,做深做远,substantive,"[""欧美""]",[],[],[],欧美地区航线,T3,T4,True,[]
DF0009_028,DF0009,NA,body,（二十）推动基地航空公司继续做深做远欧美地区航线、做优做强亚洲地区航线，并积极拓展“一带一路”国家和地区的航线，进一步增强全球供应链重点城市连接密度。（责任单位：民航华东地区管理局、市交通委、基地航空公司、机场集团）,valid,PAU_002,航线,做优做强,substantive,"[""亚洲""]",[],[],[],亚洲地区航线,T3,T4,True,[]
DF0009_028,DF0009,NA,body,（二十）推动基地航空公司继续做深做远欧美地区航线、做优做强亚洲地区航线，并积极拓展“一带一路”国家和地区的航线，进一步增强全球供应链重点城市连接密度。（责任单位：民航华东地区管理局、市交通委、基地航空公司、机场集团）,valid,PAU_003,航线,拓展,substantive,"[""一带一路""]",[],[],[],一带一路国家和地区航线,T3,T4,True,[]
DF0009_028,DF0009,NA,body,（二十）推动基地航空公司继续做深做远欧美地区航线、做优做强亚洲地区航线，并积极拓展“一带一路”国家和地区的航线，进一步增强全球供应链重点城市连接密度。（责任单位：民航华东地区管理局、市交通委、基地航空公司、机场集团）,valid,PAU_004,连接密度,增强,direction,"[""全球""]",[],[],[],全球供应链重点城市连接密度,T2,T3,False,[]
DF0009_027,DF0009,NA,body,（十九）结合航空货运市场发展需求，争取民航局在远程航线航权、二类稀缺航线航权等资源配置上给予倾斜，提升主基地航空公司在航线准入和航权配置的优先级，支持各航空公司聚焦主基地建设；增加一定日间货邮航班时刻供给，增强货运航线航班和跨境电商货物出口运输需求的匹配度；优化航班审批流程，为航空公司开展货运加班和包机业务提供便利。（责任单位：民航华东地区管理局、市交通委、基地航空公司、机场集团）,valid,PAU_001,资源配置,争取,intent,"[""远程航线"", ""二类稀缺航线""]",[],[],[],远程航线航权资源配置,T3,T4,False,[]
DF0009_027,DF0009,NA,body,（十九）结合航空货运市场发展需求，争取民航局在远程航线航权、二类稀缺航线航权等资源配置上给予倾斜，提升主基地航空公司在航线准入和航权配置的优先级，支持各航空公司聚焦主基地建设；增加一定日间货邮航班时刻供给，增强货运航线航班和跨境电商货物出口运输需求的匹配度；优化航班审批流程，为航空公司开展货运加班和包机业务提供便利。（责任单位：民航华东地区管理局、市交通委、基地航空公司、机场集团）,valid,PAU_002,优先级,提升,direction,"[""主基地航空公司"", ""航线准入"", ""航委配置""]",[],[],[],主基地航空公司航线准入优先级,T3,T4,False,[]
DF0009_027,DF0009,NA,body,（十九）结合航空货运市场发展需求，争取民航局在远程航线航权、二类稀缺航线航权等资源配置上给予倾斜，提升主基地航空公司在航线准入和航权配置的优先级，支持各航空公司聚焦主基地建设；增加一定日间货邮航班时刻供给，增强货运航线航班和跨境电商货物出口运输需求的匹配度；优化航班审批流程，为航空公司开展货运加班和包机业务提供便利。（责任单位：民航华东地区管理局、市交通委、基地航空公司、机场集团）,valid,PAU_003,主基地建设,支持,intent,"[""各航空公司""]",[],[],[],各航空公司主基地建设,T3,T4,False,[]
DF0009_027,DF0009,NA,body,（十九）结合航空货运市场发展需求，争取民航局在远程航线航权、二类稀缺航线航权等资源配置上给予倾斜，提升主基地航空公司在航线准入和航权配置的优先级，支持各航空公司聚焦主基地建设；增加一定日间货邮航班时刻供给，增强货运航线航班和跨境电商货物出口运输需求的匹配度；优化航班审批流程，为航空公司开展货运加班和包机业务提供便利。（责任单位：民航华东地区管理局、市交通委、基地航空公司、机场集团）,valid,PAU_004,日间货邮航班时刻供给,增加,substantive,[],[],[],[],日间货邮航班时刻供给,T3,T3,True,[]
DF0009_027,DF0009,NA,body,（十九）结合航空货运市场发展需求，争取民航局在远程航线航权、二类稀缺航线航权等资源配置上给予倾斜，提升主基地航空公司在航线准入和航权配置的优先级，支持各航空公司聚焦主基地建设；增加一定日间货邮航班时刻供给，增强货运航线航班和跨境电商货物出口运输需求的匹配度；优化航班审批流程，为航空公司开展货运加班和包机业务提供便利。（责任单位：民航华东地区管理局、市交通委、基地航空公司、机场集团）,valid,PAU_005,匹配度,增强,direction,"[""货运航线航班"", ""跨境电商""]",[],[],[],货运航线航班与跨境电商货物出口运输需求匹配度,T2,T3,False,[]
DF0009_027,DF0009,NA,body,（十九）结合航空货运市场发展需求，争取民航局在远程航线航权、二类稀缺航线航权等资源配置上给予倾斜，提升主基地航空公司在航线准入和航权配置的优先级，支持各航空公司聚焦主基地建设；增加一定日间货邮航班时刻供给，增强货运航线航班和跨境电商货物出口运输需求的匹配度；优化航班审批流程，为航空公司开展货运加班和包机业务提供便利。（责任单位：民航华东地区管理局、市交通委、基地航空公司、机场集团）,valid,PAU_006,航班审批流程,优化,operational,[],[],[],[],航班审批流程,T3,T3,True,[]
DF0009_027,DF0009,NA,body,（十九）结合航空货运市场发展需求，争取民航局在远程航线航权、二类稀缺航线航权等资源配置上给予倾斜，提升主基地航空公司在航线准入和航权配置的优先级，支持各航空公司聚焦主基地建设；增加一定日间货邮航班时刻供给，增强货运航线航班和跨境电商货物出口运输需求的匹配度；优化航班审批流程，为航空公司开展货运加班和包机业务提供便利。（责任单位：民航华东地区管理局、市交通委、基地航空公司、机场集团）,valid,PAU_007,便利,提供,operational,"[""货运加班"", ""包机业务""]",[],[],[],货运加班和包机业务便利,T3,T4,False,[]
DF0009_030,DF0009,NA,body,（二十一）加强“智慧海关”建设，打造智享联通的大数据平台，探索形成符合新业态发展趋势需要的数字化监管体系。推动跨境电商进口税款电子支付和创新优化退货流程等业务改革。研究上海两场之间国际转运货物海关监管模式创新，提高航空货物的通关和中转效率，进一步压缩航空口岸进出口货物整体通关时间。（责任单位：上海海关、市商务委（市口岸办）、机场集团）,valid,PAU_001,智慧海关,加强,substantive,[],"[""智慧""]",[],[],智慧海关,T3,T3,True,[]
DF0009_030,DF0009,NA,body,（二十一）加强“智慧海关”建设，打造智享联通的大数据平台，探索形成符合新业态发展趋势需要的数字化监管体系。推动跨境电商进口税款电子支付和创新优化退货流程等业务改革。研究上海两场之间国际转运货物海关监管模式创新，提高航空货物的通关和中转效率，进一步压缩航空口岸进出口货物整体通关时间。（责任单位：上海海关、市商务委（市口岸办）、机场集团）,valid,PAU_002,大数据平台,打造,substantive,[],"[""数字化""]",[],[],智享联通的大数据平台,T3,T3,True,[]
DF0009_030,DF0009,NA,body,（二十一）加强“智慧海关”建设，打造智享联通的大数据平台，探索形成符合新业态发展趋势需要的数字化监管体系。推动跨境电商进口税款电子支付和创新优化退货流程等业务改革。研究上海两场之间国际转运货物海关监管模式创新，提高航空货物的通关和中转效率，进一步压缩航空口岸进出口货物整体通关时间。（责任单位：上海海关、市商务委（市口岸办）、机场集团）,valid,PAU_003,数字化监管体系,探索形成,intent,[],"[""数字化""]",[],[],符合新业态发展趋势需要的数字化监管体系,T2,T2,False,[]
DF0009_030,DF0009,NA,body,（二十一）加强“智慧海关”建设，打造智享联通的大数据平台，探索形成符合新业态发展趋势需要的数字化监管体系。推动跨境电商进口税款电子支付和创新优化退货流程等业务改革。研究上海两场之间国际转运货物海关监管模式创新，提高航空货物的通关和中转效率，进一步压缩航空口岸进出口货物整体通关时间。（责任单位：上海海关、市商务委（市口岸办）、机场集团）,valid,PAU_004,跨境电商进口税款电子支付,推动,operational,"[""跨境电商""]",[],[],[],跨境电商进口税款电子支付,T3,T4,True,[]
DF0009_030,DF0009,NA,body,（二十一）加强“智慧海关”建设，打造智享联通的大数据平台，探索形成符合新业态发展趋势需要的数字化监管体系。推动跨境电商进口税款电子支付和创新优化退货流程等业务改革。研究上海两场之间国际转运货物海关监管模式创新，提高航空货物的通关和中转效率，进一步压缩航空口岸进出口货物整体通关时间。（责任单位：上海海关、市商务委（市口岸办）、机场集团）,valid,PAU_005,退货流程,推动,operational,"[""跨境电商""]",[],[],[],创新优化退货流程,T3,T4,True,[]
DF0009_030,DF0009,NA,body,（二十一）加强“智慧海关”建设，打造智享联通的大数据平台，探索形成符合新业态发展趋势需要的数字化监管体系。推动跨境电商进口税款电子支付和创新优化退货流程等业务改革。研究上海两场之间国际转运货物海关监管模式创新，提高航空货物的通关和中转效率，进一步压缩航空口岸进出口货物整体通关时间。（责任单位：上海海关、市商务委（市口岸办）、机场集团）,valid,PAU_006,国际转运货物海关监管模式,研究,intent,"[""国际""]",[],[],[],上海两场之间国际转运货物海关监管模式创新,T2,T3,False,[]
DF0009_030,DF0009,NA,body,（二十一）加强“智慧海关”建设，打造智享联通的大数据平台，探索形成符合新业态发展趋势需要的数字化监管体系。推动跨境电商进口税款电子支付和创新优化退货流程等业务改革。研究上海两场之间国际转运货物海关监管模式创新，提高航空货物的通关和中转效率，进一步压缩航空口岸进出口货物整体通关时间。（责任单位：上海海关、市商务委（市口岸办）、机场集团）,valid,PAU_007,通关效率,提高,direction,"[""航空""]",[],[],[],航空货物通关效率,T2,T3,False,[]
DF0009_030,DF0009,NA,body,（二十一）加强“智慧海关”建设，打造智享联通的大数据平台，探索形成符合新业态发展趋势需要的数字化监管体系。推动跨境电商进口税款电子支付和创新优化退货流程等业务改革。研究上海两场之间国际转运货物海关监管模式创新，提高航空货物的通关和中转效率，进一步压缩航空口岸进出口货物整体通关时间。（责任单位：上海海关、市商务委（市口岸办）、机场集团）,valid,PAU_008,中转效率,提高,direction,"[""航空""]",[],[],[],航空货物中转效率,T2,T3,False,[]
DF0009_030,DF0009,NA,body,（二十一）加强“智慧海关”建设，打造智享联通的大数据平台，探索形成符合新业态发展趋势需要的数字化监管体系。推动跨境电商进口税款电子支付和创新优化退货流程等业务改革。研究上海两场之间国际转运货物海关监管模式创新，提高航空货物的通关和中转效率，进一步压缩航空口岸进出口货物整体通关时间。（责任单位：上海海关、市商务委（市口岸办）、机场集团）,valid,PAU_009,整体通关时间,压缩,operational,"[""航空口岸""]",[],[],[],航空口岸进出口货物整体通关时间,T3,T4,True,[]
DF0403_001,DF0403,H1,title,一、鼓励航空货运市场主体开行全货机定期航线，构建覆盖全球的货运航线网络,valid,PAU_001,全货机定期航线,开行,substantive,"[""国际""]",[],[],"[""全货机"", ""定期""]",国际全货机定期航线,T3,T4,True,[]
DF0403_001,DF0403,H1,title,一、鼓励航空货运市场主体开行全货机定期航线，构建覆盖全球的货运航线网络,valid,PAU_002,货运航线网络,构建,substantive,"[""全球""]",[],[],[],全球货运航线网络,T1,T2,False,[]
DF0403_002,DF0403,NA,body,（一）对在成都机场（含成都双流国际机场和成都天府国际机场，下同）新开国际（不含地区）全货机定期航线的航空公司，市政府依据成都航空货运枢纽航线网络发展规划、全货机定期航线航班情况（航程距离、机型大小、航班密度）和市场难易程度等因素可给予航空公司为期三年的财政奖励，在开航培育期第一年，新开洲际全货机定期航线给予30万-50万元/班（航线每班是指一个往返程航班，下同）的财政奖励，新开亚洲全货机定期航线给予5万-20万元/班的财政奖励；开航培育期第二、三年财政奖励原则上为第一年标准的80%。,valid,PAU_001,财政奖励,给予,operational,"[""国际"", ""成都机场""]",[],"[""新开""]","[""全货机"", ""定期""]",对在成都机场新开国际全货机定期航线给予财政奖励,T3,T4,True,[]
DF0403_002,DF0403,NA,body,（一）对在成都机场（含成都双流国际机场和成都天府国际机场，下同）新开国际（不含地区）全货机定期航线的航空公司，市政府依据成都航空货运枢纽航线网络发展规划、全货机定期航线航班情况（航程距离、机型大小、航班密度）和市场难易程度等因素可给予航空公司为期三年的财政奖励，在开航培育期第一年，新开洲际全货机定期航线给予30万-50万元/班（航线每班是指一个往返程航班，下同）的财政奖励，新开亚洲全货机定期航线给予5万-20万元/班的财政奖励；开航培育期第二、三年财政奖励原则上为第一年标准的80%。,valid,PAU_002,财政奖励,给予,operational,"[""洲际"", ""成都机场""]",[],"[""新开""]","[""全货机"", ""定期""]",新开洲际全货机定期航线给予30万-50万元/班财政奖励,T3,T4,True,[]
DF0403_002,DF0403,NA,body,（一）对在成都机场（含成都双流国际机场和成都天府国际机场，下同）新开国际（不含地区）全货机定期航线的航空公司，市政府依据成都航空货运枢纽航线网络发展规划、全货机定期航线航班情况（航程距离、机型大小、航班密度）和市场难易程度等因素可给予航空公司为期三年的财政奖励，在开航培育期第一年，新开洲际全货机定期航线给予30万-50万元/班（航线每班是指一个往返程航班，下同）的财政奖励，新开亚洲全货机定期航线给予5万-20万元/班的财政奖励；开航培育期第二、三年财政奖励原则上为第一年标准的80%。,valid,PAU_003,财政奖励,给予,operational,"[""亚洲"", ""成都机场""]",[],"[""新开""]","[""全货机"", ""定期""]",新开亚洲全货机定期航线给予5万-20万元/班财政奖励,T3,T4,True,[]
DF0009_031,DF0009,NA,body,（二十二）探索实施航空货运管制代理人制度，加快建设具有安检功能的专业型航空前置货站，开展机场与货站之间航空货物地面驳运安保试点。（责任单位：民航华东地区管理局、市交通委、市商务委（市口岸办）、机场集团、东航集团）,valid,PAU_001,航空货运管制代理人制度,探索实施,intent,"[""航空""]",[],[],[],航空货运管制代理人制度,T2,T3,False,[]
DF0009_031,DF0009,NA,body,（二十二）探索实施航空货运管制代理人制度，加快建设具有安检功能的专业型航空前置货站，开展机场与货站之间航空货物地面驳运安保试点。（责任单位：民航华东地区管理局、市交通委、市商务委（市口岸办）、机场集团、东航集团）,valid,PAU_002,具有安检功能的专业型航空前置货站,建设,substantive,"[""航空""]",[],"[""专业型""]",[],专业型航空前置货站,T3,T4,True,[]
DF0009_031,DF0009,NA,body,（二十二）探索实施航空货运管制代理人制度，加快建设具有安检功能的专业型航空前置货站，开展机场与货站之间航空货物地面驳运安保试点。（责任单位：民航华东地区管理局、市交通委、市商务委（市口岸办）、机场集团、东航集团）,valid,PAU_003,机场与货站之间航空货物地面驳运安保,开展,operational,"[""航空""]",[],"[""试点""]",[],机场与货站之间航空货物地面驳运安保试点,T3,T4,True,[]
DF0403_003,DF0403,NA,body,（二）对正在享受市政府上述第（一）款财政奖励的国际（不含地区）全货机定期航线，在成都机场加密国际（不含地区）全货机定期航线航班的航空公司，在航线航班未实现每天一班前，市政府给予加密航班与现有航线航班同等标准的市场开拓费用财政奖励，奖励期限至该航线协议执行到期为止。,valid,PAU_001,全货机定期航线航班,加密,operational,"[""国际""]",[],[],"[""全货机"", ""定期""]",加密国际全货机定期航线航班,T3,T4,True,[]
DF0403_003,DF0403,NA,body,（二）对正在享受市政府上述第（一）款财政奖励的国际（不含地区）全货机定期航线，在成都机场加密国际（不含地区）全货机定期航线航班的航空公司，在航线航班未实现每天一班前，市政府给予加密航班与现有航线航班同等标准的市场开拓费用财政奖励，奖励期限至该航线协议执行到期为止。,valid,PAU_002,市场开拓费用财政奖励,给予,substantive,"[""国际""]",[],[],"[""全货机"", ""定期""]",给予国际全货机定期航线加密航班市场开拓费用财政奖励,T3,T4,True,[]
DF0403_006,DF0403,NA,body,（五）其他航空货运市场主体在成都机场开行全货机航线的奖励条件和标准参照航空公司执行。,valid,PAU_001,奖励条件和标准,参照执行,operational,"[""成都机场"", ""航空货运""]",[],[],"[""全货机""]",其他航空货运市场主体在成都机场开行全货机航线的奖励条件和标准参照航空公司执行,T3,T4,True,[]
DF0403_004,DF0403,NA,body,（三）对在成都机场新开国内（含地区）全货机定期航线和加密国内（含地区）全货机定期航线航班（未达到每天一班全货机航班）的航空公司，市政府根据机型大小确定给予新开国内（含地区）全货机定期航线两年培育期的财政奖励，奖励标准为2万-5万元/班，给予加密航班一年期的市场开拓费用财政奖励，奖励标准为1万-3万元/班。,valid,PAU_001,财政奖励,给予,substantive,"[""国内"", ""地区"", ""成都机场""]",[],"[""培育""]","[""全货机"", ""定期""]",国内（含地区）全货机定期航线两年培育期财政奖励,T3,T4,True,[]
DF0403_004,DF0403,NA,body,（三）对在成都机场新开国内（含地区）全货机定期航线和加密国内（含地区）全货机定期航线航班（未达到每天一班全货机航班）的航空公司，市政府根据机型大小确定给予新开国内（含地区）全货机定期航线两年培育期的财政奖励，奖励标准为2万-5万元/班，给予加密航班一年期的市场开拓费用财政奖励，奖励标准为1万-3万元/班。,valid,PAU_002,市场开拓费用财政奖励,给予,substantive,"[""国内"", ""地区"", ""成都机场""]",[],[],"[""全货机"", ""定期""]",国内（含地区）全货机定期加密航班一年期市场开拓费用财政奖励,T3,T4,True,[]
DF0403_005,DF0403,NA,body,（四）对未享受市政府补贴的国际（含地区）全货机定期航线，在航空公司保持现有航线航班数量不减的情况下，市政府可给予为期三年保持航班稳定运行的财政奖励，奖励标准为1万-3万元/班；如在此期间航空公司加密现有航线航班并能够稳定运行一年以上，市政府可给予该加密航线航班与现有稳定运行航班同等1万-3万元/班的奖励。,valid,PAU_001,财政奖励,给予,substantive,"[""国际""]",[],[],"[""全货机"", ""定期""]",国际全货机定期航线财政奖励,T3,T4,True,[]
DF0403_005,DF0403,NA,body,（四）对未享受市政府补贴的国际（含地区）全货机定期航线，在航空公司保持现有航线航班数量不减的情况下，市政府可给予为期三年保持航班稳定运行的财政奖励，奖励标准为1万-3万元/班；如在此期间航空公司加密现有航线航班并能够稳定运行一年以上，市政府可给予该加密航线航班与现有稳定运行航班同等1万-3万元/班的奖励。,valid,PAU_002,航线航班,加密,operational,"[""国际""]",[],[],"[""全货机"", ""定期""]",国际全货机定期加密航线航班,T3,T4,True,[]
DF0403_005,DF0403,NA,body,（四）对未享受市政府补贴的国际（含地区）全货机定期航线，在航空公司保持现有航线航班数量不减的情况下，市政府可给予为期三年保持航班稳定运行的财政奖励，奖励标准为1万-3万元/班；如在此期间航空公司加密现有航线航班并能够稳定运行一年以上，市政府可给予该加密航线航班与现有稳定运行航班同等1万-3万元/班的奖励。,valid,PAU_003,财政奖励,给予,substantive,"[""国际""]",[],[],"[""全货机"", ""定期""]",国际全货机定期加密航线航班财政奖励,T3,T4,True,[]
DF0403_009,DF0403,NA,body,（一）对航空公司利用国内全货机航班和国内客运航班经成都机场进出港的国内货物增量市政府给予财政奖励。各航空公司以上一年对成都贡献的进出港货量为基数，当年进出港货量增长幅度达到25%（含）以上给予1.0元/公斤奖励，增长幅度达到20%（含）以上给予0.8元/公斤奖励，增长幅度达到10%（含）以上给予0.5元/公斤奖励。,valid,PAU_001,财政奖励,给予,substantive,"[""国内"", ""成都机场""]",[],[],"[""全货机"", ""客运航班""]",对国内全货机和客运航班经成都机场进出港货物增量给予财政奖励,T3,T4,True,[]
DF0403_008,DF0403,H1,title,二、鼓励航空货运市场主体向成都机场集货，促进航空货量、中转货量增长,valid,PAU_001,航空货运市场主体,鼓励,intent,"[""成都机场""]",[],[],[],鼓励航空货运市场主体向成都机场集货,T3,T4,False,[]
DF0403_008,DF0403,H1,title,二、鼓励航空货运市场主体向成都机场集货，促进航空货量、中转货量增长,valid,PAU_002,航空货量,促进,direction,[],[],[],[],促进航空货量增长,T3,T3,False,[]
DF0403_008,DF0403,H1,title,二、鼓励航空货运市场主体向成都机场集货，促进航空货量、中转货量增长,valid,PAU_003,中转货量,促进,direction,[],[],[],[],促进中转货量增长,T3,T3,False,[]
DF0403_007,DF0403,NA,body,（六）对战略性国际全货机定期航线、特别重要急需货运航线和重大招商项目涉及大宗商品运输任务，经市政府专题研究确定奖励标准后，由市政府给予财政奖励。,valid,PAU_001,财政奖励,给予,substantive,"[""国际""]",[],[],"[""全货机"", ""定期""]",战略性国际全货机定期航线财政奖励,T3,T4,True,[]
DF0403_007,DF0403,NA,body,（六）对战略性国际全货机定期航线、特别重要急需货运航线和重大招商项目涉及大宗商品运输任务，经市政府专题研究确定奖励标准后，由市政府给予财政奖励。,valid,PAU_002,财政奖励,给予,substantive,[],[],"[""特别重要急需""]","[""货运航线""]",特别重要急需货运航线财政奖励,T3,T4,True,[]
DF0403_007,DF0403,NA,body,（六）对战略性国际全货机定期航线、特别重要急需货运航线和重大招商项目涉及大宗商品运输任务，经市政府专题研究确定奖励标准后，由市政府给予财政奖励。,valid,PAU_003,财政奖励,给予,substantive,[],[],"[""重大招商项目""]","[""大宗商品运输任务""]",重大招商项目涉及大宗商品运输任务财政奖励,T3,T4,True,[]
DF0403_010,DF0403,NA,body,（二）对航空公司在成都机场库区内实现中转的国际（含地区）货物市政府给予空空中转联运的财政奖励，奖励标准：国内转国际、国际转国内、国际转国际的中转货物2.0元/公斤。,valid,PAU_001,空空中转联运,给予,substantive,"[""国际"", ""成都机场""]",[],[],[],国际空空中转联运（成都机场）,T3,T4,True,[]
DF0403_011,DF0403,NA,body,（三）对航空货站在成都机场开展跨航空公司、跨货站国际（含地区）货物库区内快速中转业务市政府给予中转货物处置财政奖励，奖励标准1.0元/公斤。,valid,PAU_001,航空货站,开展,operational,"[""国际"", ""成都机场""]",[],[],"[""跨航空公司"", ""跨货站"", ""快速中转""]",航空货站在成都机场开展跨航空公司、跨货站国际快速中转业务,T3,T4,True,[]
DF0403_012,DF0403,NA,body,（四）对货代企业在成都机场利用国际（含地区）全货机航班进出港和利用国际客运航班进港的国际货物货量市政府给予财政奖励。国际（含地区）全货机航班进港的奖励标准为远程（10小时以上航距）2.0元/公斤，中程（6-10小时航距）1.5元/公斤，近程（6小时以内航距）1.0元/公斤；国际（含地区）全货机航班出港的奖励标准为0.5元/公斤。国际客运航班进港的奖励标准为0.5元/公斤。,valid,PAU_001,财政奖励,给予,substantive,"[""国际"", ""成都机场""]",[],[],"[""全货机""]",国际全货机航班进出港财政奖励,T3,T4,True,[]
DF0403_012,DF0403,NA,body,（四）对货代企业在成都机场利用国际（含地区）全货机航班进出港和利用国际客运航班进港的国际货物货量市政府给予财政奖励。国际（含地区）全货机航班进港的奖励标准为远程（10小时以上航距）2.0元/公斤，中程（6-10小时航距）1.5元/公斤，近程（6小时以内航距）1.0元/公斤；国际（含地区）全货机航班出港的奖励标准为0.5元/公斤。国际客运航班进港的奖励标准为0.5元/公斤。,valid,PAU_002,财政奖励,给予,substantive,"[""国际"", ""成都机场""]",[],[],[],国际客运航班进港财政奖励,T3,T4,True,[]
DF0403_014,DF0403,NA,body,（六）对货代企业或贸易企业利用成都空运进境指定监管场地（植物种苗、冰鲜水产品、食用水生动物、药品、生物制品、水果、肉类、国际邮件）进口特殊货物，市政府给予货量奖励，奖励标准1.0元/公斤。,valid,PAU_001,货量奖励,给予,operational,"[""成都"", ""国际""]",[],[],"[""特殊货物""]",成都国际特殊货物货量奖励,T3,T4,True,[]
DF0403_015,DF0403,NA,body,（七）对货代企业或货主企业采用全货机国际包机（军品运输、救灾物资等特殊包机除外）方式经成都机场进出港，且全年包机航班达到10班以上，市政府给予全货机国际包机奖励，奖励标准为新开同类国际全货机定期航线财政奖励标准的30%。,valid,PAU_001,全货机国际包机奖励,给予,substantive,"[""国际""]",[],[],"[""全货机""]",全货机国际包机奖励,T3,T4,True,[]
DF0403_013,DF0403,NA,body,（五）对货代企业采用地面运输将四川省行政区域范围以外国际货物通过成都机场进出港市政府给予空地联运集货费用财政奖励，奖励标准2.0元/公斤。,valid,PAU_001,地面运输,采用,operational,"[""国际""]",[],[],[],国际地面运输,T3,T4,True,[]
DF0403_013,DF0403,NA,body,（五）对货代企业采用地面运输将四川省行政区域范围以外国际货物通过成都机场进出港市政府给予空地联运集货费用财政奖励，奖励标准2.0元/公斤。,valid,PAU_002,空地联运集货费用财政奖励,给予,substantive,"[""成都机场"", ""四川省行政区域范围以外""]",[],[],[],四川省行政区域范围以外经成都机场空地联运集货费用财政奖励,T3,T4,True,[]
DF0403_017,DF0403,NA,body,对在成都机场新设立的基地货运航空公司：,valid,PAU_001,基地货运航空公司,设立,substantive,"[""成都机场""]",[],"[""新""]",[],在成都机场新设立基地货运航空公司,T3,T4,True,[]
DF0403_018,DF0403,NA,body,（一）市政府根据其全货机机型和运力投放能力等情况给予一次性落户财政奖励，奖励标准为1000万-2000万元。,valid,PAU_001,一次性落户财政奖励,给予,operational,"[""成都""]",[],[],"[""全货机""]",成都全货机一次性落户财政奖励,T3,T4,True,[]
DF0403_016,DF0403,H1,title,三、鼓励在成都新设立基地货运航空公司，增加全货机运力,valid,PAU_001,设立基地货运航空公司,鼓励,intent,"[""成都""]",[],"[""新""]",[],在成都新设立基地货运航空公司,T3,T4,False,[]
DF0403_016,DF0403,H1,title,三、鼓励在成都新设立基地货运航空公司，增加全货机运力,valid,PAU_002,全货机运力,增加,substantive,[],[],[],"[""全货机""]",增加全货机运力,T3,T3.5,True,[]
DF0403_019,DF0403,NA,body,（二）市政府给予新设立基地货运航空公司配套建设项目供地保障，同时所在区（市）县政府（管委会）给予项目建设优惠扶持政策。,valid,PAU_001,配套建设项目供地保障,给予,substantive,"[""航空"", ""枢纽""]",[],[],[],航空货运枢纽配套建设项目供地保障,T3,T4,True,[]
DF0403_019,DF0403,NA,body,（二）市政府给予新设立基地货运航空公司配套建设项目供地保障，同时所在区（市）县政府（管委会）给予项目建设优惠扶持政策。,valid,PAU_002,项目建设优惠扶持政策,给予,substantive,"[""航空"", ""枢纽""]",[],[],[],航空货运枢纽项目建设优惠扶持政策,T3,T4,True,[]
DF0403_022,DF0403,NA,body,对在成都机场新设立年度航空货运处理能力20万吨（含）以上的国际航空货运转运（分拨）中心：,valid,PAU_001,国际航空货运转运（分拨）中心,设立,substantive,"[""国际"", ""成都""]",[],[],[],成都国际航空货运转运（分拨）中心,T3,T4,True,[]
DF0403_020,DF0403,NA,body,（三）自投入运营年度起，由所在区（市）县政府（管委会）参照其对地方经济的贡献大小给予为期五年的财政奖励，用于支持其发展投入。,valid,PAU_001,财政奖励,给予,substantive,"[""地方""]",[],[],[],地方财政奖励,T3,T4,True,[]
DF0403_021,DF0403,H1,title,四、鼓励在成都新设立国际航空货运转运（分拨）中心，提升航空货运枢纽集疏运能力,valid,PAU_001,设立国际航空货运转运（分拨）中心,鼓励,intent,"[""国际"", ""成都""]",[],[],[],在成都新设立国际航空货运转运（分拨）中心,T3,T4,False,[]
DF0403_021,DF0403,H1,title,四、鼓励在成都新设立国际航空货运转运（分拨）中心，提升航空货运枢纽集疏运能力,valid,PAU_002,航空货运枢纽集疏运能力,提升,direction,"[""航空"", ""枢纽""]",[],[],[],提升航空货运枢纽集疏运能力,T2,T3,False,[]
DF0403_023,DF0403,NA,body,（一）市政府给予一次性落户财政奖励，奖励标准为2000万元。,valid,PAU_001,一次性落户财政奖励,给予,substantive,"[""国际""]",[],[],[],国际一次性落户财政奖励,T3,T4,True,[]
DF0403_025,DF0403,NA,body,（三）自投入运营年度起，由所在区（市）县政府（管委会）参照其对地方经济的贡献大小给予为期五年的财政奖励，用于支持其发展投入。,valid,PAU_001,财政奖励,给予,substantive,"[""区（市）县""]",[],[],[],区（市）县财政奖励,T3,T4,True,[]
DF0403_026,DF0403,NA,body,（四）投入运营后年度实际处理货量（进出港及中转）达到5万吨（含）以上市政府给予500万元年度奖励，年度实际处理货量每增加1万吨，年度奖励亦增加100万元，最高奖励2000万元。,valid,PAU_001,年度奖励,给予,operational,"[""市政府""]",[],[],[],市政府给予年度奖励,T3,T4,True,[]
DF0403_024,DF0403,NA,body,（二）市政府给予供地保障，同时所在区（市）县政府（管委会）给予项目建设优惠扶持政策。,valid,PAU_001,供地保障,给予,substantive,"[""市政府""]",[],[],[],市政府供地保障,T3,T4,True,[]
DF0403_024,DF0403,NA,body,（二）市政府给予供地保障，同时所在区（市）县政府（管委会）给予项目建设优惠扶持政策。,valid,PAU_002,项目建设优惠扶持政策,给予,substantive,"[""区（市）县政府（管委会）""]",[],[],[],区（市）县政府（管委会）项目建设优惠扶持政策,T3,T4,True,[]
DF0403_027,DF0403,H1,title,五、提升空港口岸作业效率，减免口岸及货站操作处置费用,valid,PAU_001,空港口岸作业效率,提升,direction,"[""空港""]",[],[],[],空港口岸作业效率,T2,T3,False,[]
DF0403_027,DF0403,H1,title,五、提升空港口岸作业效率，减免口岸及货站操作处置费用,valid,PAU_002,口岸及货站操作处置费用,减免,substantive,"[""口岸"", ""货站""]",[],[],[],口岸及货站操作处置费用减免,T3,T4,True,[]
DF0403_028,DF0403,NA,body,（一）对进出成都机场的国际货物的操作处置费用分别给予进港国际货物0.15元/公斤、出港国际货物0.2元/公斤的市财政补贴，保持成都机场航空货站的收费标准处于全国较低水平。,valid,PAU_001,操作处置费用,给予,substantive,"[""国际"", ""成都机场""]",[],[],[],国际成都机场操作处置费用补贴,T3,T4,True,[]
DF0403_028,DF0403,NA,body,（一）对进出成都机场的国际货物的操作处置费用分别给予进港国际货物0.15元/公斤、出港国际货物0.2元/公斤的市财政补贴，保持成都机场航空货站的收费标准处于全国较低水平。,valid,PAU_002,收费标准,保持,intent,"[""成都机场"", ""航空货站"", ""全国""]",[],[],[],成都机场航空货站全国较低收费标准,T2,T4,False,[]
DF0403_029,DF0403,NA,body,（二）积极推进成都双流国际机场航空货站功能前置至空港国际快件中心和海关特殊监管场所，实现航空口岸一体化营运工作机制，免除企业在空港国际快件中心和海关特殊监管场所办理业务的全部费用，市区两级财政按照8：2比例共同分担所产生的费用。,valid,PAU_001,航空货站功能前置,推进,operational,"[""成都双流国际机场"", ""空港国际快件中心"", ""海关特殊监管场所""]",[],[],[],积极推进成都双流国际机场航空货站功能前置至空港国际快件中心和海关特殊监管场所,T3,T4,True,[]
DF0403_029,DF0403,NA,body,（二）积极推进成都双流国际机场航空货站功能前置至空港国际快件中心和海关特殊监管场所，实现航空口岸一体化营运工作机制，免除企业在空港国际快件中心和海关特殊监管场所办理业务的全部费用，市区两级财政按照8：2比例共同分担所产生的费用。,valid,PAU_002,航空口岸一体化营运工作机制,实现,substantive,"[""航空口岸""]",[],[],[],实现航空口岸一体化营运工作机制,T2,T3,False,[]
DF0403_029,DF0403,NA,body,（二）积极推进成都双流国际机场航空货站功能前置至空港国际快件中心和海关特殊监管场所，实现航空口岸一体化营运工作机制，免除企业在空港国际快件中心和海关特殊监管场所办理业务的全部费用，市区两级财政按照8：2比例共同分担所产生的费用。,valid,PAU_003,费用,免除,substantive,"[""空港国际快件中心"", ""海关特殊监管场所""]",[],[],[],免除企业在空港国际快件中心和海关特殊监管场所办理业务的全部费用,T3,T4,True,[]
DF0191_002,DF0191,H1,title,第二条南宁市航空物流发展专项资金是指市本级财政年度预算安排的物流发展专项资金中用于培育发展在南宁吴圩国际机场执飞的国内、国际货运航班而设立的专项资金（以下简称：专项资金）。,valid,PAU_001,国内货运航班,培育,substantive,"[""南宁吴圩国际机场""]",[],[],[],南宁吴圩国际机场国内货运航班,T3,T4,True,[]
DF0191_002,DF0191,H1,title,第二条南宁市航空物流发展专项资金是指市本级财政年度预算安排的物流发展专项资金中用于培育发展在南宁吴圩国际机场执飞的国内、国际货运航班而设立的专项资金（以下简称：专项资金）。,valid,PAU_002,国际货运航班,培育,substantive,"[""南宁吴圩国际机场"", ""国际""]",[],[],[],南宁吴圩国际机场国际货运航班,T3,T4,True,[]
DF0191_004,DF0191,H1,title,第四条专项资金使用应遵循鼓励发展、公开透明、规范运作的原则。,valid,PAU_001,发展,鼓励,intent,[],[],[],[],鼓励发展,T2,T2,False,[]
DF0191_004,DF0191,H1,title,第四条专项资金使用应遵循鼓励发展、公开透明、规范运作的原则。,valid,PAU_002,透明,公开,intent,[],[],[],[],公开透明,T2,T2,False,[]
DF0191_004,DF0191,H1,title,第四条专项资金使用应遵循鼓励发展、公开透明、规范运作的原则。,valid,PAU_003,运作,规范,intent,[],[],[],[],规范运作,T2,T2,False,[]
DF0191_001,DF0191,H1,title,第一条为培育我市航空物流产业的发展，把我市打造成为服务全国，连接东盟的国际区域性航空物流转运中心，带动制造业及相关产业与航空物流业的联动发展，促进我市经济繁荣发展，特制定本暂行办法。,valid,PAU_001,航空物流产业,培育,substantive,"[""我市""]",[],[],[],我市航空物流产业,T2,T3,False,[]
DF0191_001,DF0191,H1,title,第一条为培育我市航空物流产业的发展，把我市打造成为服务全国，连接东盟的国际区域性航空物流转运中心，带动制造业及相关产业与航空物流业的联动发展，促进我市经济繁荣发展，特制定本暂行办法。,valid,PAU_002,航空物流转运中心,打造,substantive,"[""国际"", ""区域性"", ""全国"", ""东盟""]",[],[],[],服务全国连接东盟的国际区域性航空物流转运中心,T3,T4,True,[]
DF0191_001,DF0191,H1,title,第一条为培育我市航空物流产业的发展，把我市打造成为服务全国，连接东盟的国际区域性航空物流转运中心，带动制造业及相关产业与航空物流业的联动发展，促进我市经济繁荣发展，特制定本暂行办法。,valid,PAU_003,联动发展,带动,intent,"[""制造业"", ""相关产业"", ""航空物流业""]",[],[],[],制造业及相关产业与航空物流业联动发展,T2,T3,False,[]
DF0191_001,DF0191,H1,title,第一条为培育我市航空物流产业的发展，把我市打造成为服务全国，连接东盟的国际区域性航空物流转运中心，带动制造业及相关产业与航空物流业的联动发展，促进我市经济繁荣发展，特制定本暂行办法。,valid,PAU_004,经济繁荣发展,促进,intent,"[""我市""]",[],[],[],我市经济繁荣发展,T2,T3,False,[]
DF0191_005,DF0191,H1,title,第五条专项资金主要用于对货运航线航班和开拓航空货运市场进行奖励。,valid,PAU_001,货运航线航班,奖励,substantive,[],[],[],[],货运航线航班奖励,T3,T3,True,[]
DF0191_005,DF0191,H1,title,第五条专项资金主要用于对货运航线航班和开拓航空货运市场进行奖励。,valid,PAU_002,航空货运市场,开拓,operational,"[""航空""]",[],[],[],开拓航空货运市场,T2,T3,True,[]
DF0191_007,DF0191,NA,body,1.新开通南宁吴圩国际机场国际货运定期或不定期航线航班的航空公司；,valid,PAU_001,国际货运航线航班,开通,substantive,"[""国际"", ""南宁吴圩国际机场""]",[],[],"[""定期"", ""不定期""]",南宁吴圩国际机场国际货运定期航线航班,T3,T4,True,[]
DF0191_007,DF0191,NA,body,1.新开通南宁吴圩国际机场国际货运定期或不定期航线航班的航空公司；,valid,PAU_002,国际货运航线航班,开通,substantive,"[""国际"", ""南宁吴圩国际机场""]",[],[],"[""不定期""]",南宁吴圩国际机场国际货运不定期航线航班,T3,T4,True,[]
DF0191_008,DF0191,NA,body,2.新开通南宁吴圩国际机场国内货运定期或不定期航线航班的航空公司；,valid,PAU_001,货运航线航班,新开通,substantive,"[""国内"", ""南宁吴圩国际机场""]",[],[],"[""定期""]",南宁吴圩国际机场国内货运定期航线航班,T3,T4,True,[]
DF0191_008,DF0191,NA,body,2.新开通南宁吴圩国际机场国内货运定期或不定期航线航班的航空公司；,valid,PAU_002,货运航线航班,新开通,substantive,"[""国内"", ""南宁吴圩国际机场""]",[],[],"[""不定期""]",南宁吴圩国际机场国内货运不定期航线航班,T3,T4,True,[]
DF0191_006,DF0191,H2,title,（一）货运航线航班奖励的对象为：航线执飞公司、负责航空发展与航线培育的项目公司（以下简称“项目公司”）、航空货运包机公司，主要为：,valid,PAU_001,航线执飞公司,奖励,substantive,"[""国际"", ""航空""]",[],[],[],国际航空航线执飞公司奖励,T3,T4,True,[]
DF0191_006,DF0191,H2,title,（一）货运航线航班奖励的对象为：航线执飞公司、负责航空发展与航线培育的项目公司（以下简称“项目公司”）、航空货运包机公司，主要为：,valid,PAU_002,项目公司,奖励,substantive,"[""航空"", ""枢纽""]",[],[],[],航空枢纽项目公司奖励,T3,T4,True,[]
DF0191_006,DF0191,H2,title,（一）货运航线航班奖励的对象为：航线执飞公司、负责航空发展与航线培育的项目公司（以下简称“项目公司”）、航空货运包机公司，主要为：,valid,PAU_003,航空货运包机公司,奖励,substantive,"[""航空""]",[],[],"[""全货机""]",航空全货机包机公司奖励,T3,T4,True,[]
DF0191_009,DF0191,NA,body,3.承租航空公司的飞机营运新开通南宁吴圩国际机场国际货运航线的包机公司；,valid,PAU_001,国际货运航线,营运,operational,"[""国际"", ""南宁吴圩国际机场""]",[],[],"[""定期"", ""不定期""]",南宁吴圩国际机场国际货运定期或不定期航线,T3,T4,True,[]
DF0191_010,DF0191,H2,title,（二）市场开拓奖励对象为负责开发航空货运包机或包销业务的公司，主要为：,valid,PAU_001,航空货运包机,开发,substantive,[],[],[],"[""全货机""]",航空货运包机,T3,T3.5,True,[]
DF0191_010,DF0191,H2,title,（二）市场开拓奖励对象为负责开发航空货运包机或包销业务的公司，主要为：,valid,PAU_002,航空货运包销业务,开发,substantive,[],[],[],[],航空货运包销业务,T3,T3,True,[]
DF0191_017,DF0191,H2,title,（二）具有完善的管理体制；,valid,PAU_001,管理体制,具有,substantive,[],[],"[""完善""]",[],完善的管理体制,T3,T4,True,[]
DF0191_013,DF0191,NA,body,本办法所称项目公司是指由自治区人民政府指定成立的为政府开拓培育新航线提供管理和服务的非营利的政府性公司。,valid,PAU_001,项目公司,指定成立,substantive,"[""自治区""]",[],[],[],自治区指定成立的项目公司,T3,T4,True,[]
DF0191_013,DF0191,NA,body,本办法所称项目公司是指由自治区人民政府指定成立的为政府开拓培育新航线提供管理和服务的非营利的政府性公司。,valid,PAU_002,管理和服务,提供,operational,"[""政府"", ""新航线""]",[],[],[],为政府开拓培育新航线提供管理和服务,T2,T3,False,[]
DF0191_011,DF0191,NA,body,对促进南宁吴圩国际机场国际、国内航空货运发展有较大贡献并在南宁吴圩国际机场年内处理航空货物吞吐量前三名的航空货运代理公司。,valid,PAU_001,航空货运发展,促进,intent,"[""南宁吴圩国际机场"", ""国际"", ""国内""]",[],[],[],促进南宁吴圩国际机场国际国内航空货运发展,T2,T4,False,[]
DF0191_011,DF0191,NA,body,对促进南宁吴圩国际机场国际、国内航空货运发展有较大贡献并在南宁吴圩国际机场年内处理航空货物吞吐量前三名的航空货运代理公司。,valid,PAU_002,航空货物吞吐量,处理,operational,"[""南宁吴圩国际机场""]",[],[],[],南宁吴圩国际机场航空货物吞吐量处理,T3,T4,True,[]
DF0191_018,DF0191,H2,title,（三）具有良好的纳税记录；,valid,PAU_001,纳税记录,具有,substantive,[],[],"[""良好""]",[],良好纳税记录,T3,T4,True,[]
DF0191_019,DF0191,H2,title,（四）在南宁吴圩国际机场起飞的全货机，且按航班执飞计划完成执飞率达80%以上的航空公司或包机公司。,valid,PAU_001,全货机,执飞,operational,"[""南宁吴圩国际机场""]",[],[],"[""全货机""]",南宁吴圩国际机场全货机执飞,T3,T4,True,[]
DF0191_025,DF0191,H2,title,（一）直飞航线航班奖励标准：,valid,PAU_001,直飞航线航班,奖励,substantive,[],[],[],"[""定期""]",直飞航线航班奖励标准,T3,T3,True,[]
DF0191_021,DF0191,NA,body,（一）已经获得市政府投资或我市其他财政性专项资金资助的，不重复奖励；,valid,PAU_001,市政府投资,获得,substantive,"[""我市""]",[],[],[],我市市政府投资,T3,T4,True,[]
DF0191_021,DF0191,NA,body,（一）已经获得市政府投资或我市其他财政性专项资金资助的，不重复奖励；,valid,PAU_002,财政性专项资金资助,获得,substantive,"[""我市""]",[],[],[],我市财政性专项资金资助,T3,T4,True,[]
DF0191_026,DF0191,NA,body,1.洲际定期货运航班，业载40吨（含）以上，每年最高奖励120万元； 业载40吨以下至30吨以上，每年最高奖励80万元；业载30吨（含）至20吨以上，每年最高奖励60万元。,valid,PAU_001,定期货运航班,奖励,operational,"[""洲际""]",[],[],"[""定期""]",洲际定期货运航班奖励,T3,T4,True,[]
DF0191_022,DF0191,NA,body,（二）提供虚假信息骗取专项资金的；,valid,PAU_001,虚假信息,提供,substantive,[],[],[],[],提供虚假信息,T3,T3,True,[]
DF0191_022,DF0191,NA,body,（二）提供虚假信息骗取专项资金的；,valid,PAU_002,专项资金,骗取,substantive,[],[],[],[],骗取专项资金,T3,T3,True,[]
DF0191_027,DF0191,NA,body,2.亚洲区域（含港、澳、台地区）定期货运航班，业载40吨（含）以上，每年最高奖励80万元，业载40吨以下至30吨以上，每年最高奖励60万元；业载30吨（含）至20吨以上，每年最高奖励40万元。,valid,PAU_001,定期货运航班,奖励,operational,"[""亚洲""]",[],[],"[""定期""]",亚洲区域定期货运航班奖励,T3,T4,True,[]
DF0191_029,DF0191,H2,title,（二）经停航线航班奖励标准,valid,PAU_001,经停航线航班,奖励,operational,"[""国际"", ""国内""]",[],[],"[""定期""]",经停定期国际国内货运航线航班奖励,T3,T4,True,[]
DF0191_028,DF0191,NA,body,3.国内货运定期航班，业载40吨（含）以上，每年最高奖励50万元，业载40吨以下至30吨以上，每年最高奖励30万元，业载30吨（含）至20吨以上，每年最高奖励20万元。,valid,PAU_001,国内货运定期航班,奖励,operational,"[""国内""]",[],[],"[""定期""]",国内定期货运航班奖励,T3,T4,True,[]
DF0191_030,DF0191,NA,body,经停南宁吴圩国际机场，且出入境手续和进出港货物承载运输均在南宁航空口岸办理的国际货运航班，国际段按新开直飞国际货运航班奖励标准的80%给予奖励；国内段按新开直飞国内货运航班奖励标准的80%给予奖励。,valid,PAU_001,奖励,给予,operational,"[""国际"", ""南宁吴圩国际机场"", ""南宁航空口岸""]",[],[],"[""全货机""]",国际货运航班奖励（经停南宁吴圩国际机场且出入境及货载手续在南宁航空口岸办理）,T3,T4,True,[]
DF0191_030,DF0191,NA,body,经停南宁吴圩国际机场，且出入境手续和进出港货物承载运输均在南宁航空口岸办理的国际货运航班，国际段按新开直飞国际货运航班奖励标准的80%给予奖励；国内段按新开直飞国内货运航班奖励标准的80%给予奖励。,valid,PAU_002,奖励,给予,operational,"[""国内"", ""南宁吴圩国际机场"", ""南宁航空口岸""]",[],[],"[""全货机""]",国内货运航班奖励（经停南宁吴圩国际机场且出入境及货载手续在南宁航空口岸办理）,T3,T4,True,[]
DF0191_032,DF0191,NA,body,为鼓励各有关单位积极引进和开拓航空货运市场，每年从专项资金中安排一定资金，对在引进和开拓航空货运市场有较大贡献的航空公司（包机公司）、航空货运代理企业、航空货运销售代理企业，在南宁吴圩国际机场货物吞吐量当年排前三名的给予一次性奖励。每个企业奖励额不超过10万元，年度奖励名单由广西民航产业发展有限公司按规定先提出，市商务局和市财政局核准后，报市人民政府审批执行。,valid,PAU_001,航空货运市场,引进,substantive,"[""南宁吴圩国际机场""]",[],[],[],南宁吴圩国际机场航空货运市场引进,T2,T3,False,[]
DF0191_032,DF0191,NA,body,为鼓励各有关单位积极引进和开拓航空货运市场，每年从专项资金中安排一定资金，对在引进和开拓航空货运市场有较大贡献的航空公司（包机公司）、航空货运代理企业、航空货运销售代理企业，在南宁吴圩国际机场货物吞吐量当年排前三名的给予一次性奖励。每个企业奖励额不超过10万元，年度奖励名单由广西民航产业发展有限公司按规定先提出，市商务局和市财政局核准后，报市人民政府审批执行。,valid,PAU_002,航空货运市场,开拓,substantive,"[""南宁吴圩国际机场""]",[],[],[],南宁吴圩国际机场航空货运市场开拓,T2,T3,False,[]
DF0191_031,DF0191,H2,title,（三）市场开拓奖励标准,valid,PAU_001,航空货运市场,引进,substantive,[],[],[],[],引进航空货运市场,T2,T2,False,[]
DF0191_031,DF0191,H2,title,（三）市场开拓奖励标准,valid,PAU_002,航空货运市场,开拓,substantive,[],[],[],[],开拓航空货运市场,T2,T2,False,[]
DF0191_041,DF0191,NA,body,广西民航产业发展有限公司（受广西机场管理集团委托，下同）对航班执飞计划完成执飞率达80%以上的航空公司或包机公司，根据年度使用计划对申请材料进行初审，市商务局会同市财政局对广西机场管理集团提交的申请材料进行审核，报市人民政府审批后，市财政局支付奖励款。,valid,PAU_001,奖励款,支付,operational,"[""市""]",[],[],[],市财政局支付奖励款,T4,T4,True,[]
DF0191_043,DF0191,NA,body,广西民航产业发展有限公司每年三月和九月航班航线换季前负责编制专项资金年度使用计划，报市商务局和市财政局审核，作为下一年度资金使用计划。,valid,PAU_001,专项资金年度使用计划,编制,operational,"[""广西""]",[],[],[],广西专项资金年度使用计划,T3,T4,True,[]
DF0191_042,DF0191,H1,title,第十一条市财政局和市商务局负责专项资金的筹集、年度使用计划的审核、资金拨付、监督管理，并参与航线发展规划、航线开拓等工作。,valid,PAU_001,专项资金的筹集,负责,operational,[],[],[],[],专项资金的筹集,T3,T3,True,[]
DF0191_042,DF0191,H1,title,第十一条市财政局和市商务局负责专项资金的筹集、年度使用计划的审核、资金拨付、监督管理，并参与航线发展规划、航线开拓等工作。,valid,PAU_002,年度使用计划的审核,负责,operational,[],[],[],[],年度使用计划的审核,T3,T3,True,[]
DF0191_042,DF0191,H1,title,第十一条市财政局和市商务局负责专项资金的筹集、年度使用计划的审核、资金拨付、监督管理，并参与航线发展规划、航线开拓等工作。,valid,PAU_003,资金拨付,负责,operational,[],[],[],[],资金拨付,T3,T3,True,[]
DF0191_042,DF0191,H1,title,第十一条市财政局和市商务局负责专项资金的筹集、年度使用计划的审核、资金拨付、监督管理，并参与航线发展规划、航线开拓等工作。,valid,PAU_004,监督管理,负责,operational,[],[],[],[],监督管理,T2,T2,False,[]
DF0191_042,DF0191,H1,title,第十一条市财政局和市商务局负责专项资金的筹集、年度使用计划的审核、资金拨付、监督管理，并参与航线发展规划、航线开拓等工作。,valid,PAU_005,航线发展规划,参与,intent,[],[],[],[],航线发展规划,T1,T1,False,[]
DF0191_042,DF0191,H1,title,第十一条市财政局和市商务局负责专项资金的筹集、年度使用计划的审核、资金拨付、监督管理，并参与航线发展规划、航线开拓等工作。,valid,PAU_006,航线开拓,参与,intent,[],[],[],[],航线开拓,T3,T3,False,[]
DF0191_045,DF0191,H1,title,第十三条申请单位违反本试办法有关规定，采取虚报、瞒报等手段弄虚作假、骗取奖励资金的，由审批单位除追回已拨付资金外，取消其今后享受财政奖励的资格，并按照《\[财政违法行为处罚处分条例]》（国务院令第427号）的相关规定进行处理，触犯[刑法]的，依法移交司法机关处理。,valid,PAU_001,资金,追回,operational,[],[],[],[],追回已拨付资金,T3,T3,True,[]
DF0191_045,DF0191,H1,title,第十三条申请单位违反本试办法有关规定，采取虚报、瞒报等手段弄虚作假、骗取奖励资金的，由审批单位除追回已拨付资金外，取消其今后享受财政奖励的资格，并按照《\[财政违法行为处罚处分条例]》（国务院令第427号）的相关规定进行处理，触犯[刑法]的，依法移交司法机关处理。,valid,PAU_002,资格,取消,operational,[],[],[],[],取消财政奖励资格,T3,T3,True,[]
DF0191_045,DF0191,H1,title,第十三条申请单位违反本试办法有关规定，采取虚报、瞒报等手段弄虚作假、骗取奖励资金的，由审批单位除追回已拨付资金外，取消其今后享受财政奖励的资格，并按照《\[财政违法行为处罚处分条例]》（国务院令第427号）的相关规定进行处理，触犯[刑法]的，依法移交司法机关处理。,valid,PAU_003,行为,处理,operational,[],[],[],[],按财政违法行为规定处理,T3,T3,True,[]
DF0191_045,DF0191,H1,title,第十三条申请单位违反本试办法有关规定，采取虚报、瞒报等手段弄虚作假、骗取奖励资金的，由审批单位除追回已拨付资金外，取消其今后享受财政奖励的资格，并按照《\[财政违法行为处罚处分条例]》（国务院令第427号）的相关规定进行处理，触犯[刑法]的，依法移交司法机关处理。,valid,PAU_004,案件,移交,operational,[],[],[],[],移交司法机关处理,T3,T3,True,[]
DF0191_046,DF0191,H1,title,第十四条专项资金管理工作人员违反本办法，在工作中滥用职权、玩忽职守、徇私舞弊的，依照有关规定追究其责任；触犯\[刑法]的，依法移交司法机关处理。,valid,PAU_001,责任,追究,operational,[],[],[],[],追究责任,T4,T4,False,[]
DF0191_046,DF0191,H1,title,第十四条专项资金管理工作人员违反本办法，在工作中滥用职权、玩忽职守、徇私舞弊的，依照有关规定追究其责任；触犯\[刑法]的，依法移交司法机关处理。,valid,PAU_002,司法机关,移交,operational,[],[],[],[],移交司法机关,T4,T4,True,[]
DF0191_044,DF0191,H1,title,第十二条市商务局、市财政局要按照南宁市市本级财政专项资金管理的有关规定，负责定期对奖励航线航班的经营情况进行监督检查，负责对专项资金进行管理和监管，考核和评价资金的使用效益，保证资金按规定用途使用。,valid,PAU_001,经营情况,监督检查,operational,"[""奖励航线航班""]",[],[],"[""定期""]",定期对奖励航线航班的经营情况进行监督检查,T3,T4,True,[]
DF0191_044,DF0191,H1,title,第十二条市商务局、市财政局要按照南宁市市本级财政专项资金管理的有关规定，负责定期对奖励航线航班的经营情况进行监督检查，负责对专项资金进行管理和监管，考核和评价资金的使用效益，保证资金按规定用途使用。,valid,PAU_002,专项资金,管理,operational,[],[],[],[],对专项资金进行管理,T3,T3,True,[]
DF0191_044,DF0191,H1,title,第十二条市商务局、市财政局要按照南宁市市本级财政专项资金管理的有关规定，负责定期对奖励航线航班的经营情况进行监督检查，负责对专项资金进行管理和监管，考核和评价资金的使用效益，保证资金按规定用途使用。,valid,PAU_003,专项资金,监管,operational,[],[],[],[],对专项资金进行监管,T3,T3,True,[]
DF0191_044,DF0191,H1,title,第十二条市商务局、市财政局要按照南宁市市本级财政专项资金管理的有关规定，负责定期对奖励航线航班的经营情况进行监督检查，负责对专项资金进行管理和监管，考核和评价资金的使用效益，保证资金按规定用途使用。,valid,PAU_004,使用效益,考核,operational,"[""资金""]",[],[],[],考核资金的使用效益,T3,T3,True,[]
DF0191_044,DF0191,H1,title,第十二条市商务局、市财政局要按照南宁市市本级财政专项资金管理的有关规定，负责定期对奖励航线航班的经营情况进行监督检查，负责对专项资金进行管理和监管，考核和评价资金的使用效益，保证资金按规定用途使用。,valid,PAU_005,使用效益,评价,operational,"[""资金""]",[],[],[],评价资金的使用效益,T3,T3,True,[]
DF0191_044,DF0191,H1,title,第十二条市商务局、市财政局要按照南宁市市本级财政专项资金管理的有关规定，负责定期对奖励航线航班的经营情况进行监督检查，负责对专项资金进行管理和监管，考核和评价资金的使用效益，保证资金按规定用途使用。,valid,PAU_006,使用,保证,intent,"[""资金""]",[],[],[],保证资金按规定用途使用,T3,T3,False,[]
DF0217_002,DF0217,H2,title,"（一）新开通从厦门出入境直达亚洲航点（不含港澳台，下 同）的全货机定期航线，执飞航班（往返各为0.5班，下同）出 港实载≥80吨、出港载运率≥20%、运营年度班次≥108 班的， 单个执飞航班补贴按""里程补贴+货量补贴""方式确定。首个运营年度该航线补贴按以下标准执行：",valid,PAU_001,全货机定期航线,新开通,substantive,"[""亚洲""]",[],[],"[""全货机"", ""定期""]",新开通亚洲全货机定期航线,T3,T4,True,[]
DF0217_001,DF0217,H1,title,一、亚洲全货机定期航线,valid,PAU_001,全货机定期航线,新开通,substantive,"[""亚洲""]",[],[],"[""全货机"", ""定期""]",亚洲全货机定期航线,T3,T4,True,[]
DF0191_047,DF0191,H1,title,第十五条广西民航产业发展有限公司每年年终向市商务局和市财政局报告航线培育情况、专项资金使用情况、航线运营情况总结报告。,valid,PAU_001,航线培育情况,报告,operational,"[""广西""]",[],[],[],广西航线培育情况报告,T3,T4,True,[]
DF0191_047,DF0191,H1,title,第十五条广西民航产业发展有限公司每年年终向市商务局和市财政局报告航线培育情况、专项资金使用情况、航线运营情况总结报告。,valid,PAU_002,专项资金使用情况,报告,operational,"[""广西""]",[],[],[],广西专项资金使用情况报告,T3,T4,True,[]
DF0191_047,DF0191,H1,title,第十五条广西民航产业发展有限公司每年年终向市商务局和市财政局报告航线培育情况、专项资金使用情况、航线运营情况总结报告。,valid,PAU_003,航线运营情况总结报告,报告,operational,"[""广西""]",[],[],[],广西航线运营情况总结报告,T3,T4,True,[]
DF0217_006,DF0217,H1,title,二、港澳台全货机定期航线,valid,PAU_001,全货机定期航线,开通,substantive,"[""港澳台""]",[],[],"[""全货机"", ""定期""]",港澳台全货机定期航线,T3,T4,True,[]
DF0217_004,DF0217,NA,body,执飞航班频次<42周的，按上述航班补贴标准的70%、航线补贴上限的70%执行。,valid,PAU_001,航班补贴标准,执行,operational,[],[],[],[],航班补贴标准70%执行,T4,T4,True,[]
DF0217_004,DF0217,NA,body,执飞航班频次<42周的，按上述航班补贴标准的70%、航线补贴上限的70%执行。,valid,PAU_002,航线补贴上限,执行,operational,[],[],[],[],航线补贴上限70%执行,T4,T4,True,[]
DF0217_007,DF0217,NA,body,新开通从厦门出入境直达港澳台的全货机定期航线，运营年 度执飞航班班次≥72班的，按新开行亚洲全货机定期航班补贴 标准的25%执行，运营年度航线补贴最高不超过600万元。,valid,PAU_001,全货机定期航线,开通,substantive,"[""港澳台""]",[],[],"[""全货机"", ""定期""]",新开通港澳台全货机定期航线,T3,T4,True,[]
DF0217_008,DF0217,H1,title,三、洲际全货机定期航线,valid,PAU_001,全货机定期航线,开通,substantive,"[""洲际""]",[],[],"[""全货机"", ""定期""]",洲际全货机定期航线,T3,T4,True,[]
DF0217_009,DF0217,H2,title,"（一）新开通从厦门出入境直达洲际航点的全货机定期航 线，执飞航班出港实载≥80吨、出港载运率≥20%、运营年度班 次≥72班的，单个执飞航班补贴按""里程补贴+货量补贴""方式 确定。首个运营年度该航线补贴按以下标准执行：",valid,PAU_001,全货机定期航线,新开通,substantive,"[""洲际"", ""厦门""]",[],[],"[""全货机"", ""定期""]",厦门洲际全货机定期航线,T3,T4,True,[]
DF0217_011,DF0217,NA,body,执飞航班频次<38周的，按上述航班补贴标准的70%、航线补贴上限的70%执行。,valid,PAU_001,航班补贴标准,执行,operational,[],[],[],[],航班补贴标准70%执行,T4,T4,True,[]
DF0217_011,DF0217,NA,body,执飞航班频次<38周的，按上述航班补贴标准的70%、航线补贴上限的70%执行。,valid,PAU_002,航线补贴上限,执行,operational,[],[],[],[],航线补贴上限70%执行,T4,T4,True,[]
DF0217_005,DF0217,H2,title,（二）执飞航班出港实载为30吨以下、30吨（含）至50 吨、50吨（含）至80吨的，往返里程补贴分别按第一点第一项标准的30%、50%、70%执行；运营年度航线补贴上限分别按第一 点第一项标准的30%、50%、70%执行。,valid,PAU_001,往返里程补贴,执行,operational,[],[],[],[],往返里程补贴按标准30%,T4,T4,True,[]
DF0217_005,DF0217,H2,title,（二）执飞航班出港实载为30吨以下、30吨（含）至50 吨、50吨（含）至80吨的，往返里程补贴分别按第一点第一项标准的30%、50%、70%执行；运营年度航线补贴上限分别按第一 点第一项标准的30%、50%、70%执行。,valid,PAU_002,往返里程补贴,执行,operational,[],[],[],[],往返里程补贴按标准50%,T4,T4,True,[]
DF0217_005,DF0217,H2,title,（二）执飞航班出港实载为30吨以下、30吨（含）至50 吨、50吨（含）至80吨的，往返里程补贴分别按第一点第一项标准的30%、50%、70%执行；运营年度航线补贴上限分别按第一 点第一项标准的30%、50%、70%执行。,valid,PAU_003,往返里程补贴,执行,operational,[],[],[],[],往返里程补贴按标准70%,T4,T4,True,[]
DF0217_005,DF0217,H2,title,（二）执飞航班出港实载为30吨以下、30吨（含）至50 吨、50吨（含）至80吨的，往返里程补贴分别按第一点第一项标准的30%、50%、70%执行；运营年度航线补贴上限分别按第一 点第一项标准的30%、50%、70%执行。,valid,PAU_004,航线补贴上限,执行,operational,[],[],[],[],航线补贴上限按标准30%,T4,T4,True,[]
DF0217_005,DF0217,H2,title,（二）执飞航班出港实载为30吨以下、30吨（含）至50 吨、50吨（含）至80吨的，往返里程补贴分别按第一点第一项标准的30%、50%、70%执行；运营年度航线补贴上限分别按第一 点第一项标准的30%、50%、70%执行。,valid,PAU_005,航线补贴上限,执行,operational,[],[],[],[],航线补贴上限按标准50%,T4,T4,True,[]
DF0217_005,DF0217,H2,title,（二）执飞航班出港实载为30吨以下、30吨（含）至50 吨、50吨（含）至80吨的，往返里程补贴分别按第一点第一项标准的30%、50%、70%执行；运营年度航线补贴上限分别按第一 点第一项标准的30%、50%、70%执行。,valid,PAU_006,航线补贴上限,执行,operational,[],[],[],[],航线补贴上限按标准70%,T4,T4,True,[]
DF0217_013,DF0217,H1,title,四、跨境货运非定期航线,valid,PAU_001,跨境货运非定期航线,开通,substantive,"[""跨境""]",[],[],"[""非定期""]",跨境货运非定期航线,T3,T4,True,[]
DF0217_014,DF0217,NA,body,新开通从厦门出入境直达境外航点的跨境货运非定期航线， 首个运营年度该航线补贴按以下标准执行:,valid,PAU_001,跨境货运非定期航线,新开通,substantive,"[""厦门"", ""境外""]",[],[],"[""非定期""]",厦门至境外跨境货运非定期航线,T3,T4,True,[]
DF0217_015_b,DF0217,NA,body,0% | 70% | | 洲际 '客改货' | 执飞航班班次≥ 48 班 | 70% | 70% |,valid,PAU_001,航班,执飞,operational,"[""洲际""]",[],[],"[""客改货""]",洲际客改货航班,T3,T4,True,[]
DF0217_015_a,DF0217,NA,body,| 航线类型 | 执飞航班班次 | 按新开行全 货机定期航 班补贴标准 | 按新开通全 货机定期航 线补贴上限 | |:---------|:--------------------|:--------------------|:--------------------| | 亚洲全货机 | 执飞航班班次≥ 144 班 | 100% | 100% | | 亚洲全货机 | 108 班≤执飞航班班次＜ 144 班 | 70% | 70% | | 亚洲全货机 | 72 班≤执飞航班班次＜ 108 班 | 50% | 50% | | 亚洲全货机 | 36 班≤执飞航班班次＜ 72 班 | 30% | 30% | | 洲际全货机 | 执飞航班班次≥ 96 班 | 100% | 100% | | 洲际全货机 | 72 班≤执飞航班班次＜ 96 班 | 70% | 70% | | 洲际全货机 | 48 班≤执飞航班班次＜ 72 班 | 50% | 50% | | 洲际全货机 | 24 班≤执飞航班班次＜ 48 班 | 30% | 30% | | 亚洲 '客改货' | 执飞航班班次≥ 72 班 | 7,valid,PAU_001,全货机定期航线,补贴,operational,"[""亚洲""]",[],[],"[""全货机"", ""定期""]",亚洲全货机定期航线补贴,T3,T4,True,[]
DF0217_015_a,DF0217,NA,body,| 航线类型 | 执飞航班班次 | 按新开行全 货机定期航 班补贴标准 | 按新开通全 货机定期航 线补贴上限 | |:---------|:--------------------|:--------------------|:--------------------| | 亚洲全货机 | 执飞航班班次≥ 144 班 | 100% | 100% | | 亚洲全货机 | 108 班≤执飞航班班次＜ 144 班 | 70% | 70% | | 亚洲全货机 | 72 班≤执飞航班班次＜ 108 班 | 50% | 50% | | 亚洲全货机 | 36 班≤执飞航班班次＜ 72 班 | 30% | 30% | | 洲际全货机 | 执飞航班班次≥ 96 班 | 100% | 100% | | 洲际全货机 | 72 班≤执飞航班班次＜ 96 班 | 70% | 70% | | 洲际全货机 | 48 班≤执飞航班班次＜ 72 班 | 50% | 50% | | 洲际全货机 | 24 班≤执飞航班班次＜ 48 班 | 30% | 30% | | 亚洲 '客改货' | 执飞航班班次≥ 72 班 | 7,valid,PAU_002,全货机定期航线,补贴,operational,"[""洲际""]",[],[],"[""全货机"", ""定期""]",洲际全货机定期航线补贴,T3,T4,True,[]
DF0217_015_a,DF0217,NA,body,| 航线类型 | 执飞航班班次 | 按新开行全 货机定期航 班补贴标准 | 按新开通全 货机定期航 线补贴上限 | |:---------|:--------------------|:--------------------|:--------------------| | 亚洲全货机 | 执飞航班班次≥ 144 班 | 100% | 100% | | 亚洲全货机 | 108 班≤执飞航班班次＜ 144 班 | 70% | 70% | | 亚洲全货机 | 72 班≤执飞航班班次＜ 108 班 | 50% | 50% | | 亚洲全货机 | 36 班≤执飞航班班次＜ 72 班 | 30% | 30% | | 洲际全货机 | 执飞航班班次≥ 96 班 | 100% | 100% | | 洲际全货机 | 72 班≤执飞航班班次＜ 96 班 | 70% | 70% | | 洲际全货机 | 48 班≤执飞航班班次＜ 72 班 | 50% | 50% | | 洲际全货机 | 24 班≤执飞航班班次＜ 48 班 | 30% | 30% | | 亚洲 '客改货' | 执飞航班班次≥ 72 班 | 7,valid,PAU_003,'客改货'航线,补贴,operational,"[""亚洲""]",[],[],"[""客改货""]",亚洲'客改货'航线补贴,T3,T4,True,[]
DF0217_016,DF0217,H1,title,五、重点跨境全货机定期航线,valid,PAU_001,跨境全货机定期航线,重点,intent,"[""跨境""]",[],[],"[""全货机"", ""定期""]",重点跨境全货机定期航线,T3,T4,True,[]
DF0217_012,DF0217,H2,title,（二）执飞航班出港实载为30吨以下、30吨（含）至50 吨、50吨（含）至80吨的，往返里程补贴分别按第三点第一项标准的30%、50%、70%执行；运营年度航线补贴上限分别按第三 点第一项标准的30%、50%、70%执行。,valid,PAU_001,往返里程补贴,执行,operational,[],[],[],[],往返里程补贴按标准30%执行,T4,T4,True,[]
DF0217_012,DF0217,H2,title,（二）执飞航班出港实载为30吨以下、30吨（含）至50 吨、50吨（含）至80吨的，往返里程补贴分别按第三点第一项标准的30%、50%、70%执行；运营年度航线补贴上限分别按第三 点第一项标准的30%、50%、70%执行。,valid,PAU_002,往返里程补贴,执行,operational,[],[],[],[],往返里程补贴按标准50%执行,T4,T4,True,[]
DF0217_012,DF0217,H2,title,（二）执飞航班出港实载为30吨以下、30吨（含）至50 吨、50吨（含）至80吨的，往返里程补贴分别按第三点第一项标准的30%、50%、70%执行；运营年度航线补贴上限分别按第三 点第一项标准的30%、50%、70%执行。,valid,PAU_003,往返里程补贴,执行,operational,[],[],[],[],往返里程补贴按标准70%执行,T4,T4,True,[]
DF0217_012,DF0217,H2,title,（二）执飞航班出港实载为30吨以下、30吨（含）至50 吨、50吨（含）至80吨的，往返里程补贴分别按第三点第一项标准的30%、50%、70%执行；运营年度航线补贴上限分别按第三 点第一项标准的30%、50%、70%执行。,valid,PAU_004,航线补贴上限,执行,operational,[],[],[],[],航线补贴上限按标准30%执行,T4,T4,True,[]
DF0217_012,DF0217,H2,title,（二）执飞航班出港实载为30吨以下、30吨（含）至50 吨、50吨（含）至80吨的，往返里程补贴分别按第三点第一项标准的30%、50%、70%执行；运营年度航线补贴上限分别按第三 点第一项标准的30%、50%、70%执行。,valid,PAU_005,航线补贴上限,执行,operational,[],[],[],[],航线补贴上限按标准50%执行,T4,T4,True,[]
DF0217_012,DF0217,H2,title,（二）执飞航班出港实载为30吨以下、30吨（含）至50 吨、50吨（含）至80吨的，往返里程补贴分别按第三点第一项标准的30%、50%、70%执行；运营年度航线补贴上限分别按第三 点第一项标准的30%、50%、70%执行。,valid,PAU_006,航线补贴上限,执行,operational,[],[],[],[],航线补贴上限按标准70%执行,T4,T4,True,[]
DF0217_017,DF0217,NA,body,金砖国家以及其他经厦门市人民政府认定为重点开航国家 的全货机定期航线，额外给予航班补贴标准5%的补贴，运营年度该项补贴最高不超过500万元。,valid,PAU_001,航班补贴,给予,operational,"[""金砖国家"", ""重点开航国家""]",[],[],"[""全货机"", ""定期""]",金砖国家以及其他经厦门市人民政府认定为重点开航国家的全货机定期航线航班补贴,T3,T4,True,[]
DF0217_018,DF0217,H1,title,六、货运代理,valid,PAU_001,跨境集货业务,开展,substantive,"[""本地"", ""航空""]",[],[],[],本地航空跨境集货业务,T3,T4,True,[]
DF0217_019,DF0217,H2,title,（一）本地航空货运代理开展跨境集货业务，自然年度过境 集拼、出境集货补贴按以下标准执行:,valid,PAU_001,跨境集货业务,开展,operational,"[""本地"", ""航空货运""]",[],[],[],本地航空货运代理开展跨境集货业务,T3,T4,True,[]
DF0217_023,DF0217,H2,title,（一)单家企业跨境全货机定期航线第二个和第三个运营年 度航班补贴标准、航线补贴上限分别按首个运营年度航班补贴标 准、航线补贴上限的90%和80%执行。,valid,PAU_001,航班补贴标准,执行,operational,"[""跨境""]",[],[],"[""全货机"", ""定期""]",跨境全货机定期航班补贴标准,T3,T4,True,[]
DF0217_023,DF0217,H2,title,（一)单家企业跨境全货机定期航线第二个和第三个运营年 度航班补贴标准、航线补贴上限分别按首个运营年度航班补贴标 准、航线补贴上限的90%和80%执行。,valid,PAU_002,航线补贴上限,执行,operational,"[""跨境""]",[],[],"[""全货机"", ""定期""]",跨境全货机定期航线补贴上限,T3,T4,True,[]
DF0217_022,DF0217,H1,title,七、补贴退坡及货量增量奖励,valid,PAU_001,补贴,退坡,operational,[],[],[],[],补贴退坡,T3,T3,True,[]
DF0217_022,DF0217,H1,title,七、补贴退坡及货量增量奖励,valid,PAU_002,货量增量,奖励,substantive,[],[],[],[],货量增量奖励,T3,T3,True,[]
DF0217_021,DF0217,H2,title,（二）自然年度过境集拼补贴最高不超过 2000万元，自然 年度出境集货补贴最高不超过 3000万元。,valid,PAU_001,过境集拼补贴,不超过,operational,[],[],[],[],过境集拼补贴上限2000万元,T3,T3,True,[]
DF0217_021,DF0217,H2,title,（二）自然年度过境集拼补贴最高不超过 2000万元，自然 年度出境集货补贴最高不超过 3000万元。,valid,PAU_002,出境集货补贴,不超过,operational,[],[],[],[],出境集货补贴上限3000万元,T3,T3,True,[]
DF0217_024,DF0217,H2,title,（二)单家企业跨境全货机定期航线运营年度货邮吞吐量增 幅超过前二个自然年度全市平均增幅且不小于10%的，其航班补 贴标准、航线补贴上限分别按上个运营年度航班补贴标准、航线 补贴上限执行。,valid,PAU_001,航班补贴标准,执行,operational,"[""跨境""]",[],[],"[""全货机"", ""定期""]",跨境全货机定期航班补贴标准,T3,T4,True,[]
DF0217_024,DF0217,H2,title,（二)单家企业跨境全货机定期航线运营年度货邮吞吐量增 幅超过前二个自然年度全市平均增幅且不小于10%的，其航班补 贴标准、航线补贴上限分别按上个运营年度航班补贴标准、航线 补贴上限执行。,valid,PAU_002,航线补贴上限,执行,operational,"[""跨境""]",[],[],"[""全货机"", ""定期""]",跨境全货机定期航线补贴上限,T3,T4,True,[]
DF0217_025,DF0217,H2,title,（三)单家企业跨境全货机定期航线运营年度货邮吞吐量增,valid,PAU_001,航班货量奖励,给予,operational,"[""亚洲""]",[],[],"[""全货机"", ""定期""]",亚洲全货机定期航班货量奖励,T3,T4,True,[]
DF0217_025,DF0217,H2,title,（三)单家企业跨境全货机定期航线运营年度货邮吞吐量增,valid,PAU_002,航班货量奖励,给予,operational,"[""洲际""]",[],[],"[""全货机"", ""定期""]",洲际全货机定期航班货量奖励,T3,T4,True,[]
DF0217_026,DF0217,NA,body,幅超过前二个自然年度全市平均增幅且不小于20%的，其增量部 分按亚洲1000元/吨、洲际 2000元/吨额外给予航班货量奖励， 运营年度亚洲增量奖励最高不超过1000万元，运营年度洲际增 量奖励最高不超过2000万元。,valid,PAU_001,航班货量奖励,给予,substantive,"[""亚洲""]",[],[],"[""全货机"", ""定期""]",亚洲全货机定期航班货量奖励,T3,T4,True,[]
DF0217_026,DF0217,NA,body,幅超过前二个自然年度全市平均增幅且不小于20%的，其增量部 分按亚洲1000元/吨、洲际 2000元/吨额外给予航班货量奖励， 运营年度亚洲增量奖励最高不超过1000万元，运营年度洲际增 量奖励最高不超过2000万元。,valid,PAU_002,航班货量奖励,给予,substantive,"[""洲际""]",[],[],"[""全货机"", ""定期""]",洲际全货机定期航班货量奖励,T3,T4,True,[]
DF0217_028,DF0217,H2,title,（一）单个跨境执飞航班往返里程补贴的计算方式:,valid,PAU_001,补贴,计算,operational,"[""跨境""]",[],[],[],跨境航班补贴计算,T3,T4,True,[]
DF0217_030,DF0217,H2,title,（二)属于第五航权的全货机定期航班补贴按出境货量及实 际飞行路线，参照国际全货机定期航班补贴标准、航线补贴上限 执行。,valid,PAU_001,补贴标准,执行,operational,"[""国际""]",[],[],"[""全货机"", ""定期""]",国际全货机定期航班补贴标准,T3,T4,True,[]
DF0217_030,DF0217,H2,title,（二)属于第五航权的全货机定期航班补贴按出境货量及实 际飞行路线，参照国际全货机定期航班补贴标准、航线补贴上限 执行。,valid,PAU_002,航线补贴上限,执行,operational,"[""国际""]",[],[],"[""全货机"", ""定期""]",国际全货机定期航线补贴上限,T3,T4,True,[]
DF0217_032,DF0217,NA,body,1.港澳台全货机定期航线，按新开行港澳台全货机定期航班 补贴标准的 30%执行，运营年度航线补贴最高不超过400万元。,valid,PAU_001,补贴标准,执行,operational,"[""港澳台""]",[],[],"[""全货机"", ""定期""]",港澳台全货机定期航线补贴标准,T3,T4,True,[]
DF0217_033,DF0217,NA,body,2.亚洲全货机定期航线，按新开行亚洲全货机定期航班补贴 标准的30%执行，运营年度航线补贴最高不超过800万元。,valid,PAU_001,补贴标准,执行,operational,"[""亚洲""]",[],[],"[""全货机"", ""定期""]",亚洲全货机定期补贴标准,T3,T4,True,[]
DF0217_031,DF0217,H2,title,（三）在 2021年1月1日之前开通从厦门出入境直达境外 航点的全货机定期航线补贴按以下标准执行:,valid,PAU_001,全货机定期航线,开通,substantive,"[""境外"", ""厦门""]",[],[],"[""全货机"", ""定期""]",厦门出入境直达境外全货机定期航线,T3,T4,True,[]
DF0217_034,DF0217,NA,body,3.洲际全货机定期航线，按新开行洲际全货机定期航班补贴 标准的15%执行，运营年度航线补贴最高不超过1200万元。,valid,PAU_001,补贴标准,执行,operational,"[""洲际""]",[],[],"[""全货机"", ""定期""]",洲际全货机定期补贴标准,T3,T4,True,[]
DF0217_035,DF0217,H2,title,（四）财政年度专项资金预算实行总额控制，并适当向全货 机定期航线以及外贸重点需求航线倾斜。,valid,PAU_001,财政年度专项资金预算,倾斜,direction,[],[],[],[],财政年度专项资金预算向全货机定期航线倾斜,T2,T2,False,[]
DF0217_035,DF0217,H2,title,（四）财政年度专项资金预算实行总额控制，并适当向全货 机定期航线以及外贸重点需求航线倾斜。,valid,PAU_002,财政年度专项资金预算,倾斜,direction,[],[],[],[],财政年度专项资金预算向外贸重点需求航线倾斜,T2,T2,False,[]
DF0217_036,DF0217,NA,body,本措施由市交通运输局、市财政局按职责负责解释，市交通 运输局根据本措施另行制定实施细则。,valid,PAU_001,本措施,负责解释,operational,[],[],[],[],本措施由市交通运输局、市财政局按职责负责解释,T4,T4,True,[]
DF0217_036,DF0217,NA,body,本措施由市交通运输局、市财政局按职责负责解释，市交通 运输局根据本措施另行制定实施细则。,valid,PAU_002,实施细则,制定,substantive,[],[],[],[],市交通运输局根据本措施另行制定实施细则,T4,T4,True,[]
ZY0150_001,ZY0150,H1,title,一、支持对象,valid,PAU_001,客舱内装货改装项目,支持,intent,"[""航空""]",[],[],[],航空客舱内装货改装项目,T3,T4,True,[]
ZY0150_001,ZY0150,H1,title,一、支持对象,valid,PAU_002,客运航权执飞不载客航班,支持,intent,"[""国际"", ""航空""]",[],[],[],国际航空客运航权执飞不载客航班,T3,T4,True,[]
ZY0150_002,ZY0150,NA,body,中央财政在疫情防控期间，对按照经中国民航适航审定部门批准的设计方案实施的航空器客舱内 装货改装项目（以下简称客舱内装货改装项目），以及对中外航空公司从2020年4月1日起使用客运 航权执飞往返我国内航点（不含港澳台地区）与国外航点间的不载客国际货运航班（以下简称不载客国际货运航班）给予资金支持。,valid,PAU_001,资金支持,给予,substantive,"[""国际"", ""航空""]",[],[],[],国际航空资金支持,T3,T4,True,[]
ZY0150_002,ZY0150,NA,body,中央财政在疫情防控期间，对按照经中国民航适航审定部门批准的设计方案实施的航空器客舱内 装货改装项目（以下简称客舱内装货改装项目），以及对中外航空公司从2020年4月1日起使用客运 航权执飞往返我国内航点（不含港澳台地区）与国外航点间的不载客国际货运航班（以下简称不载客国际货运航班）给予资金支持。,valid,PAU_002,客舱内装货改装项目,实施,operational,"[""航空""]",[],[],[],航空客舱内装货改装项目,T3,T4,True,[]
ZY0150_002,ZY0150,NA,body,中央财政在疫情防控期间，对按照经中国民航适航审定部门批准的设计方案实施的航空器客舱内 装货改装项目（以下简称客舱内装货改装项目），以及对中外航空公司从2020年4月1日起使用客运 航权执飞往返我国内航点（不含港澳台地区）与国外航点间的不载客国际货运航班（以下简称不载客国际货运航班）给予资金支持。,valid,PAU_003,不载客国际货运航班,执飞,operational,"[""国际"", ""航空""]",[],[],"[""全货机""]",国际航空全货机不载客国际货运航班,T3,T4,True,[]
ZY0150_006,ZY0150,H2,title,（二）不载客国际货运航班。,valid,PAU_001,不载客国际货运航班,执飞,operational,"[""国际""]",[],[],[],不载客国际货运航班,T3,T4,True,[]
ZY0150_005,ZY0150,NA,body,对航空公司疫情防控期间实施客舱内装货改装项目发生的费用给予补助。补助标准按照改造成本 的80%予以补助，按飞机类型分成两档：单通道飞机每架最高补助80万元，双通道飞机每架最高补 助145万元。具体补助金额根据民航局核定的实际改造成本确定。,valid,PAU_001,补助,给予,substantive,"[""航空"", ""疫情防控期间""]",[],[],[],疫情防控期间航空客舱内装货改装项目补助,T3,T4,True,[]
ZY0150_004,ZY0150,H2,title,（一）客舱内装货改装项目。,valid,PAU_001,客舱内装货改装项目,实施,operational,"[""航空""]",[],[],[],航空客舱内装货改装项目,T3,T4,True,[]
ZY0150_007,ZY0150,H3,title,1.对疫情防控期间执飞的不载客国际货运航班给予奖励，奖励标准按航班飞行里程和最大起飞全 重分为八档，具体标准为：,valid,PAU_001,奖励,给予,substantive,"[""国际""]",[],[],"[""全货机""]",国际全货机航班奖励,T3,T4,True,[]
ZY0150_010,ZY0150,H3,title,2.奖励金额按照疫情防控期间航空公司实际执行不载客国际货运航班的航班数量和本通知规定的 标准进行核定。,valid,PAU_001,奖励金额,核定,operational,"[""国际""]",[],[],"[""货运""]",国际货运奖励金额核定,T3,T4,True,[]
ZY0150_013,ZY0150,NA,body,（二）民航局根据有关数据，对航空公司申请文件及相关材料进行审核，审核结果报送财政部。,valid,PAU_001,申请文件及相关材料,审核,operational,"[""航空""]",[],[],[],航空申请文件及相关材料审核,T3,T4,True,[]
ZY0150_013,ZY0150,NA,body,（二）民航局根据有关数据，对航空公司申请文件及相关材料进行审核，审核结果报送财政部。,valid,PAU_002,审核结果,报送,operational,"[""民航局"", ""财政部""]",[],[],[],民航局财政部审核结果报送,T3,T4,True,[]
ZY0150_012,ZY0150,NA,body,（一）中国航空集团有限公司、中国东方航空集团有限公司、中国南方航空集团有限公司（以下 简称三大航）及外国航空公司每月定期向民航局、财政部报送资金申请文件和相关证明材料。其他航 空公司向企业注册所在地的民航地区管理局和省级财政部门报送资金申请和相关证明材料，经民航地 区管理局和省级财政部门审核后报至民航局、财政部。,valid,PAU_001,资金申请文件和相关证明材料,报送,operational,"[""三大航"", ""外国航空公司"", ""民航局"", ""财政部""]",[],[],"[""定期""]",三大航及外国航空公司每月定期向民航局、财政部报送资金申请文件和相关证明材料,T3,T4,True,[]
ZY0150_012,ZY0150,NA,body,（一）中国航空集团有限公司、中国东方航空集团有限公司、中国南方航空集团有限公司（以下 简称三大航）及外国航空公司每月定期向民航局、财政部报送资金申请文件和相关证明材料。其他航 空公司向企业注册所在地的民航地区管理局和省级财政部门报送资金申请和相关证明材料，经民航地 区管理局和省级财政部门审核后报至民航局、财政部。,valid,PAU_002,资金申请和相关证明材料,报送,operational,"[""其他航空公司"", ""企业注册所在地"", ""民航地区管理局"", ""省级财政部门""]",[],[],[],其他航空公司向企业注册所在地的民航地区管理局和省级财政部门报送资金申请和相关证明材料,T3,T4,True,[]
ZY0150_012,ZY0150,NA,body,（一）中国航空集团有限公司、中国东方航空集团有限公司、中国南方航空集团有限公司（以下 简称三大航）及外国航空公司每月定期向民航局、财政部报送资金申请文件和相关证明材料。其他航 空公司向企业注册所在地的民航地区管理局和省级财政部门报送资金申请和相关证明材料，经民航地 区管理局和省级财政部门审核后报至民航局、财政部。,valid,PAU_003,资金申请和相关证明材料,审核,operational,"[""民航地区管理局"", ""省级财政部门""]",[],[],[],经民航地区管理局和省级财政部门审核后报至民航局、财政部,T3,T4,True,[]
ZY0150_017,ZY0150,H2,title,（一）港澳台地区航线航班参照执行。,valid,PAU_001,航线航班,参照执行,operational,"[""港澳台地区""]",[],[],[],港澳台地区航线航班参照执行,T3,T4,True,[]
ZY0150_015,ZY0150,NA,body,（四）各航空公司应对申报材料的真实性和准确性负责，任意单位不得截留、挪用支持资金。审 核中发现虚报、瞒报的，将取消公司申请资格；对于违反国家法律、行政法规和有关规定的单位和个,valid,PAU_001,申报材料的真实性和准确性,负责,substantive,"[""航空公司""]",[],[],[],航空公司对申报材料的真实性和准确性负责,T3,T4,True,[]
ZY0150_015,ZY0150,NA,body,（四）各航空公司应对申报材料的真实性和准确性负责，任意单位不得截留、挪用支持资金。审 核中发现虚报、瞒报的，将取消公司申请资格；对于违反国家法律、行政法规和有关规定的单位和个,valid,PAU_002,支持资金,截留,operational,"[""任意单位""]",[],[],[],任意单位不得截留支持资金,T3,T4,True,[]
ZY0150_015,ZY0150,NA,body,（四）各航空公司应对申报材料的真实性和准确性负责，任意单位不得截留、挪用支持资金。审 核中发现虚报、瞒报的，将取消公司申请资格；对于违反国家法律、行政法规和有关规定的单位和个,valid,PAU_003,支持资金,挪用,operational,"[""任意单位""]",[],[],[],任意单位不得挪用支持资金,T3,T4,True,[]
ZY0150_015,ZY0150,NA,body,（四）各航空公司应对申报材料的真实性和准确性负责，任意单位不得截留、挪用支持资金。审 核中发现虚报、瞒报的，将取消公司申请资格；对于违反国家法律、行政法规和有关规定的单位和个,valid,PAU_004,公司申请资格,取消,operational,"[""审核中发现虚报、瞒报的""]",[],[],[],审核中发现虚报、瞒报的将取消公司申请资格,T3,T4,True,[]
ZY0150_015,ZY0150,NA,body,（四）各航空公司应对申报材料的真实性和准确性负责，任意单位不得截留、挪用支持资金。审 核中发现虚报、瞒报的，将取消公司申请资格；对于违反国家法律、行政法规和有关规定的单位和个,valid,PAU_005,国家法律、行政法规和有关规定,违反,operational,"[""单位和个人""]",[],[],[],单位和个人违反国家法律、行政法规和有关规定,T2,T3,False,[]
ZY0150_014,ZY0150,NA,body,（三）财政部根据民航局审核情况和相关标准向有关企业和地方拨付资金，其中：三大航的资金 由财政部直接拨付；其他国内航空公司通过中央对地方转移支付方式下达，由地方财政部门负责拨付 ；外国航空公司的资金纳入民航局部门预算，由民航局负责转拨。资金支付按照国库集中支付有关规 定执行。,valid,PAU_001,资金,拨付,operational,"[""三大航""]",[],[],[],向三大航拨付资金,T3,T4,True,[]
ZY0150_014,ZY0150,NA,body,（三）财政部根据民航局审核情况和相关标准向有关企业和地方拨付资金，其中：三大航的资金 由财政部直接拨付；其他国内航空公司通过中央对地方转移支付方式下达，由地方财政部门负责拨付 ；外国航空公司的资金纳入民航局部门预算，由民航局负责转拨。资金支付按照国库集中支付有关规 定执行。,valid,PAU_002,资金,下达,operational,"[""其他国内航空公司"", ""地方""]",[],[],[],向其他国内航空公司通过中央对地方转移支付方式下达资金,T3,T4,True,[]
ZY0150_014,ZY0150,NA,body,（三）财政部根据民航局审核情况和相关标准向有关企业和地方拨付资金，其中：三大航的资金 由财政部直接拨付；其他国内航空公司通过中央对地方转移支付方式下达，由地方财政部门负责拨付 ；外国航空公司的资金纳入民航局部门预算，由民航局负责转拨。资金支付按照国库集中支付有关规 定执行。,valid,PAU_003,资金,转拨,operational,"[""外国航空公司"", ""民航局""]",[],[],[],向外国航空公司由民航局负责转拨资金,T3,T4,True,[]
ZY0150_014,ZY0150,NA,body,（三）财政部根据民航局审核情况和相关标准向有关企业和地方拨付资金，其中：三大航的资金 由财政部直接拨付；其他国内航空公司通过中央对地方转移支付方式下达，由地方财政部门负责拨付 ；外国航空公司的资金纳入民航局部门预算，由民航局负责转拨。资金支付按照国库集中支付有关规 定执行。,valid,PAU_004,资金支付,执行,operational,"[""国库集中支付""]",[],[],[],按照国库集中支付有关规定执行资金支付,T3,T4,True,[]
DF0459_019,DF0459,H1,title,二、重点任务,valid,PAU_001,货运设施保障能力,提升,direction,[],[],[],[],货运设施保障能力,T2,T2,False,[]
DF0459_019,DF0459,H1,title,二、重点任务,valid,PAU_002,基础设施建设,加强,substantive,[],[],[],[],基础设施建设,T3,T3,False,[]
DF0459_020,DF0459,H2,title,（一）提升货运设施保障能力。,valid,PAU_001,货运设施保障能力,提升,direction,[],[],[],[],货运设施保障能力,T2,T2,False,[]
DF0459_021,DF0459,H3,title,1.加强基础设施建设。,valid,PAU_001,基础设施建设,加强,substantive,[],[],[],[],基础设施建设,T2,T2,False,[]
DF0459_023,DF0459,H3,title,2.提升装备专业化水平。,invalid,PAU_001,装备专业化水平,提升,direction,[],"[""专业化""]",[],[],装备专业化水平,T2,T3,False,"[""misclassified_专业化_as_S_focus_expected_S_stage""]"
DF0459_022,DF0459,NA,body,加快推进南京禄口机场三期工程、国际快件与跨境电商处理中心建设，优化完善货运设施布局。支持中国邮政集团加快建设南京国际货邮综合核心口岸，打造“邮、快、跨、普”全业务综合物流平台。加快实施无锡硕放机场改扩建工程，建成东部货运区工程、供油工程、国际邮件交换站，提升国际快件、跨境电商运营水平。推动南通兴东机场国际货库改扩建工程、盐城南洋机场飞行区等级提升工程，以及扬州泰州机场、淮安涟水机场跨境电商监管中心建设。加快完善机场货运集疏运体系。支持航空异地货站按照机场控制区安保要求和标准加快基础设施建设。（省发展改革委、省自然资源厅、省生态环境厅、省交通运输厅、省邮政管理局、民航江苏安全监管局、东部机场集团按职责分工负责。相关设区市人民政府为责任主体，下同，不再列出）,parse_failed,,,,,,,,,,,,,"[""parse_failed""]"
DF0459_026,DF0459,H3,title,1.打造精品航线网络。,valid,PAU_001,航线网络,打造,substantive,[],[],"[""精品""]",[],精品航线网络,T1,T2,False,[]
DF0459_025,DF0459,H2,title,（二）构建全球航空货运网络。,valid,PAU_001,航空货运网络,构建,substantive,"[""全球""]",[],[],[],全球航空货运网络,T1,T2,False,[]
DF0459_028,DF0459,H3,title,2.提升中转联运功能。,valid,PAU_001,中转联运功能,提升,direction,[],[],[],[],中转联运功能,T2,T2,False,[]
DF0459_024,DF0459,NA,body,适度超前完善南京禄口机场、无锡硕放机场、南通机场的快递、冷链、医药、活体动物、危险品及“空空联运”中转场地等货站设施及指定监管场地，按需加大升降平台车、分解组合平台、散货及集装货储存系统等设备投入，提升货站设施综合保障水平。适度提升徐州观音、常州奔牛、扬州泰州、盐城南洋、连云港花果山等机场的国际货站保障能力。按需加大机场口岸卫生检疫、动植物检疫和实货查验专业设施设备投入，加强专业力量配备。（省交通运输厅、南京海关、民航江苏安全监管局、东部机场集团按职责分工负责）,valid,PAU_001,货站设施,完善,substantive,"[""南京禄口机场"", ""无锡硕放机场"", ""南通机场""]",[],[],"[""快递"", ""冷链"", ""医药"", ""活体动物"", ""危险品"", ""空空中转""]",南京禄口机场、无锡硕放机场、南通机场快递、冷链、医药、活体动物、危险品及空空中转中转场地等货站设施,T3,T4,True,[]
DF0459_024,DF0459,NA,body,适度超前完善南京禄口机场、无锡硕放机场、南通机场的快递、冷链、医药、活体动物、危险品及“空空联运”中转场地等货站设施及指定监管场地，按需加大升降平台车、分解组合平台、散货及集装货储存系统等设备投入，提升货站设施综合保障水平。适度提升徐州观音、常州奔牛、扬州泰州、盐城南洋、连云港花果山等机场的国际货站保障能力。按需加大机场口岸卫生检疫、动植物检疫和实货查验专业设施设备投入，加强专业力量配备。（省交通运输厅、南京海关、民航江苏安全监管局、东部机场集团按职责分工负责）,valid,PAU_002,设备投入,加大,operational,"[""南京禄口机场"", ""无锡硕放机场"", ""南通机场""]",[],[],[],南京禄口机场、无锡硕放机场、南通机场升降平台车、分解组合平台、散货及集装货储存系统等设备投入,T4,T4,True,[]
DF0459_024,DF0459,NA,body,适度超前完善南京禄口机场、无锡硕放机场、南通机场的快递、冷链、医药、活体动物、危险品及“空空联运”中转场地等货站设施及指定监管场地，按需加大升降平台车、分解组合平台、散货及集装货储存系统等设备投入，提升货站设施综合保障水平。适度提升徐州观音、常州奔牛、扬州泰州、盐城南洋、连云港花果山等机场的国际货站保障能力。按需加大机场口岸卫生检疫、动植物检疫和实货查验专业设施设备投入，加强专业力量配备。（省交通运输厅、南京海关、民航江苏安全监管局、东部机场集团按职责分工负责）,valid,PAU_003,货站设施综合保障水平,提升,direction,"[""南京禄口机场"", ""无锡硕放机场"", ""南通机场""]",[],[],[],南京禄口机场、无锡硕放机场、南通机场货站设施综合保障水平,T2,T3,False,[]
DF0459_024,DF0459,NA,body,适度超前完善南京禄口机场、无锡硕放机场、南通机场的快递、冷链、医药、活体动物、危险品及“空空联运”中转场地等货站设施及指定监管场地，按需加大升降平台车、分解组合平台、散货及集装货储存系统等设备投入，提升货站设施综合保障水平。适度提升徐州观音、常州奔牛、扬州泰州、盐城南洋、连云港花果山等机场的国际货站保障能力。按需加大机场口岸卫生检疫、动植物检疫和实货查验专业设施设备投入，加强专业力量配备。（省交通运输厅、南京海关、民航江苏安全监管局、东部机场集团按职责分工负责）,valid,PAU_004,国际货站保障能力,提升,direction,"[""徐州观音机场"", ""常州奔牛机场"", ""扬州泰州机场"", ""盐城南洋机场"", ""连云港花果山机场""]",[],[],[],徐州观音、常州奔牛、扬州泰州、盐城南洋、连云港花果山等机场国际货站保障能力,T2,T3,False,[]
DF0459_024,DF0459,NA,body,适度超前完善南京禄口机场、无锡硕放机场、南通机场的快递、冷链、医药、活体动物、危险品及“空空联运”中转场地等货站设施及指定监管场地，按需加大升降平台车、分解组合平台、散货及集装货储存系统等设备投入，提升货站设施综合保障水平。适度提升徐州观音、常州奔牛、扬州泰州、盐城南洋、连云港花果山等机场的国际货站保障能力。按需加大机场口岸卫生检疫、动植物检疫和实货查验专业设施设备投入，加强专业力量配备。（省交通运输厅、南京海关、民航江苏安全监管局、东部机场集团按职责分工负责）,valid,PAU_005,专业设施设备投入,加大,operational,"[""机场口岸""]",[],[],[],机场口岸卫生检疫、动植物检疫和实货查验专业设施设备投入,T4,T4,True,[]
DF0459_024,DF0459,NA,body,适度超前完善南京禄口机场、无锡硕放机场、南通机场的快递、冷链、医药、活体动物、危险品及“空空联运”中转场地等货站设施及指定监管场地，按需加大升降平台车、分解组合平台、散货及集装货储存系统等设备投入，提升货站设施综合保障水平。适度提升徐州观音、常州奔牛、扬州泰州、盐城南洋、连云港花果山等机场的国际货站保障能力。按需加大机场口岸卫生检疫、动植物检疫和实货查验专业设施设备投入，加强专业力量配备。（省交通运输厅、南京海关、民航江苏安全监管局、东部机场集团按职责分工负责）,valid,PAU_006,专业力量配备,加强,intent,"[""机场口岸""]",[],[],[],机场口岸专业力量配备,T2,T3,False,[]
DF0459_030,DF0459,H3,title,3.强化行业资源供给。,valid,PAU_001,行业资源供给,强化,substantive,"[""行业""]",[],[],[],行业资源供给,T2,T3,False,[]
DF0459_027,DF0459,NA,body,南京禄口机场巩固和发展至北美、欧洲等枢纽机场的洲际货运航线，拓展至中东地区货运航线，积极开辟亚洲及“一带一路”重点产能合作国家和地区货运航线。无锡硕放机场以畅通先进制造业国际供应链、强化国际快件集散功能为核心，重点发展至欧洲、中北美洲的洲际货运航线，稳定运营亚洲货运航线。南通机场有效承接上海机场外溢货源，着力打造亚洲精品货运航线。其他机场根据当地经济发展实际需要，以腹舱带货为重点，统筹拓展国际航空货运业务。至2027年，南京禄口机场每周不少于3班的国际货运航线达到5条以上，其中每周不少于6班的高频精品洲际货运航线达到2条以上；无锡硕放机场每周不少于3班的洲际货运航线达到2条以上，亚洲货运航线达到2条以上；南通机场每周不少于3班的亚洲货运航线达到3条以上。（省交通运输厅、省商务厅、东部机场集团按职责分工负责）,valid,PAU_001,洲际货运航线,巩固,substantive,"[""北美"", ""欧洲"", ""枢纽""]",[],[],[],北美欧洲枢纽洲际货运航线,T3,T4,True,[]
DF0459_027,DF0459,NA,body,南京禄口机场巩固和发展至北美、欧洲等枢纽机场的洲际货运航线，拓展至中东地区货运航线，积极开辟亚洲及“一带一路”重点产能合作国家和地区货运航线。无锡硕放机场以畅通先进制造业国际供应链、强化国际快件集散功能为核心，重点发展至欧洲、中北美洲的洲际货运航线，稳定运营亚洲货运航线。南通机场有效承接上海机场外溢货源，着力打造亚洲精品货运航线。其他机场根据当地经济发展实际需要，以腹舱带货为重点，统筹拓展国际航空货运业务。至2027年，南京禄口机场每周不少于3班的国际货运航线达到5条以上，其中每周不少于6班的高频精品洲际货运航线达到2条以上；无锡硕放机场每周不少于3班的洲际货运航线达到2条以上，亚洲货运航线达到2条以上；南通机场每周不少于3班的亚洲货运航线达到3条以上。（省交通运输厅、省商务厅、东部机场集团按职责分工负责）,valid,PAU_002,洲际货运航线,发展,substantive,"[""北美"", ""欧洲"", ""枢纽""]",[],[],[],北美欧洲枢纽洲际货运航线,T3,T4,True,[]
DF0459_027,DF0459,NA,body,南京禄口机场巩固和发展至北美、欧洲等枢纽机场的洲际货运航线，拓展至中东地区货运航线，积极开辟亚洲及“一带一路”重点产能合作国家和地区货运航线。无锡硕放机场以畅通先进制造业国际供应链、强化国际快件集散功能为核心，重点发展至欧洲、中北美洲的洲际货运航线，稳定运营亚洲货运航线。南通机场有效承接上海机场外溢货源，着力打造亚洲精品货运航线。其他机场根据当地经济发展实际需要，以腹舱带货为重点，统筹拓展国际航空货运业务。至2027年，南京禄口机场每周不少于3班的国际货运航线达到5条以上，其中每周不少于6班的高频精品洲际货运航线达到2条以上；无锡硕放机场每周不少于3班的洲际货运航线达到2条以上，亚洲货运航线达到2条以上；南通机场每周不少于3班的亚洲货运航线达到3条以上。（省交通运输厅、省商务厅、东部机场集团按职责分工负责）,valid,PAU_003,货运航线,拓展,substantive,"[""中东""]",[],[],[],中东货运航线,T3,T4,True,[]
DF0459_027,DF0459,NA,body,南京禄口机场巩固和发展至北美、欧洲等枢纽机场的洲际货运航线，拓展至中东地区货运航线，积极开辟亚洲及“一带一路”重点产能合作国家和地区货运航线。无锡硕放机场以畅通先进制造业国际供应链、强化国际快件集散功能为核心，重点发展至欧洲、中北美洲的洲际货运航线，稳定运营亚洲货运航线。南通机场有效承接上海机场外溢货源，着力打造亚洲精品货运航线。其他机场根据当地经济发展实际需要，以腹舱带货为重点，统筹拓展国际航空货运业务。至2027年，南京禄口机场每周不少于3班的国际货运航线达到5条以上，其中每周不少于6班的高频精品洲际货运航线达到2条以上；无锡硕放机场每周不少于3班的洲际货运航线达到2条以上，亚洲货运航线达到2条以上；南通机场每周不少于3班的亚洲货运航线达到3条以上。（省交通运输厅、省商务厅、东部机场集团按职责分工负责）,valid,PAU_004,货运航线,开辟,substantive,"[""亚洲"", ""一带一路""]",[],[],[],亚洲一带一路货运航线,T3,T4,True,[]
DF0459_027,DF0459,NA,body,南京禄口机场巩固和发展至北美、欧洲等枢纽机场的洲际货运航线，拓展至中东地区货运航线，积极开辟亚洲及“一带一路”重点产能合作国家和地区货运航线。无锡硕放机场以畅通先进制造业国际供应链、强化国际快件集散功能为核心，重点发展至欧洲、中北美洲的洲际货运航线，稳定运营亚洲货运航线。南通机场有效承接上海机场外溢货源，着力打造亚洲精品货运航线。其他机场根据当地经济发展实际需要，以腹舱带货为重点，统筹拓展国际航空货运业务。至2027年，南京禄口机场每周不少于3班的国际货运航线达到5条以上，其中每周不少于6班的高频精品洲际货运航线达到2条以上；无锡硕放机场每周不少于3班的洲际货运航线达到2条以上，亚洲货运航线达到2条以上；南通机场每周不少于3班的亚洲货运航线达到3条以上。（省交通运输厅、省商务厅、东部机场集团按职责分工负责）,valid,PAU_005,洲际货运航线,发展,substantive,"[""欧洲"", ""中北美洲""]",[],[],[],欧洲中北美洲洲际货运航线,T3,T4,True,[]
DF0459_027,DF0459,NA,body,南京禄口机场巩固和发展至北美、欧洲等枢纽机场的洲际货运航线，拓展至中东地区货运航线，积极开辟亚洲及“一带一路”重点产能合作国家和地区货运航线。无锡硕放机场以畅通先进制造业国际供应链、强化国际快件集散功能为核心，重点发展至欧洲、中北美洲的洲际货运航线，稳定运营亚洲货运航线。南通机场有效承接上海机场外溢货源，着力打造亚洲精品货运航线。其他机场根据当地经济发展实际需要，以腹舱带货为重点，统筹拓展国际航空货运业务。至2027年，南京禄口机场每周不少于3班的国际货运航线达到5条以上，其中每周不少于6班的高频精品洲际货运航线达到2条以上；无锡硕放机场每周不少于3班的洲际货运航线达到2条以上，亚洲货运航线达到2条以上；南通机场每周不少于3班的亚洲货运航线达到3条以上。（省交通运输厅、省商务厅、东部机场集团按职责分工负责）,valid,PAU_006,亚洲货运航线,运营,operational,"[""亚洲""]",[],[],[],亚洲货运航线,T3,T4,True,[]
DF0459_027,DF0459,NA,body,南京禄口机场巩固和发展至北美、欧洲等枢纽机场的洲际货运航线，拓展至中东地区货运航线，积极开辟亚洲及“一带一路”重点产能合作国家和地区货运航线。无锡硕放机场以畅通先进制造业国际供应链、强化国际快件集散功能为核心，重点发展至欧洲、中北美洲的洲际货运航线，稳定运营亚洲货运航线。南通机场有效承接上海机场外溢货源，着力打造亚洲精品货运航线。其他机场根据当地经济发展实际需要，以腹舱带货为重点，统筹拓展国际航空货运业务。至2027年，南京禄口机场每周不少于3班的国际货运航线达到5条以上，其中每周不少于6班的高频精品洲际货运航线达到2条以上；无锡硕放机场每周不少于3班的洲际货运航线达到2条以上，亚洲货运航线达到2条以上；南通机场每周不少于3班的亚洲货运航线达到3条以上。（省交通运输厅、省商务厅、东部机场集团按职责分工负责）,valid,PAU_007,亚洲精品货运航线,打造,substantive,"[""亚洲""]",[],"[""精品""]",[],亚洲精品货运航线,T3,T4,True,[]
DF0459_027,DF0459,NA,body,南京禄口机场巩固和发展至北美、欧洲等枢纽机场的洲际货运航线，拓展至中东地区货运航线，积极开辟亚洲及“一带一路”重点产能合作国家和地区货运航线。无锡硕放机场以畅通先进制造业国际供应链、强化国际快件集散功能为核心，重点发展至欧洲、中北美洲的洲际货运航线，稳定运营亚洲货运航线。南通机场有效承接上海机场外溢货源，着力打造亚洲精品货运航线。其他机场根据当地经济发展实际需要，以腹舱带货为重点，统筹拓展国际航空货运业务。至2027年，南京禄口机场每周不少于3班的国际货运航线达到5条以上，其中每周不少于6班的高频精品洲际货运航线达到2条以上；无锡硕放机场每周不少于3班的洲际货运航线达到2条以上，亚洲货运航线达到2条以上；南通机场每周不少于3班的亚洲货运航线达到3条以上。（省交通运输厅、省商务厅、东部机场集团按职责分工负责）,valid,PAU_008,国际航空货运业务,拓展,substantive,"[""国际""]",[],[],[],国际航空货运业务,T2,T3,False,[]
DF0459_032,DF0459,H2,title,（三）增强市场培育组织能力。,valid,PAU_001,市场培育组织能力,增强,direction,[],[],[],[],市场培育组织能力,T2,T2,False,[]
DF0459_029,DF0459,NA,body,积极支持南京禄口机场、无锡硕放机场与航司、电商、货代等企业“抱团出海”，结合航线发展在境外选址建设运营海外货站等物流设施，延伸海外物流服务链条。加强与国内外航司合作，拓展“国际－国际”“国际－国内”空空中转业务，提升“国内－国际”空空中转时效。结合国际航线发展，加密卡车航班网点、密度，推广定班运营模式，与长三角主要城市、海关特殊监管区域及异地货站协调联动，构建覆盖500公里以上具有较强品牌影响力的空陆联运网络。积极探索空铁联运、低空无人机配送等联运新模式，研究推动航空异地货站与口岸机场间开通低空货运航线。（省交通运输厅、省商务厅、南京海关、民航江苏安全监管局、东部机场集团按职责分工负责）,parse_failed,,,,,,,,,,,,,"[""parse_failed""]"
DF0459_033,DF0459,H3,title,1.提升运力供给水平。,valid,PAU_001,运力供给水平,提升,direction,[],[],[],[],运力供给水平,T2,T2,False,[]
DF0459_031,DF0459,NA,body,持续深化空域精细化管理改革，强化空域、航线、机场等资源的统筹协调，提升空管服务保障水平。积极争取加大南京禄口、无锡硕放等机场时刻容量供给，放宽机场高峰时段国际货运航班时刻限制，进一步提高全货机日利用率和机场货运服务设施设备利用率。积极争取扩大国际货运航权安排，充分利用和放大第五航权。（省委军民融合办、省交通运输厅、民航江苏安全监管局、民航江苏空管分局、东部机场集团按职责分工负责）,valid,PAU_001,空域精细化管理改革,深化,substantive,[],[],[],[],空域精细化管理改革,T2,T2,False,[]
DF0459_031,DF0459,NA,body,持续深化空域精细化管理改革，强化空域、航线、机场等资源的统筹协调，提升空管服务保障水平。积极争取加大南京禄口、无锡硕放等机场时刻容量供给，放宽机场高峰时段国际货运航班时刻限制，进一步提高全货机日利用率和机场货运服务设施设备利用率。积极争取扩大国际货运航权安排，充分利用和放大第五航权。（省委军民融合办、省交通运输厅、民航江苏安全监管局、民航江苏空管分局、东部机场集团按职责分工负责）,valid,PAU_002,统筹协调,强化,substantive,"[""空域"", ""航线"", ""机场""]",[],[],[],空域航线机场资源统筹协调,T2,T3,False,[]
DF0459_031,DF0459,NA,body,持续深化空域精细化管理改革，强化空域、航线、机场等资源的统筹协调，提升空管服务保障水平。积极争取加大南京禄口、无锡硕放等机场时刻容量供给，放宽机场高峰时段国际货运航班时刻限制，进一步提高全货机日利用率和机场货运服务设施设备利用率。积极争取扩大国际货运航权安排，充分利用和放大第五航权。（省委军民融合办、省交通运输厅、民航江苏安全监管局、民航江苏空管分局、东部机场集团按职责分工负责）,valid,PAU_003,水平,提升,direction,"[""空管服务保障""]",[],[],[],空管服务保障水平,T2,T3,False,[]
DF0459_031,DF0459,NA,body,持续深化空域精细化管理改革，强化空域、航线、机场等资源的统筹协调，提升空管服务保障水平。积极争取加大南京禄口、无锡硕放等机场时刻容量供给，放宽机场高峰时段国际货运航班时刻限制，进一步提高全货机日利用率和机场货运服务设施设备利用率。积极争取扩大国际货运航权安排，充分利用和放大第五航权。（省委军民融合办、省交通运输厅、民航江苏安全监管局、民航江苏空管分局、东部机场集团按职责分工负责）,valid,PAU_004,时刻容量供给,争取,intent,"[""南京禄口"", ""无锡硕放""]",[],[],[],南京禄口无锡硕放机场时刻容量供给,T3,T4,True,[]
DF0459_031,DF0459,NA,body,持续深化空域精细化管理改革，强化空域、航线、机场等资源的统筹协调，提升空管服务保障水平。积极争取加大南京禄口、无锡硕放等机场时刻容量供给，放宽机场高峰时段国际货运航班时刻限制，进一步提高全货机日利用率和机场货运服务设施设备利用率。积极争取扩大国际货运航权安排，充分利用和放大第五航权。（省委军民融合办、省交通运输厅、民航江苏安全监管局、民航江苏空管分局、东部机场集团按职责分工负责）,valid,PAU_005,时刻限制,放宽,operational,"[""机场高峰时段"", ""国际货运航班""]",[],[],[],机场高峰时段国际货运航班时刻限制,T3,T4,True,[]
DF0459_031,DF0459,NA,body,持续深化空域精细化管理改革，强化空域、航线、机场等资源的统筹协调，提升空管服务保障水平。积极争取加大南京禄口、无锡硕放等机场时刻容量供给，放宽机场高峰时段国际货运航班时刻限制，进一步提高全货机日利用率和机场货运服务设施设备利用率。积极争取扩大国际货运航权安排，充分利用和放大第五航权。（省委军民融合办、省交通运输厅、民航江苏安全监管局、民航江苏空管分局、东部机场集团按职责分工负责）,valid,PAU_006,利用率,提高,direction,[],[],[],"[""全货机""]",全货机日利用率,T3,T3.5,False,[]
DF0459_031,DF0459,NA,body,持续深化空域精细化管理改革，强化空域、航线、机场等资源的统筹协调，提升空管服务保障水平。积极争取加大南京禄口、无锡硕放等机场时刻容量供给，放宽机场高峰时段国际货运航班时刻限制，进一步提高全货机日利用率和机场货运服务设施设备利用率。积极争取扩大国际货运航权安排，充分利用和放大第五航权。（省委军民融合办、省交通运输厅、民航江苏安全监管局、民航江苏空管分局、东部机场集团按职责分工负责）,valid,PAU_007,利用率,提高,direction,"[""机场货运服务设施设备""]",[],[],[],机场货运服务设施设备利用率,T3,T4,False,[]
DF0459_031,DF0459,NA,body,持续深化空域精细化管理改革，强化空域、航线、机场等资源的统筹协调，提升空管服务保障水平。积极争取加大南京禄口、无锡硕放等机场时刻容量供给，放宽机场高峰时段国际货运航班时刻限制，进一步提高全货机日利用率和机场货运服务设施设备利用率。积极争取扩大国际货运航权安排，充分利用和放大第五航权。（省委军民融合办、省交通运输厅、民航江苏安全监管局、民航江苏空管分局、东部机场集团按职责分工负责）,valid,PAU_008,航权安排,争取,intent,"[""国际货运""]",[],[],[],国际货运航权安排,T2,T3,False,[]
DF0459_031,DF0459,NA,body,持续深化空域精细化管理改革，强化空域、航线、机场等资源的统筹协调，提升空管服务保障水平。积极争取加大南京禄口、无锡硕放等机场时刻容量供给，放宽机场高峰时段国际货运航班时刻限制，进一步提高全货机日利用率和机场货运服务设施设备利用率。积极争取扩大国际货运航权安排，充分利用和放大第五航权。（省委军民融合办、省交通运输厅、民航江苏安全监管局、民航江苏空管分局、东部机场集团按职责分工负责）,valid,PAU_009,第五航权,利用,operational,[],[],[],[],第五航权,T3,T3,True,[]
DF0459_031,DF0459,NA,body,持续深化空域精细化管理改革，强化空域、航线、机场等资源的统筹协调，提升空管服务保障水平。积极争取加大南京禄口、无锡硕放等机场时刻容量供给，放宽机场高峰时段国际货运航班时刻限制，进一步提高全货机日利用率和机场货运服务设施设备利用率。积极争取扩大国际货运航权安排，充分利用和放大第五航权。（省委军民融合办、省交通运输厅、民航江苏安全监管局、民航江苏空管分局、东部机场集团按职责分工负责）,valid,PAU_010,第五航权,放大,operational,[],[],[],[],第五航权,T3,T3,True,[]
DF0459_035,DF0459,H3,title,2.培育物流龙头企业。,valid,PAU_001,物流龙头企业,培育,substantive,[],[],[],[],物流龙头企业,T3,T3,True,[]
DF0459_037,DF0459,H3,title,3.提升货源组织能力。,valid,PAU_001,货源组织能力,提升,direction,[],[],[],[],提升货源组织能力,T2,T2,False,[]
DF0459_038,DF0459,NA,body,鼓励机场和货运航空公司与经开区、高新区、综合保税区等开放载体深化合作，围绕集成电路、生物医药、智能制造等先进制造业集群发展，建立精准化航空物流供需服务对接机制。加快建设苏州航空异地货站，推动机场货站功能前置，积极探索出口货物“属地交货、属地安检、属地报关、属地放行、集拼运输”等创新模式。支持各机场设立异地货站，提升服务质效。（省发展改革委、省工业和信息化厅、省交通运输厅、省商务厅、南京海关、民航江苏安全监管局、东部机场集团按职责分工负责）,valid,PAU_001,机场和货运航空公司与经开区、高新区、综合保税区等开放载体,深化合作,operational,"[""经开区"", ""高新区"", ""综合保税区""]",[],[],[],机场和货运航空公司与经开区、高新区、综合保税区等开放载体深化合作,T3,T4,True,[]
DF0459_038,DF0459,NA,body,鼓励机场和货运航空公司与经开区、高新区、综合保税区等开放载体深化合作，围绕集成电路、生物医药、智能制造等先进制造业集群发展，建立精准化航空物流供需服务对接机制。加快建设苏州航空异地货站，推动机场货站功能前置，积极探索出口货物“属地交货、属地安检、属地报关、属地放行、集拼运输”等创新模式。支持各机场设立异地货站，提升服务质效。（省发展改革委、省工业和信息化厅、省交通运输厅、省商务厅、南京海关、民航江苏安全监管局、东部机场集团按职责分工负责）,valid,PAU_002,航空物流供需服务对接机制,建立,substantive,"[""集成电路"", ""生物医药"", ""智能制造""]",[],[],[],围绕集成电路、生物医药、智能制造等先进制造业集群发展的精准化航空物流供需服务对接机制,T2,T3,False,[]
DF0459_038,DF0459,NA,body,鼓励机场和货运航空公司与经开区、高新区、综合保税区等开放载体深化合作，围绕集成电路、生物医药、智能制造等先进制造业集群发展，建立精准化航空物流供需服务对接机制。加快建设苏州航空异地货站，推动机场货站功能前置，积极探索出口货物“属地交货、属地安检、属地报关、属地放行、集拼运输”等创新模式。支持各机场设立异地货站，提升服务质效。（省发展改革委、省工业和信息化厅、省交通运输厅、省商务厅、南京海关、民航江苏安全监管局、东部机场集团按职责分工负责）,valid,PAU_003,苏州航空异地货站,建设,substantive,"[""苏州""]",[],[],[],苏州航空异地货站,T3,T4,True,[]
DF0459_038,DF0459,NA,body,鼓励机场和货运航空公司与经开区、高新区、综合保税区等开放载体深化合作，围绕集成电路、生物医药、智能制造等先进制造业集群发展，建立精准化航空物流供需服务对接机制。加快建设苏州航空异地货站，推动机场货站功能前置，积极探索出口货物“属地交货、属地安检、属地报关、属地放行、集拼运输”等创新模式。支持各机场设立异地货站，提升服务质效。（省发展改革委、省工业和信息化厅、省交通运输厅、省商务厅、南京海关、民航江苏安全监管局、东部机场集团按职责分工负责）,valid,PAU_004,机场货站功能前置,推动,operational,"[""机场货站""]",[],[],[],机场货站功能前置,T3,T4,True,[]
DF0459_038,DF0459,NA,body,鼓励机场和货运航空公司与经开区、高新区、综合保税区等开放载体深化合作，围绕集成电路、生物医药、智能制造等先进制造业集群发展，建立精准化航空物流供需服务对接机制。加快建设苏州航空异地货站，推动机场货站功能前置，积极探索出口货物“属地交货、属地安检、属地报关、属地放行、集拼运输”等创新模式。支持各机场设立异地货站，提升服务质效。（省发展改革委、省工业和信息化厅、省交通运输厅、省商务厅、南京海关、民航江苏安全监管局、东部机场集团按职责分工负责）,valid,PAU_005,出口货物“属地交货、属地安检、属地报关、属地放行、集拼运输”等创新模式,探索,intent,[],[],[],[],出口货物属地交货、属地安检、属地报关、属地放行、集拼运输等创新模式,T3,T3,False,[]
DF0459_038,DF0459,NA,body,鼓励机场和货运航空公司与经开区、高新区、综合保税区等开放载体深化合作，围绕集成电路、生物医药、智能制造等先进制造业集群发展，建立精准化航空物流供需服务对接机制。加快建设苏州航空异地货站，推动机场货站功能前置，积极探索出口货物“属地交货、属地安检、属地报关、属地放行、集拼运输”等创新模式。支持各机场设立异地货站，提升服务质效。（省发展改革委、省工业和信息化厅、省交通运输厅、省商务厅、南京海关、民航江苏安全监管局、东部机场集团按职责分工负责）,valid,PAU_006,各机场设立异地货站,支持,intent,"[""机场""]",[],[],[],各机场设立异地货站,T3,T4,False,[]
DF0459_038,DF0459,NA,body,鼓励机场和货运航空公司与经开区、高新区、综合保税区等开放载体深化合作，围绕集成电路、生物医药、智能制造等先进制造业集群发展，建立精准化航空物流供需服务对接机制。加快建设苏州航空异地货站，推动机场货站功能前置，积极探索出口货物“属地交货、属地安检、属地报关、属地放行、集拼运输”等创新模式。支持各机场设立异地货站，提升服务质效。（省发展改革委、省工业和信息化厅、省交通运输厅、省商务厅、南京海关、民航江苏安全监管局、东部机场集团按职责分工负责）,valid,PAU_007,服务质效,提升,direction,[],[],[],[],服务质效,T2,T2,False,[]
DF0459_034,DF0459,NA,body,积极引进国内外骨干航空公司加大运力投放，重点开通洲际全货机航线，提高国际客运航班腹舱载运率。支持基地货运航空公司持续扩大机队规模，结合市场需求布局国际货运航线网络。支持各货运航空公司与快递、物流龙头企业深化合作，共同开发中转联运产品，拓展中转集拼业务。支持货运包机企业打造“虚拟承运人”，定班运作国际货运航线，强化运力采购、运行保障、舱位分销和“一站式”物流服务能力。积极探索通过股权投资、飞机湿租和托管等方式，与货运航空公司开展资本合作，强化运力自主可控。（省交通运输厅、民航江苏安全监管局、东部机场集团按职责分工负责）,parse_failed,,,,,,,,,,,,,"[""parse_failed""]"
DF0459_039,DF0459,H3,title,4.推进临空经济发展。,valid,PAU_001,临空经济发展,推进,direction,[],[],[],[],临空经济发展,T2,T2,False,[]
DF0459_036,DF0459,NA,body,积极引进全球知名的航空货运代理企业、电商头部企业，推动其全国总部、区域总部、功能总部和分拨中心等落户江苏，培育航空物流产业生态圈。积极支持国内领先的物流企业拓展国际航空物流业务，实现运力资源高效整合、精准匹配，提升国际航空物流供应链综合集成能力。鼓励航空物流龙头企业、电商头部企业、航空异地货站运营单位参与机场货站、物流园区的规划、建设和运营。（省交通运输厅、省商务厅、省邮政管理局、东部机场集团按职责分工负责）,parse_failed,,,,,,,,,,,,,"[""parse_failed""]"
DF0459_041,DF0459,H2,title,（四）提高物流服务保障效率。,valid,PAU_001,物流服务保障效率,提高,direction,[],[],[],[],物流服务保障效率,T2,T2,False,[]
DF0459_042,DF0459,H3,title,1.强化服务保障能力。,valid,PAU_001,服务保障能力,强化,substantive,[],[],[],[],服务保障能力,T2,T2,False,[]
DF0459_043,DF0459,NA,body,优化货运设施空侧、陆侧运输流线组织，确保场内货运组织便捷畅通。在确保飞行区安全、满足民航安检规范前提下，推动跨境电商产业园区与机场货站实现一体监管、空侧直连、无缝衔接。南京禄口、无锡硕放等机场对标国际一流货站提升专业化服务水平，公布并严格履行进港接卸交接、分解理货时限及出港交运差错率等服务承诺。（省交通运输厅、省商务厅、南京海关、民航江苏监管局、东部机场集团按职责分工负责）,valid,PAU_001,货运设施空侧、陆侧运输流线组织,优化,substantive,[],[],[],[],货运设施空侧、陆侧运输流线组织,T3,T3,True,[]
DF0459_043,DF0459,NA,body,优化货运设施空侧、陆侧运输流线组织，确保场内货运组织便捷畅通。在确保飞行区安全、满足民航安检规范前提下，推动跨境电商产业园区与机场货站实现一体监管、空侧直连、无缝衔接。南京禄口、无锡硕放等机场对标国际一流货站提升专业化服务水平，公布并严格履行进港接卸交接、分解理货时限及出港交运差错率等服务承诺。（省交通运输厅、省商务厅、南京海关、民航江苏监管局、东部机场集团按职责分工负责）,valid,PAU_002,场内货运组织,确保,intent,[],[],[],[],场内货运组织便捷畅通,T3,T3,False,[]
DF0459_043,DF0459,NA,body,优化货运设施空侧、陆侧运输流线组织，确保场内货运组织便捷畅通。在确保飞行区安全、满足民航安检规范前提下，推动跨境电商产业园区与机场货站实现一体监管、空侧直连、无缝衔接。南京禄口、无锡硕放等机场对标国际一流货站提升专业化服务水平，公布并严格履行进港接卸交接、分解理货时限及出港交运差错率等服务承诺。（省交通运输厅、省商务厅、南京海关、民航江苏监管局、东部机场集团按职责分工负责）,valid,PAU_003,跨境电商产业园区与机场货站,推动,operational,[],[],[],[],跨境电商产业园区与机场货站一体监管、空侧直连、无缝衔接,T3,T3,True,[]
DF0459_043,DF0459,NA,body,优化货运设施空侧、陆侧运输流线组织，确保场内货运组织便捷畅通。在确保飞行区安全、满足民航安检规范前提下，推动跨境电商产业园区与机场货站实现一体监管、空侧直连、无缝衔接。南京禄口、无锡硕放等机场对标国际一流货站提升专业化服务水平，公布并严格履行进港接卸交接、分解理货时限及出港交运差错率等服务承诺。（省交通运输厅、省商务厅、南京海关、民航江苏监管局、东部机场集团按职责分工负责）,valid,PAU_004,国际一流货站,对标,direction,"[""国际""]",[],[],[],国际一流货站,T3,T4,False,[]
DF0459_043,DF0459,NA,body,优化货运设施空侧、陆侧运输流线组织，确保场内货运组织便捷畅通。在确保飞行区安全、满足民航安检规范前提下，推动跨境电商产业园区与机场货站实现一体监管、空侧直连、无缝衔接。南京禄口、无锡硕放等机场对标国际一流货站提升专业化服务水平，公布并严格履行进港接卸交接、分解理货时限及出港交运差错率等服务承诺。（省交通运输厅、省商务厅、南京海关、民航江苏监管局、东部机场集团按职责分工负责）,valid,PAU_005,专业化服务水平,提升,direction,"[""航空"", ""枢纽""]",[],[],[],航空枢纽专业化服务水平,T2,T4,False,[]
DF0459_043,DF0459,NA,body,优化货运设施空侧、陆侧运输流线组织，确保场内货运组织便捷畅通。在确保飞行区安全、满足民航安检规范前提下，推动跨境电商产业园区与机场货站实现一体监管、空侧直连、无缝衔接。南京禄口、无锡硕放等机场对标国际一流货站提升专业化服务水平，公布并严格履行进港接卸交接、分解理货时限及出港交运差错率等服务承诺。（省交通运输厅、省商务厅、南京海关、民航江苏监管局、东部机场集团按职责分工负责）,valid,PAU_006,服务承诺,公布,operational,[],[],[],[],进港接卸交接、分解理货时限及出港交运差错率等服务承诺,T4,T4,True,[]
DF0459_043,DF0459,NA,body,优化货运设施空侧、陆侧运输流线组织，确保场内货运组织便捷畅通。在确保飞行区安全、满足民航安检规范前提下，推动跨境电商产业园区与机场货站实现一体监管、空侧直连、无缝衔接。南京禄口、无锡硕放等机场对标国际一流货站提升专业化服务水平，公布并严格履行进港接卸交接、分解理货时限及出港交运差错率等服务承诺。（省交通运输厅、省商务厅、南京海关、民航江苏监管局、东部机场集团按职责分工负责）,valid,PAU_007,服务承诺,履行,operational,[],[],[],[],进港接卸交接、分解理货时限及出港交运差错率等服务承诺,T4,T4,True,[]
DF0459_040,DF0459,NA,body,加快建设国家级南京临空经济示范区，推进区港一体规划、合作运营。以南京空港型国家物流枢纽为支撑，积极引进航空货运企业落户，推动进口贸易中心、国际分拨中心建设，引导临空指向型产业资源进一步在示范区集聚，促进临空经济与国际航空货运融合发展。支持无锡市争创国家级临空经济示范区，深化全国快递产业集聚发展示范园区建设。支持南通等市开展临空经济区规划建设。支持扬州市、泰州市结合扬州泰州机场二期扩建工程规划建设临空物流产业园。支持徐州市结合徐州观音机场国际货运站建设打造淮海经济区空港型物流枢纽。鼓励各机场打造航空运输、飞机维修、物流仓储等国际航空货运服务产业链，培育具有临空特色的现代服务、先进制造和智慧物流相关产业。（省发展改革委、省工业和信息化厅、省交通运输厅、省邮政管理局、东部机场集团按职责分工负责）,parse_failed,,,,,,,,,,,,,"[""parse_failed""]"
DF0459_046,DF0459,H3,title,3.提升口岸通关效率。,valid,PAU_001,口岸通关效率,提升,direction,"[""口岸""]",[],[],[],口岸通关效率,T2,T3,False,[]
DF0459_044,DF0459,H3,title,2.优化简化安检流程。,valid,PAU_001,安检流程,优化,substantive,[],[],[],[],优化安检流程,T3,T3,True,[]
DF0459_044,DF0459,H3,title,2.优化简化安检流程。,valid,PAU_002,安检流程,简化,substantive,[],[],[],[],简化安检流程,T3,T3,True,[]
DF0459_048,DF0459,H3,title,4.推进智慧物流建设。,valid,PAU_001,智慧物流建设,推进,substantive,[],"[""智慧""]",[],[],智慧物流建设,T2,T2,False,[]
DF0459_045,DF0459,NA,body,落实民航行业管理部门关于完善货运安保链条管理的部署要求，支持各机场在电子产品、集成电路、生物医药等重点行业建立基于信用管理的托运人白名单制度，探索各安检责任主体间白名单互认，提升安检效率。支持省内航空异地货站与口岸机场建立系统联通，实行“一次安检”。南京禄口、无锡硕放等机场加快开展跨境电商货物便利化运输，建立特货敏货便利化运输准入机制，在做好数据对接、分类识别等基础上，有效简化化妆品、含锂电池、弱磁类等货物收运手续。（民航江苏安全监管局、东部机场集团按职责分工负责）,valid,PAU_001,部署要求,落实,operational,"[""民航""]",[],[],[],民航部署要求,T2,T3,False,[]
DF0459_045,DF0459,NA,body,落实民航行业管理部门关于完善货运安保链条管理的部署要求，支持各机场在电子产品、集成电路、生物医药等重点行业建立基于信用管理的托运人白名单制度，探索各安检责任主体间白名单互认，提升安检效率。支持省内航空异地货站与口岸机场建立系统联通，实行“一次安检”。南京禄口、无锡硕放等机场加快开展跨境电商货物便利化运输，建立特货敏货便利化运输准入机制，在做好数据对接、分类识别等基础上，有效简化化妆品、含锂电池、弱磁类等货物收运手续。（民航江苏安全监管局、东部机场集团按职责分工负责）,valid,PAU_002,托运人白名单制度,支持,intent,"[""机场"", ""电子产品"", ""集成电路"", ""生物医药""]",[],[],[],机场在重点行业建立基于信用管理的托运人白名单制度,T3,T4,True,[]
DF0459_045,DF0459,NA,body,落实民航行业管理部门关于完善货运安保链条管理的部署要求，支持各机场在电子产品、集成电路、生物医药等重点行业建立基于信用管理的托运人白名单制度，探索各安检责任主体间白名单互认，提升安检效率。支持省内航空异地货站与口岸机场建立系统联通，实行“一次安检”。南京禄口、无锡硕放等机场加快开展跨境电商货物便利化运输，建立特货敏货便利化运输准入机制，在做好数据对接、分类识别等基础上，有效简化化妆品、含锂电池、弱磁类等货物收运手续。（民航江苏安全监管局、东部机场集团按职责分工负责）,valid,PAU_003,白名单互认,探索,intent,"[""安检责任主体""]",[],[],[],安检责任主体间白名单互认,T3,T4,True,[]
DF0459_045,DF0459,NA,body,落实民航行业管理部门关于完善货运安保链条管理的部署要求，支持各机场在电子产品、集成电路、生物医药等重点行业建立基于信用管理的托运人白名单制度，探索各安检责任主体间白名单互认，提升安检效率。支持省内航空异地货站与口岸机场建立系统联通，实行“一次安检”。南京禄口、无锡硕放等机场加快开展跨境电商货物便利化运输，建立特货敏货便利化运输准入机制，在做好数据对接、分类识别等基础上，有效简化化妆品、含锂电池、弱磁类等货物收运手续。（民航江苏安全监管局、东部机场集团按职责分工负责）,valid,PAU_004,安检效率,提升,direction,[],[],[],[],安检效率,T2,T2,False,[]
DF0459_045,DF0459,NA,body,落实民航行业管理部门关于完善货运安保链条管理的部署要求，支持各机场在电子产品、集成电路、生物医药等重点行业建立基于信用管理的托运人白名单制度，探索各安检责任主体间白名单互认，提升安检效率。支持省内航空异地货站与口岸机场建立系统联通，实行“一次安检”。南京禄口、无锡硕放等机场加快开展跨境电商货物便利化运输，建立特货敏货便利化运输准入机制，在做好数据对接、分类识别等基础上，有效简化化妆品、含锂电池、弱磁类等货物收运手续。（民航江苏安全监管局、东部机场集团按职责分工负责）,valid,PAU_005,系统联通,支持,intent,"[""省内"", ""航空异地货站"", ""口岸机场""]",[],[],[],省内航空异地货站与口岸机场系统联通,T3,T4,True,[]
DF0459_045,DF0459,NA,body,落实民航行业管理部门关于完善货运安保链条管理的部署要求，支持各机场在电子产品、集成电路、生物医药等重点行业建立基于信用管理的托运人白名单制度，探索各安检责任主体间白名单互认，提升安检效率。支持省内航空异地货站与口岸机场建立系统联通，实行“一次安检”。南京禄口、无锡硕放等机场加快开展跨境电商货物便利化运输，建立特货敏货便利化运输准入机制，在做好数据对接、分类识别等基础上，有效简化化妆品、含锂电池、弱磁类等货物收运手续。（民航江苏安全监管局、东部机场集团按职责分工负责）,valid,PAU_006,一次安检,实行,operational,[],[],[],[],一次安检,T3,T3,True,[]
DF0459_045,DF0459,NA,body,落实民航行业管理部门关于完善货运安保链条管理的部署要求，支持各机场在电子产品、集成电路、生物医药等重点行业建立基于信用管理的托运人白名单制度，探索各安检责任主体间白名单互认，提升安检效率。支持省内航空异地货站与口岸机场建立系统联通，实行“一次安检”。南京禄口、无锡硕放等机场加快开展跨境电商货物便利化运输，建立特货敏货便利化运输准入机制，在做好数据对接、分类识别等基础上，有效简化化妆品、含锂电池、弱磁类等货物收运手续。（民航江苏安全监管局、东部机场集团按职责分工负责）,valid,PAU_007,跨境电商货物便利化运输,开展,operational,"[""南京禄口"", ""无锡硕放"", ""跨境电商""]",[],[],[],南京禄口、无锡硕放等机场跨境电商货物便利化运输,T3,T4,True,[]
DF0459_045,DF0459,NA,body,落实民航行业管理部门关于完善货运安保链条管理的部署要求，支持各机场在电子产品、集成电路、生物医药等重点行业建立基于信用管理的托运人白名单制度，探索各安检责任主体间白名单互认，提升安检效率。支持省内航空异地货站与口岸机场建立系统联通，实行“一次安检”。南京禄口、无锡硕放等机场加快开展跨境电商货物便利化运输，建立特货敏货便利化运输准入机制，在做好数据对接、分类识别等基础上，有效简化化妆品、含锂电池、弱磁类等货物收运手续。（民航江苏安全监管局、东部机场集团按职责分工负责）,valid,PAU_008,特货敏货便利化运输准入机制,建立,substantive,[],[],[],[],特货敏货便利化运输准入机制,T3,T3,True,[]
DF0459_045,DF0459,NA,body,落实民航行业管理部门关于完善货运安保链条管理的部署要求，支持各机场在电子产品、集成电路、生物医药等重点行业建立基于信用管理的托运人白名单制度，探索各安检责任主体间白名单互认，提升安检效率。支持省内航空异地货站与口岸机场建立系统联通，实行“一次安检”。南京禄口、无锡硕放等机场加快开展跨境电商货物便利化运输，建立特货敏货便利化运输准入机制，在做好数据对接、分类识别等基础上，有效简化化妆品、含锂电池、弱磁类等货物收运手续。（民航江苏安全监管局、东部机场集团按职责分工负责）,valid,PAU_009,货物收运手续,简化,operational,"[""化妆品"", ""含锂电池"", ""弱磁类""]",[],[],[],化妆品、含锂电池、弱磁类货物收运手续简化,T3,T4,True,[]
DF0459_047,DF0459,NA,body,符合条件的机场实施7×24小时无障碍预约通关，根据需要设置邮件快件、跨境电商、转关货物通关绿色通道。积极探索出口货物收运分流、出口空运联程转关快速验放、出口电商货物安检收运理货“三合一”新模式。有序推广“卡车航班”“机坪直提”模式，力争实现跨境货物一次申报、一次验放。对进口重要设备、关键零部件、生物医药等实施通关查验便利化措施。推广应用提前申报、两步申报、两段准入等通关模式。（南京海关、东部机场集团按职责分工负责）,parse_failed,,,,,,,,,,,,,"[""parse_failed""]"
DF0459_049,DF0459,NA,body,推动口岸机场、航空公司、货代企业、航空异地货站及查验监管单位数据互联共享，加快形成以航空电子运单为基础的航空物流操作流程，力争实现单证“无纸化”流转和人员“零接触”交流。针对高附加值货物积极争取将主（分）运单管理模式细化到最小包装单元，构建货物提取时间精准可控、位置实时可查、状态全面感知的全流程追踪服务体系。建立开放的客户导向的航空物流公共服务平台，为航司、机场、货代、货主以及海关等部门提供全过程一体化信息服务，有效提升航空物流效率和监管能力。具备条件的机场加快AI技术应用，逐步实现智能审图替代人工审图，提升安检、通关效率。（省发展改革委、省交通运输厅、省商务厅、南京海关、民航江苏安全监管局、东部机场集团按职责分工负责）,parse_failed,,,,,,,,,,,,,"[""parse_failed""]"
