node_id,track,tool_nature,parent_title,pau_final,pau_std_v10,guard_tags_v10,owner_window_size_v10,normalization_log_v10
TA_001,track_a,,（一）提升货运设施保障能力。,货运设施保障能力,货运设施保障能力,,20,原结构已符合规范，方向性动词与宾语边界清晰，保守保留原样。
TA_002,track_a,,1.加强基础设施建设。,基础设施建设,基础设施建设,,20,保持原components结构，M保留政策动词，pau维持O+A标准格式，未触发特殊规则。
TA_003,track_a,,2.提升装备专业化水平。,装备专业化水平,装备专业化水平,,20,结构已符合规范，方向动词与宾语边界清晰，保守保留原样。
TA_004,track_a,,（二）构建全球航空货运网络。,全球航空货运网络,全球航空货运网络,,20,未触发引进落户或并列拆分规则；保守保留原components结构与pau_final表述。
TA_005,track_a,,1.打造精品航线网络。,精品航线网络,精品航线网络打造,,20,保持原组件结构不变；将pau_final统一为宾语+动作的标准表述格式。
TA_006,track_a,,2.提升中转联运功能。,中转联运功能,中转联运功能,,20,保持原结构，提升为方向性动词，中转联运功能为核心对象，未触发拆分或改写规则。
TA_007,track_a,,3.强化行业资源供给。,行业资源供给,行业资源供给,,20,原结构已符合规范，强化作为方向性动词保留，行业资源供给作为核心宾语保留，未做拆分或改写。
TA_008,track_a,,（三）增强市场培育组织能力。,市场培育组织能力,市场培育组织能力,,20,保持原结构，方向动词与宾语边界清晰，符合track_a规范，无需调整。
TA_009,track_a,,1.提升运力供给水平。,运力供给水平,运力供给水平,,20,保持原方向性动词与宾语结构，未触发拆分或合并规则，结构已稳定。
TA_010,track_a,,2.培育物流龙头企业。,物流龙头企业,物流龙头企业,,20,未触发引进落户或并列动作规则，保持原A与O结构，A_type维持direction。
TA_011,track_a,,3.提升货源组织能力。,货源组织能力,货源组织能力,,20,保持原结构，符合track_a方向性动词提取规范
TA_012,track_a,,4.推进临空经济发展。,临空经济发展,临空经济发展,,20,保持原结构，推进为方向性动作，临空经济发展为核心对象，未触发拆分或合并规则。
TA_013,track_a,,（四）提高物流服务保障效率。,物流服务保障效率,物流服务保障效率,,20,原结构已符合规范，方向性动作与对象边界清晰，未触发拆分或合并规则，保持保守输出。
TA_014,track_a,,1.强化服务保障能力。,服务保障能力,服务保障能力,,20,保持原结构，方向动词与宾语边界清晰，无需调整。
TA_015,track_a,,2.优化简化安检流程。,安检流程,安检流程,,20,未触发引进/落户及MVP并列规则，保守保留原动作与对象，未做拆分或改写。
TA_016,track_a,,3.提升口岸通关效率。,口岸通关效率,口岸通关效率,,20,当前节点结构已符合规范，未触发引进落户或并列动作规则，保守保持原样。
TA_017,track_a,,4.推进智慧物流建设。,智慧物流建设,智慧物流建设,,20,结构已符合规范，保留推进于M，pau统一为对象加实质动作格式
TA_018,track_a,,一、科学统筹推进枢纽建设,枢纽建设,枢纽建设,,20,保守保留原M修饰词与A/O结构，未触发引进落户或并列拆分规则，pau_std按O+A格式标准化
TA_019,track_a,,二、加快完善枢纽规划布局,枢纽规划布局,枢纽规划布局,,20,保留加快于M，完善维持direction型A不作拆分；pau_std沿用O核心词块，遵循方向性动词在PAU中默认省略的惯例。
TA_020,track_a,,三、加快推进基础设施建设,基础设施建设,基础设施建设,,20,保守保留原M修饰词与A/O结构，未触发拆分或改写规则；pau维持O+A标准形式。
TA_021,track_a,,四、积极培育多元经营主体,多元经营主体,多元经营主体,,20,未触发引进落户或并列拆分规则；保守保留原方向性动作与修饰词，维持原组件结构。
TA_022,track_a,,五、大力拓展增量市场业务,增量市场业务,增量市场业务拓展,,20,保留原components结构，pau按O+A惯例标准化为增量市场业务拓展；未触发引进落户或并列拆分规则，保守处理。
TA_023,track_a,,六、扎实做好货物运输保障,货物运输保障,货物运输保障,,20,维持原方向性动词与修饰词结构，未触发引进/落户或并列拆分规则，保守保留原貌。
TA_024,track_a,,七、提升枢纽智慧绿色水平,枢纽智慧绿色水平,枢纽智慧绿色水平,,20,未触发特殊规则，方向性动作与对象边界清晰，保守保留原结构。
TA_025,track_a,,八、继续做好航空资源保障,航空资源保障,航空资源保障,,20,保守保留原结构，未触发引进/落户或并列动作规则，方向性动词与修饰词维持现状。
TA_026,track_a,,九、全面改善枢纽运营环境,枢纽运营环境,枢纽运营环境,,20,未触发引进/落户或并列拆分规则，结构已符合规范，保守保留原components与pau_final。
TB_001,track_b,,（一）提升货运设施保障能力 > 1.加强基础设施建设,机场货运区工程建设,机场货运区工程建设,,20,原结构已符合规范，未触发引进/落户或并列动作规则，保守保留原样
TB_002,track_b,,（一）提升货运设施保障能力 > 1.加强基础设施建设,国际快件与跨境电商处理中心建设,国际快件与跨境电商处理中心建设,,20,保守保留原结构，未触发引进/落户或并列拆分规则，业务词块与修饰关系维持现状。
TB_003,track_b,,（一）提升货运设施保障能力 > 1.加强基础设施建设,国际货邮综合核心口岸建设,国际货邮综合核心口岸建设,,20,保持原components结构，未触发引进/落户或并列动作规则，pau与scope+O+A顺序一致，无需调整。
TB_004,track_b,,（一）提升货运设施保障能力 > 1.加强基础设施建设,货运集疏运体系,货运集疏运体系,,20,结构已稳定，A_type为direction故pau_std保留核心对象O，未做改动。
TB_005,track_b,,（一）提升货运设施保障能力 > 1.加强基础设施建设,异地货站基础设施建设,异地货站基础设施建设,,20,未触发拆分或引进落户规则，保守保留原components与pau结构。
TB_006,track_b,,（一）提升货运设施保障能力 > 2.提升装备专业化水平,货站设施及指定监管场地,货站设施及指定监管场地完善,,20,保守保留原方向性动作与对象结构，未触发引进落户或并列拆分规则。
TB_007,track_b,,（一）提升货运设施保障能力 > 2.提升装备专业化水平,口岸检疫查验设施设备,口岸检疫查验设施设备投入,,20,显式提取口岸至S_scope；保留原动作投入不作替换；pau对齐叶节点完整表述
TB_008,track_b,,（二）构建全球航空货运网络 > 1.打造精品航线网络,洲际货运航线,洲际货运航线,,20,保守保留原结构，未触发引进/落户或并列拆分规则，动作与对象边界清晰
TB_009,track_b,,（二）构建全球航空货运网络 > 1.打造精品航线网络,亚洲货运航线,亚洲及一带一路货运航线,,20,根据leaf_name补全遗漏的'一带一路'至S_scope；同步修正pau_std_v10以完整覆盖原文范围。
TB_010,track_b,,（二）构建全球航空货运网络 > 1.打造精品航线网络,国际腹舱货运业务,国际腹舱货运业务,,20,未触发引进落户或并列拆分规则，保守保留原components结构与pau_final表述。
TB_011,track_b,,（二）构建全球航空货运网络 > 2.提升中转联运功能,海外货站建设运营,海外货站建设运营,,20,将A字段由'建设'恢复为'建设运营'，遵循并列动作默认不拆分规则，完整还原原文语义。
TB_012,track_b,,（二）构建全球航空货运网络 > 2.提升中转联运功能,空空中转业务,空空中转业务,,20,保持原结构，A_type为direction符合规范，O保留稳定业务词块'空空中转'，未做拆分。
TB_013,track_b,,（二）构建全球航空货运网络 > 2.提升中转联运功能,卡车航班网络,卡车航班网络,,20,未触发引进/落户及并列拆分规则；组件结构清晰，保守保持原样。
TB_014,track_b,,（二）构建全球航空货运网络 > 2.提升中转联运功能,空地联运网络,空地联运网络,,20,未触发拆分或引进落户规则；保持原components结构，pau_std沿用空地联运网络以符合领域惯例。
TB_015,track_b,,（二）构建全球航空货运网络 > 2.提升中转联运功能,空铁联运新模式,空铁联运新模式,,20,保守保留原components结构；pau_std贴近原pau_final标准化；未触发引进/落户或并列动作规则。
TB_016,track_b,,（二）构建全球航空货运网络 > 3.强化行业资源供给,空域精细化管理,空域精细化管理,,20,原结构与语义已清晰稳定，未触发拆分或合并规则，保持原样。
TB_017,track_b,,（二）构建全球航空货运网络 > 3.强化行业资源供给,货运航班时刻容量供给,货运航班时刻容量供给,,20,未触发引进/落户、MVP并列或默认不拆规则；保守保留原动作与对象划分，维持现状。
TB_018,track_b,,（二）构建全球航空货运网络 > 3.强化行业资源供给,国际货运航权与第五航权,国际货运航权与第五航权,,20,未触发引进落户或并列动作拆分规则，保守保留原A、O与S_type映射关系，pau维持原表述。
TB_019,track_b,,（三）增强市场培育组织能力 > 1.提升运力供给水平,骨干航空公司运力引进,骨干航空公司运力引进,,20,未触发引进/落户合并或并列动作拆分规则，保守保留原O+A结构与语序。
TB_020,track_b,,（三）增强市场培育组织能力 > 1.提升运力供给水平,基地货运航空公司机队,基地货运航空公司机队,,20,原结构已符合规范，扩大为方向性动作且对象明确，保守保留原components与pau。
TB_021,track_b,,（三）增强市场培育组织能力 > 1.提升运力供给水平,中转集拼业务,中转集拼业务,,20,保守保留原components结构，方向性动作'拓展'按规范不纳入pau_std，聚焦核心业务对象。
TB_022,track_b,,（三）增强市场培育组织能力 > 1.提升运力供给水平,包机虚拟承运人运营,包机虚拟承运人运营,,20,未触发引进落户或并列拆分规则，原结构已清晰稳定，保守保留原components与pau_final。
TB_023,track_b,,（三）增强市场培育组织能力 > 1.提升运力供给水平,货运航空公司资本合作,货运航空公司资本合作,,20,未触发引进落户或并列拆分规则，保守保留原抽取组件与短语
TB_024,track_b,,（三）增强市场培育组织能力 > 2.培育物流龙头企业,全球航空货运代理企业与电商头部企业引进落户,全球航空货运代理企业与电商头部企业引进,,20,"依据引进/落户规则，移除O字段中的'落户'，仅保留'引进'作为核心动作 | applied intro-settlement rule: keep 引进, drop 落户 from canonical output"
TB_025,track_b,,（三）增强市场培育组织能力 > 2.培育物流龙头企业,国际航空物流供应链综合集成能力,国际航空物流供应链综合集成能力,,20,未触发特殊规则，保持原components与pau_final结构
TB_026,track_b,,（三）增强市场培育组织能力 > 2.培育物流龙头企业,龙头企业参与货站与物流园区建设运营,龙头企业参与货站与物流园区建设运营,,20,保持原组件结构，建设运营按强规则3作为稳定业务词块保留不拆分，参与作为实质性动作保留。
TB_027,track_b,,（三）增强市场培育组织能力 > 3.提升货源组织能力,航空物流供需服务对接机制,航空物流供需服务对接机制,,20,结构已符合规范，与同类机制节点保持一致，未做改动。
TB_028,track_b,,（三）增强市场培育组织能力 > 3.提升货源组织能力,异地货站建设与货站功能前置,异地货站建设与货站功能前置,异地货站,20,保留稳定业务词块'异地货站'；维持原'建设'动作与复合对象结构，未做机械拆分。
TB_029,track_b,,（三）增强市场培育组织能力 > 4.推进临空经济发展,临空经济示范区建设,临空经济示范区建设,示范,20,结构已稳定，保留示范 guard 标签，未做拆分或改写
TB_030,track_b,,（三）增强市场培育组织能力 > 4.推进临空经济发展,国际分拨中心与进口贸易中心建设,国际分拨中心与进口贸易中心建设,,20,当前节点结构已符合规范，未触发引进落户或并列动作拆分规则，保守保留原建设动作与对象表述
TB_031,track_b,,（三）增强市场培育组织能力 > 4.推进临空经济发展,临空物流产业园建设,临空物流产业园规划建设,,20,依据规则3，恢复遗漏的'规划'并与'建设'合并为复合动作，保持默认不拆
TB_032,track_b,,（四）提高物流服务保障效率 > 1.强化服务保障能力,货运设施空侧陆侧运输流线,优化货运设施空侧陆侧运输流线,,20,未触发特殊规则，保守保留原组件与PAU表述。
TB_033,track_b,,（四）提高物流服务保障效率 > 1.强化服务保障能力,跨境电商产业园区与货站一体监管空侧直连,跨境电商产业园区与货站一体监管空侧直连,,20,保持原动作与宾语结构，未触发拆分或合并规则，业务词块完整保留。
TB_034,track_b,,（四）提高物流服务保障效率 > 1.强化服务保障能力,货站专业化服务水平,货站专业化服务水平,,20,原结构已符合规范，方向动词与对象划分清晰，保守保留。
TB_035,track_b,,（四）提高物流服务保障效率 > 2.优化简化安检流程,托运人白名单信用管理制度,托运人白名单信用管理制度,,20,维持原建立动作与制度宾语结构，未触发引进落户或并列拆分规则
TB_036,track_b,,（四）提高物流服务保障效率 > 2.优化简化安检流程,异地货站一次安检机制,实行异地货站一次安检机制,异地货站|一次安检,20,保守保留原动作与宾语结构；标记稳定业务词块“异地货站”“一次安检”防误拆；未触发其他标准化规则。
TB_037,track_b,,（四）提高物流服务保障效率 > 2.优化简化安检流程,跨境电商货物便利化运输,跨境电商货物便利化运输,,20,未触发引进/落户及并列拆分规则，保守保留原动作开展与对象结构，边界清晰无误伤风险。
TB_038,track_b,,（四）提高物流服务保障效率 > 2.优化简化安检流程,特货敏货便利化运输准入机制,特货敏货便利化运输准入机制,,20,未触发特殊标准化规则，保守保留原组件与pau结构
TB_039,track_b,,（四）提高物流服务保障效率 > 3.提升口岸通关效率,7×24小时无障碍预约通关,7×24小时无障碍预约通关,,20,原结构已符合规范，动作与对象边界清晰，未触发特殊标准化规则，保守保留。
TB_040,track_b,,（四）提高物流服务保障效率 > 3.提升口岸通关效率,通关绿色通道,通关绿色通道,,20,保持原状，未触发特殊标准化规则，组件结构与pau_final已符合规范。
TB_041,track_b,,（四）提高物流服务保障效率 > 3.提升口岸通关效率,卡车航班与机坪直提模式,卡车航班与机坪直提模式,,20,结构已符合规范，未触发拆分或合并规则，保守保留原组件与短语。
TB_042,track_b,,（四）提高物流服务保障效率 > 3.提升口岸通关效率,通关查验便利化措施,通关查验便利化措施,,20,原结构已符合规范，实施与措施搭配合理，保守保留原样。
TB_043,track_b,,（四）提高物流服务保障效率 > 4.推进智慧物流建设,航空物流数据互联共享,航空物流数据互联共享,,20,保持原结构，方向性动词'推动'与宾语'航空物流数据互联共享'未作拆分，pau直接沿用O。
TB_044,track_b,,（四）提高物流服务保障效率 > 4.推进智慧物流建设,航空电子运单操作流程,航空电子运单操作流程推广,,20,原结构已规范，保留推广动作与操作流程对象，未作拆分或改写
TB_045,track_b,,（四）提高物流服务保障效率 > 4.推进智慧物流建设,高附加值货物全流程追踪服务体系,高附加值货物全流程追踪服务体系,,20,补全O字段缺失的限定词以对齐leaf_name与pau_final；保留原动词构建，未触发并列拆分或引进落户规则。
TB_046,track_b,,（四）提高物流服务保障效率 > 4.推进智慧物流建设,航空物流公共服务平台建设,航空物流公共服务平台建设,,20,无变更，原结构已符合标准规范，保守保留
TB_047,track_b,,（四）提高物流服务保障效率 > 4.推进智慧物流建设,智能审图AI技术应用,智能审图AI技术应用,,20,保持原结构，动作与对象边界清晰，符合领域表达习惯，无需调整。
TB_048,track_b,,二、加快完善枢纽规划布局,国际航空枢纽战略规划修编,国际航空枢纽战略规划修编,,20,原结构已符合规范，保留原动作与对象划分，未做改动。
TB_049,track_b,,二、加快完善枢纽规划布局,机场总体规划与货站布局规划,机场总体规划与货站布局规划,,20,保守保留原components结构；pau_std对齐方向性动词省略惯例，未做实质改动。
TB_050,track_b,,三、加快推进基础设施建设,智能货站与集中查验中心建设,智能货站与集中查验中心建设,,20,保持原结构，未触发拆分或合并规则，动作与对象边界清晰。
TB_051,track_b,,三、加快推进基础设施建设,快件与跨境电商货物处理中心建设,快件与跨境电商货物处理中心建设,,20,保持原components结构；O与S_focus语义重叠属领域常规表达，未作删减；pau_std按O+A格式固化。
TB_052,track_b,,三、加快推进基础设施建设,亚太一站式航空物流中心建设,亚太一站式航空物流中心建设,,20,原结构已符合标准范式，未作改动
TB_053,track_b,,三、加快推进基础设施建设,机场跑道开放使用,机场跑道开放使用,,20,保持推动(direction)与O结构一致，pau按方向类规则取O作为标准表述，未触发拆分或改写。
TB_054,track_b,,三、加快推进基础设施建设,机场地区综合交通规划与对外道路通道建设,机场地区综合交通规划与对外道路通道建设,,20,原结构已符合标准范式，未作拆分或改写
TB_055,track_b,,三、加快推进基础设施建设,货运机队与运力投放,货运机队与运力投放,,20,未触发引进/落户及MVP并列规则；保守保留方向性动词与复合宾语结构，维持原components与pau_final映射。
TB_056,track_b,,四、积极培育多元经营主体,经营主体总部或分拨中心落户,经营主体总部或分拨中心落户,,20,未触发引进/落户合并规则；保持原动作词与对象结构，保守输出。
TB_057,track_b,,四、积极培育多元经营主体,前置仓与集货仓布局建设,前置仓与集货仓建设,,20,未触发引进/落户及MVP并列规则；保持原组件结构，按领域惯例将布局建设收敛为核心动宾结构，未做机械拆分。
TB_058,track_b,,四、积极培育多元经营主体,海外货站布局建设,海外货站建设,,20,保留原components结构；pau标准化为'海外货站建设'以对齐核心动作A，'布局'视为规划修饰语不作并列拆分。
TB_059,track_b,,五、大力拓展增量市场业务,空空中转模式,空空中转模式打造,,20,对齐track_b命名惯例补全动作后缀；确认空空中转为稳定业务词块不作拆分
TB_060,track_b,,五、大力拓展增量市场业务,货运中转产品开发,货运中转产品开发,,20,原组件结构已符合规范，保守保留原样
TB_061,track_b,,五、大力拓展增量市场业务,多式联运业务,多式联运业务,,20,保持原样，方向性动作与业务对象划分清晰，符合当前track规范
TB_062,track_b,,五、大力拓展增量市场业务,空铁一体化规划建设,空铁一体化规划建设,,20,依据规则3，恢复'规划建设'为完整A字段，不机械拆分；O字段同步精简为'空铁一体化'。
TB_063,track_b,,六、扎实做好货物运输保障,高附加值产品运输保障,高附加值产品运输保障,,20,保守保留原components与pau_final结构，未触发引进/落户或并列动作拆分规则
TB_064,track_b,,六、扎实做好货物运输保障,跨境电商货物运输保障,跨境电商货物运输保障,,20,保持原components结构，A与O搭配符合政策文本常见表述，未触发拆分或改写规则。
TB_065,track_b,,六、扎实做好货物运输保障,跨境电商专属平台建设,跨境电商专属平台建设,,20,原结构已符合规范，未触发拆分或合并规则；pau_std按S_focus+O+A保守生成
TB_066,track_b,,六、扎实做好货物运输保障,跨境电商专属运输机队组建,跨境电商专属运输机队组建,,20,原结构已符合规范，动作与对象搭配合理，保守保留原样
TB_067,track_b,,六、扎实做好货物运输保障,跨境电商专属航线航班开设,跨境电商专属航线航班开设,,20,未触发强制标准化规则，保守保留原组件结构与表述。
TB_068,track_b,,六、扎实做好货物运输保障,跨境电商货物便利化运输试点,跨境电商货物便利化运输试点,试点,20,保留推进为direction；试点已规范至S_stage；结构稳定未做拆分
TB_069,track_b,,六、扎实做好货物运输保障,跨境电商货物便利化收运数字管理平台建设,跨境电商货物便利化收运数字管理平台建设,,20,原组件结构已符合规范，保留原PAU表述，未触发拆分或合并规则
TB_070,track_b,,七、提升枢纽智慧绿色水平,单一窗口航空物流公共信息平台建设,单一窗口航空物流公共信息平台建设,,20,原结构已符合标准范式，动作与客体边界清晰，保守保留
TB_071,track_b,,七、提升枢纽智慧绿色水平,空运通平台功能,空运通平台功能完善,,20,保持原components结构；pau_std恢复标题完整语义，补充动作词'完善'。
TB_072,track_b,,七、提升枢纽智慧绿色水平,货站设施智慧化改造,货站设施智慧化改造,,20,清理O字段冗余动作词，统一为名词性宾语结构；pau_std保留完整业务表述
TB_073,track_b,,七、提升枢纽智慧绿色水平,国际专业保障基础设施建设,国际专业保障基础设施建设,,20,结构已符合规范，A/O边界清晰，scope与O拼接逻辑一致，保守保留原样。
TB_074,track_b,,七、提升枢纽智慧绿色水平,航空货物安检新技术研发与应用,航空货物安检新技术研发应用,,20,依据默认不拆分规则，将原抽取遗漏的并列动作'应用'补入，统一合并为'研发应用'。
TB_075,track_b,,七、提升枢纽智慧绿色水平,场内特种车辆新能源替代,场内特种车辆新能源替代,,20,未触发引进/落户、并列拆分或边界保护规则，保守保留原组件与PAU结构
TB_076,track_b,,八、继续做好航空资源保障,远程航线航权与稀缺航权资源配置,远程航线航权与稀缺航权资源配置,,20,保持原结构，未触发拆分或合并规则，动作与对象边界清晰。
TB_077,track_b,,八、继续做好航空资源保障,日间货邮航班时刻供给,日间货邮航班时刻供给,,20,原结构已清晰，动作与对象边界明确，保守保留原样。
TB_078,track_b,,八、继续做好航空资源保障,航班审批流程,航班审批流程,,20,方向型动作与客体拆分已稳定，未触发特殊规则，维持保守输出
TB_079,track_b,,九、全面改善枢纽运营环境,智慧海关大数据平台建设,智慧海关大数据平台建设,,20,原结构已符合规范，未触发拆分或改写规则，保守保留原动作与对象。
TB_080,track_b,,九、全面改善枢纽运营环境,国际转运货物海关监管模式创新,国际转运货物海关监管模式创新,,20,原组件与短语结构完整，未触发引进落户或并列拆分规则，保守保留原表述。
TB_081,track_b,,九、全面改善枢纽运营环境,航空口岸进出口货物通关时间,航空口岸进出口货物通关时间压缩,,20,未触发引进/落户或并列拆分规则，保守保留原动作与对象划分及pau_final表述。
TB_082,track_b,,九、全面改善枢纽运营环境,航空货运管制代理人制度,航空货运管制代理人制度,,20,保守保留原实施动作与制度对象，未触发引进落户或并列拆分规则
TB_083,track_b,,九、全面改善枢纽运营环境,专业型航空前置货站建设,专业型航空前置货站建设,,20,保持原样，结构与领域表述已符合规范，无需调整。
TB_084,track_b,,九、全面改善枢纽运营环境,试点货物地面驳运安保,试点货物地面驳运安保,试点,20,保守保留原组件结构；试点作为guard词显式保留于S_stage；未触发拆分或改写规则。
TC_001,track_c,monetary,SUBSIDY,客舱内装货改装项目补助,客舱内装货改装项目补助,,20,原结构已清晰，客改货作为S_type保留，O与A无冗余冲突，保守维持原样
TC_002,track_c,monetary,SUBSIDY,国际不载客货运航班奖励,国际不载客货运航班奖励,,20,未触发引进/落户或并列拆分规则，保留原组件划分与表述，边界清晰。
TC_003,track_c,monetary,SUBSIDY,国际新开全货机定期航线奖励,国际新开全货机定期航线奖励,新开,20,保留新开guard词与全货机定期航线稳定业务词块；pau按scope-stage-type-action顺序固化，未作拆分。
TC_004,track_c,monetary,SUBSIDY,国际加密全货机定期航线奖励,国际加密全货机定期航线奖励,加密,20,保留加密作为S_stage guard词；组件结构与参考节点TC_006一致，维持原状未做改写。
TC_005,track_c,monetary,SUBSIDY,国内新开全货机定期航线奖励,国内新开全货机定期航线奖励,新开,20,结构已符合领域规范，新开为强guard词已保留，未做拆分或改写
TC_006,track_c,monetary,SUBSIDY,国内加密全货机定期航线奖励,国内加密全货机定期航线奖励,加密,20,保留guard词'加密'；组件结构已对齐参照系，维持原状。
TC_007,track_c,monetary,SUBSIDY,国际存量全货机定期航线稳定运行奖励,国际存量全货机定期航线稳定运行奖励,存量,20,保守保留存量阶段标识与稳定运行业务词块；pau按作用域-阶段-类型顺序重组，未触发拆分规则。
TC_008,track_c,monetary,SUBSIDY,战略性国际全货机定期航线专项奖励,战略性国际全货机定期航线专项奖励,战略性,20,从leaf_name提取'战略性'补入S_focus；保留'专项'于O字段；未触发引进/落户规则。
TC_009,track_c,monetary,SUBSIDY,航空公司国内进出港货物增量奖励,航空公司国内进出港货物增量奖励,,20,移除O字段中与S_scope重复的'国内'，统一为'进出港货物增量奖励'；pau_std按标准语序重组。
TC_010,track_c,monetary,SUBSIDY,国际空空中转货物奖励,国际空空中转货物奖励,,20,确认空空中转为稳定业务词块不作拆分；S_scope与S_type已准确覆盖国际与空空维度，维持原组件结构。
TC_011,track_c,monetary,SUBSIDY,国际跨航司跨货站快速中转处置奖励,国际跨航司跨货站快速中转处置奖励,,20,恢复O字段中省略的'跨航司跨货站'业务修饰语以对齐完整语义；未触发引进/落户或MVP并列规则，保守维持原组件结构。
TC_012,track_c,monetary,SUBSIDY,货代企业国际进出港货量奖励,货代企业国际进出港货量奖励,,20,保守保留原components结构；O字段奖励后缀与同track节点保持一致，未做拆分或改写。
TC_013,track_c,monetary,SUBSIDY,货代企业域外空地联运集货奖励,货代企业域外空地联运集货奖励,,20,保持原组件结构；未触发引进/落户或并列拆分规则；保守保留域外范围与空地联运类型。
TC_014,track_c,monetary,SUBSIDY,进境指定监管场地特殊货物进口奖励,进境指定监管场地特殊货物进口奖励,,20,保留原组件映射结构；pau_std直接沿用pau_final标准表述；未触发引进/落户及MVP并列规则，保守输出。
TC_015,track_c,monetary,SUBSIDY,全货机国际包机奖励,全货机国际包机奖励,,20,保守保留原组件划分与O字段表述，未触发引进/落户或并列拆分规则。
TC_016,track_c,monetary,SUBSIDY,基地货运航空公司落户一次性奖励,基地货运航空公司落户一次性奖励,,20,保留独立工具表达“落户奖励”；未触发引进/落户合并规则；维持原components结构。
TC_017,track_c,non_monetary,SUBSIDY,基地货运航空公司配套建设供地保障,基地货运航空公司配套建设供地保障,,20,剥离O字段末尾与A重复的'保障'以符合MAO结构规范；保留'配套建设'作为供地对象定语，未做动作拆分。
TC_018,track_c,monetary,SUBSIDY,基地货运航空公司经营贡献奖励,基地货运航空公司经营贡献奖励,,20,保持原结构；未触发引进/落户或并列拆分规则；实体与条件词块已符合领域默认表达。
TC_019,track_c,monetary,SUBSIDY,国际航空货运转运分拨中心落户一次性奖励,国际航空货运转运分拨中心落户一次性奖励,,20,触发落户奖励独立表达例外予以保留；维持转运分拨中心稳定业务词块；一次性修饰语按原样保留于pau。
TC_020,track_c,non_monetary,SUBSIDY,国际航空货运转运分拨中心供地保障,国际航空货运转运分拨中心供地保障,转运分拨中心,20,保守保留原组件结构，确认供地保障为政策固定表述；显式标记稳定业务词块以防误拆。
TC_021,track_c,monetary,SUBSIDY,国际航空货运转运分拨中心经营贡献奖励,国际航空货运转运分拨中心经营贡献奖励,,20,保守保留原components结构；确认转运分拨中心为稳定业务词块未拆分；pau_std与leaf_name对齐。
TC_022,track_c,monetary,SUBSIDY,转运分拨中心年度处理货量奖励,转运分拨中心年度处理货量奖励,,20,保持原结构，未触发拆分或改写规则；保留稳定业务词块“转运分拨中心”。
TC_023,track_c,monetary,SUBSIDY,国际货物操作处置费用补贴,国际货物操作处置费用补贴,,20,结构已稳定，未触发引进/落户或并列拆分规则，保守保留原划分。
TC_024,track_c,monetary,SUBSIDY,口岸一体化营运费用减免,口岸一体化营运费用减免,,20,保持原结构，确认'口岸一体化营运费用'为稳定业务词块，未触发拆分或改写规则。
TC_025,track_c,monetary,SUBSIDY,亚洲新开全货机定期航线补贴,亚洲新开全货机定期航线补贴,新开,20,原组件结构已符合规范，保留新开guard词，pau与组件对齐无变更。
TC_026,track_c,monetary,SUBSIDY,港澳台新开全货机定期航线补贴,港澳台新开全货机定期航线补贴,新开,20,原结构已符合标准范式，未做拆分或改写；显式保留新开guard词。
TC_027,track_c,monetary,SUBSIDY,洲际新开全货机定期航线补贴,洲际新开全货机定期航线补贴,新开,20,保持原组件结构，未触发拆分或改写规则；显式保留新开 guard 标签。
TC_028,track_c,monetary,SUBSIDY,亚洲全货机非定期航线补贴,亚洲全货机非定期航线补贴,,20,保守保留原结构；将S_type中“不定期”对齐leaf_name统一为“非定期”，未触发其他拆分或合并规则。
TC_029,track_c,monetary,SUBSIDY,洲际全货机非定期航线补贴,洲际全货机非定期航线补贴,,20,结构已对齐参考节点范式，无冗余或边界冲突，保持原样。
TC_030,track_c,monetary,SUBSIDY,重点国家全货机定期航线额外补贴,重点国家全货机定期航线额外补贴,,20,将隐含的'重点国家'提取至S_scope；O保留'额外补贴'表述以维持政策原意
TC_031,track_c,monetary,SUBSIDY,货代过境集拼奖励,货代过境集拼奖励,,20,清理O字段中与A字段重复的奖励后缀，统一核心对象表述；保留过境与集拼的scope/focus划分。
TC_032,track_c,monetary,SUBSIDY,货代出境集货奖励,货代出境集货奖励,,20,保持原组件结构，出境集货奖励表述清晰且符合领域惯例，未触发拆分或合并规则。
TC_033,track_c,monetary,MIXED,第五航权全货机定期航班补贴,第五航权全货机定期航班补贴,,20,未触发强规则，保守保留原字段划分与词块，结构已符合规范。
TC_034,track_c,monetary,MIXED,跨境存量全货机定期航线补贴,跨境存量全货机定期航线补贴,存量,20,结构已对齐参照组，保留存量guard词，未触发拆分或改写规则。
TC_035,track_c,monetary,SUBSIDY,国际新开货运航线航班奖励,国际新开货运航线航班奖励,新开,20,保守保留新开作为S_stage，未触发引进/落户或并列拆分规则，维持原组件与pau结构。
TC_036,track_c,monetary,SUBSIDY,国内新开货运航线航班奖励,国内新开货运航线航班奖励,新开,20,保留新开 guard 词；组件结构与领域默认一致，未做拆分或改写。
TC_037,track_c,monetary,SUBSIDY,航空货运市场开拓奖励,航空货运市场开拓奖励,,20,保持原components结构，pau_std直接对齐pau_final完整表述，未触发引进落户或并列动作规则
TC_038,track_c,monetary,SUBSIDY,洲际直飞定期货运航班奖励,洲际直飞定期货运航班奖励,,20,未触发引进/落户或并列拆分规则；直达与直飞属同义映射，维持原组件结构以保证保守性。
TC_039,track_c,monetary,SUBSIDY,亚洲直飞定期货运航班奖励,亚洲直飞定期货运航班奖励,,20,原组件与pau_final已高度对齐，结构稳定，本次仅做保守保留未作改动
TC_040,track_c,monetary,SUBSIDY,国内直飞定期货运航班奖励,国内直飞定期货运航班奖励,,20,将S_type中的直达统一为直飞以对齐原文表述；保留O字段原貌避免过度清洗；pau_std与pau_final一致。
TC_041,track_c,monetary,SUBSIDY,国际经停货运航班奖励,国际经停货运航班奖励,,20,保持原组件结构，确认作用域与类型词序符合领域惯例，未触发拆分或合并规则。
TC_042,track_c,monetary,SUBSIDY,航空货运市场开拓吞吐量奖励,航空货运市场开拓吞吐量前三名奖励,,20,恢复O字段中省略的'航空'、'吞吐量'及'前三名'关键限定词，对齐leaf_name完整表述；未触发引进/落户或并列拆分规则。
